
INSERT INTO `patient` (`id_patient`, `NomComplet`, `DATE_naissance`, `sexe`, `langue`, `hospitalise`) VALUES
(1, 'Jean Dupont', '1980-05-12', 'M', 'Français', 'N'),
(2, 'Marie Curie', '1990-11-23', 'F', 'Français', 'O'),
(3, 'Ahmed Benali', '1975-07-22', 'M', 'Arabe', 'N'),
(4, 'Lucie Martin', '2002-03-15', 'F', 'Français', 'O'),
(5, 'Carlos Gomez', '1988-09-10', 'M', 'Espagnol', 'N'),
(6, 'Lia Fischer Stöckli', '1952-01-25', 'F', 'Tchèque', 'N'),
(7, 'Rachit Prakash', '1963-01-10', 'M', 'Arabe', 'O'),
(8, 'Lohit Samra', '1983-04-12', 'M', 'Français', 'O'),
(9, 'Nina Gasser', '2010-01-22', 'F', 'Anglais', 'N'),
(10, 'Darren Clark MD', '1964-03-12', 'M', 'Somali', 'O'),
(11, 'Mercedes Edwards', '2004-08-20', 'F', 'Italien', 'N'),
(12, 'Lindsay Hill', '2002-01-27', 'F', 'Russe', 'N'),
(13, 'Elmo Cuzzocrea', '2009-09-19', 'M', 'Tchèque', 'N'),
(14, 'Stéphanie Rossellat', '1973-01-12', 'F', 'Anglais', 'N'),
(15, 'Sig. Bernardo Zamengo', '1977-12-26', 'M', 'Russe', 'O'),
(16, 'Lisa Boito', '1973-10-14', 'F', 'Français', 'O'),
(17, 'Arthur Beguin', '2008-11-24', 'M', 'Allemand', 'N'),
(18, 'Nicole Kern-Jenni', '1964-04-19', 'M', 'Malayalam', 'O'),
(19, 'Dhriti Lalla', '1983-11-21', 'F', 'Arabe', 'O'),
(20, 'Corrado Fittipaldi', '1956-09-10', 'M', 'Espagnol', 'O'),
(21, 'Robert Mottiez', '1978-02-07', 'M', 'Italien', 'N'),
(22, 'Denise Cisneros', '1947-10-07', 'F', 'Allemand', 'O'),
(23, 'Suzanne Béguelin', '2011-11-01', 'F', 'Français', 'N'),
(24, 'Jagrati Radhakrishnan', '1999-11-17', 'F', 'Espagnol', 'N'),
(25, 'Carlos Morales', '1970-08-18', 'M', 'Français', 'O'),
(26, 'Sandra Hughes', '1990-05-02', 'F', 'Allemand', 'N'),
(27, 'Angela Hughes', '1974-10-05', 'F', 'Italien', 'N'),
(28, 'Miss Shannon Smith', '1967-09-22', 'F', 'Somali', 'O'),
(29, 'Damien Hoffmann', '1973-07-14', 'F', 'Malayalam', 'O'),
(30, 'Tiziana Benz-Eichenberger', '1961-05-07', 'M', 'Anglais', 'N'),
(31, 'Marcelle Christen', '1999-04-10', 'F', 'Tchèque', 'N'),
(32, 'Suzanne Grojean', '1972-01-20', 'F', 'Français', 'N'),
(33, 'Gianfrancesco Pugliese-Benedetti', '1986-04-06', 'M', 'Allemand', 'N'),
(34, 'Marcel Menthonnex', '1978-02-26', 'M', 'Malayalam', 'O'),
(35, 'Emilie Charpié', '1960-11-22', 'F', 'Allemand', 'N'),
(36, 'Stephen Santos', '2013-06-11', 'M', 'Somali', 'N'),
(37, 'Dafina Frei', '1999-11-01', 'M', 'Espagnol', 'N'),
(38, 'Baghyawati Keer', '1946-04-08', 'F', 'Tchèque', 'O'),
(39, 'Costanzo Busoni', '1996-05-14', 'M', 'Malayalam', 'N'),
(40, 'Edward Rodriguez', '1962-06-04', 'M', 'Russe', 'N'),
(41, 'Troy Carter', '1990-08-13', 'M', 'Somali', 'O'),
(42, 'Barry White', '1984-01-21', 'M', 'Tchèque', 'N'),
(43, 'Marianne Jacot-Descombes-Bonvini', '1979-02-07', 'F', 'Tchèque', 'N'),
(44, 'Paul Mottiez', '1978-07-02', 'M', 'Malayalam', 'O'),
(45, 'Baljiwan Gupta', '2007-11-13', 'M', 'Allemand', 'N'),
(46, 'Maya Pandya', '1953-10-03', 'F', 'Allemand', 'O'),
(47, 'Emilio Ferrari', '1972-02-11', 'M', 'Russe', 'O'),
(48, 'Samantha Coleman', '1997-05-27', 'F', 'Français', 'O'),
(49, 'Nitesh Pillay', '1987-02-16', 'M', 'Français', 'N'),
(50, 'Melissa Fields', '2009-09-08', 'F', 'Arabe', 'N'),
(51, 'Dawn Roach', '1949-04-24', 'F', 'Somali', 'O'),
(52, 'Randy Dawson', '1982-03-04', 'M', 'Russe', 'N'),
(53, 'Akshay Saha', '2006-09-25', 'M', 'Arabe', 'N'),
(54, 'Christy Tucker', '1950-03-08', 'F', 'Somali', 'N'),
(55, 'Giada Jost-Albrecht', '1974-07-20', 'M', 'Somali', 'N'),
(56, 'Benjamin Kapur', '1971-07-26', 'M', 'Arabe', 'N'),
(57, 'Sig. Benedetto Badoer', '1968-11-14', 'M', 'Somali', 'N'),
(58, 'Alexandra Lee', '2003-05-15', 'F', 'Anglais', 'N'),
(59, 'Ishanvi Nazareth', '1986-01-21', 'F', 'Somali', 'O'),
(60, 'Pasqual Mazzeo', '1952-01-09', 'M', 'Allemand', 'O'),
(61, 'John Thompson', '1988-04-10', 'M', 'Somali', 'N'),
(62, 'Guillaume Chatriant', '1985-12-28', 'M', 'Espagnol', 'O'),
(63, 'Monique Müller', '1975-04-14', 'F', 'Italien', 'N'),
(64, 'Hanna Ott', '1994-08-13', 'M', 'Anglais', 'O'),
(65, 'Tammy Pearson', '1946-01-11', 'F', 'Allemand', 'O'),
(66, 'Mauro Jenni', '2004-08-16', 'F', 'Espagnol', 'N'),
(67, 'Irene Blaser', '1954-11-19', 'F', 'Arabe', 'O'),
(68, 'Lauren White', '1958-01-13', 'F', 'Malayalam', 'O'),
(69, 'Arthur Blanc', '1997-07-13', 'M', 'Russe', 'N'),
(70, 'Kayla Mack', '1974-12-05', 'F', 'Arabe', 'O'),
(71, 'Jack Bahl', '1981-08-30', 'M', 'Arabe', 'N'),
(72, 'Jonathan Hebert', '1989-09-18', 'M', 'Italien', 'N'),
(73, 'Sig. Bruno Fracci', '1954-07-16', 'M', 'Tchèque', 'O'),
(74, 'Unnati Palan', '1971-10-30', 'F', 'Russe', 'N'),
(75, 'Frank Walder', '1952-04-22', 'F', 'Français', 'O'),
(76, 'Prof. Ron Merz', '1945-09-10', 'F', 'Russe', 'O'),
(77, 'Jeremy Oconnell', '2004-06-29', 'M', 'Somali', 'N'),
(78, 'Anna Martin', '1995-09-28', 'F', 'Italien', 'O'),
(79, 'Massimiliano Saraceno-Gianinazzi', '1947-06-11', 'M', 'Arabe', 'N'),
(80, 'Paulina Frick-Jäggi', '1961-07-18', 'M', 'Somali', 'O'),
(81, 'Véronique Morard', '1948-09-17', 'F', 'Français', 'N'),
(82, 'Mirjam Steiger', '1980-05-27', 'F', 'Allemand', 'O'),
(83, 'Utkarsh Thakkar', '1996-08-21', 'M', 'Arabe', 'O'),
(84, 'Gianpaolo Balbo', '1950-03-27', 'M', 'Malayalam', 'N'),
(85, 'Carlo Stauffer', '2006-10-06', 'M', 'Italien', 'N'),
(86, 'Didier Grob', '1998-08-04', 'F', 'Somali', 'N'),
(87, 'Loïc Cossy', '1947-02-21', 'M', 'Arabe', 'N'),
(88, 'Marcelle Rossellat-Chatriant', '2001-02-22', 'F', 'Somali', 'N'),
(89, 'Kamala Rattan', '1949-08-18', 'F', 'Espagnol', 'O'),
(90, 'Carlo Gagliano', '1994-08-27', 'M', 'Tchèque', 'N'),
(91, 'Inge Frey', '1999-08-04', 'M', 'Italien', 'O'),
(92, 'Maxime Julliard', '1995-05-31', 'M', 'Malayalam', 'N'),
(93, 'Rishi Sethi', '2009-06-24', 'M', 'Somali', 'O'),
(94, 'Marie-José Schnyder', '1956-03-19', 'F', 'Anglais', 'N'),
(95, 'Nolan Blanc-Rey', '2012-12-12', 'M', 'Arabe', 'N'),
(96, 'Heather Fernandez', '2005-06-20', 'F', 'Anglais', 'N'),
(97, 'Vincenza Morosini', '1986-01-27', 'F', 'Malayalam', 'O'),
(98, 'Stephanie Cruz', '1992-03-05', 'F', 'Anglais', 'N'),
(99, 'Chase Thompson', '2001-02-13', 'M', 'Russe', 'N'),
(100, 'Léo Aebi', '1967-02-22', 'M', 'Malayalam', 'N'),
(101, 'Tobias Zimmermann', '1957-08-14', 'F', 'Anglais', 'N'),
(102, 'Isabelle Meyer', '1967-03-24', 'F', 'Arabe', 'N'),
(103, 'Jimmy Stokes', '1973-09-09', 'M', 'Italien', 'N'),
(104, 'Jason Sankar', '1953-03-07', 'M', 'Français', 'N'),
(105, 'Raffaella Coppola', '2004-07-23', 'F', 'Malayalam', 'O'),
(106, 'Kevin Seshadri', '1985-11-18', 'M', 'Tchèque', 'O'),
(107, 'Varsha Sami', '2000-10-14', 'F', 'Allemand', 'N'),
(108, 'Philippe Mayor', '1982-08-20', 'M', 'Anglais', 'N'),
(109, 'Françoise Chevrolet', '2001-11-19', 'F', 'Malayalam', 'N'),
(110, 'Orinder Kadakia', '1968-02-09', 'M', 'Tchèque', 'N'),
(111, 'Maria Chevalley-Monney', '0006-06-01', 'F', 'Allemand', 'O'),
(112, 'Jacques Crivelli', '1971-05-12', 'M', 'Somali', 'N'),
(113, 'Ioannis Hauser', '1997-08-13', 'F', 'Somali', 'N'),
(114, 'Ljiljana Knecht', '1977-12-30', 'F', 'Somali', 'N'),
(115, 'Abeer Basu', '1981-03-25', 'M', 'Italien', 'N'),
(116, 'Steve Martinez', '1963-11-22', 'M', 'Tchèque', 'O'),
(117, 'Michael Gill', '2008-10-14', 'M', 'Allemand', 'N'),
(118, 'William Fisher', '2010-09-14', 'M', 'Espagnol', 'N'),
(119, 'Gonçalo Friedli', '2002-01-17', 'F', 'Tchèque', 'N'),
(120, 'Joseph Bautista', '2002-07-22', 'M', 'Italien', 'N'),
(121, 'Danilo Pisaroni-Cortese', '1978-11-18', 'M', 'Allemand', 'O'),
(122, 'Joseph Smith', '1950-10-01', 'M', 'Arabe', 'O'),
(123, 'Sofia Amrein Leu', '1983-08-21', 'M', 'Russe', 'N'),
(124, 'John Campbell', '1980-12-24', 'M', 'Arabe', 'N'),
(125, 'Ariana Bader Favre', '1981-01-26', 'M', 'Français', 'N'),
(126, 'Warhi Rastogi', '1952-08-24', 'F', 'Anglais', 'O'),
(127, 'Toni Tanner', '1978-01-22', 'F', 'Français', 'N'),
(128, 'Janaki Chaudhry', '1981-06-07', 'F', 'Russe', 'O'),
(129, 'Ilaria Huber', '1989-05-17', 'M', 'Malayalam', 'O'),
(130, 'Saskia Bühlmann', '2005-11-21', 'M', 'Espagnol', 'N'),
(131, 'Toni Pacelli', '2002-01-12', 'M', 'Espagnol', 'N'),
(132, 'Rosaria Saffi-Cardano', '1957-09-14', 'F', 'Allemand', 'N'),
(133, 'Richard Rodgers', '1971-08-25', 'M', 'Malayalam', 'O'),
(134, 'Joshua Ray', '0005-08-07', 'M', 'Russe', 'O'),
(135, 'Laetitia Monnet', '1974-10-07', 'F', 'Italien', 'O'),
(136, 'Lisa Daniel', '1983-06-02', 'F', 'Malayalam', 'N'),
(137, 'Dr. Timothy Perez Jr.', '1978-03-17', 'M', 'Allemand', 'N'),
(138, 'Ariane Stucki', '2006-09-24', 'M', 'Français', 'N'),
(139, 'Aurora Barberini', '1966-07-03', 'F', 'Anglais', 'O'),
(140, 'William Tran', '1966-12-24', 'M', 'Somali', 'O'),
(141, 'Andrew Aguilar', '1995-08-22', 'M', 'Malayalam', 'N'),
(142, 'Sandra Tyler', '2009-10-23', 'F', 'Anglais', 'N'),
(143, 'Amanda Graham', '1957-08-16', 'F', 'Russe', 'N'),
(144, 'Jeanne Grimes', '1952-09-17', 'F', 'Allemand', 'O'),
(145, 'Charles Hall', '1969-10-30', 'M', 'Français', 'O'),
(146, 'François Rapin', '1975-04-25', 'M', 'Anglais', 'N'),
(147, 'Gary Freeman', '1951-05-07', 'M', 'Anglais', 'O'),
(148, 'Ishaan Setty', '2003-07-14', 'M', 'Tchèque', 'N'),
(149, 'Alexis Wright', '1977-10-02', 'F', 'Allemand', 'N'),
(150, 'Hemangini Panchal', '1992-09-22', 'F', 'Somali', 'N'),
(151, 'Dr. Elodie Schäfer', '1996-08-23', 'M', 'Tchèque', 'O'),
(152, 'Eric Rappaz-Deladoëy', '2010-10-31', 'M', 'Italien', 'N'),
(153, 'Jonah Kern', '1989-12-01', 'F', 'Somali', 'N'),
(154, 'Azad Raval', '1958-04-29', 'M', 'Espagnol', 'N'),
(155, 'Donald Kelly', '2013-03-13', 'M', 'Arabe', 'N'),
(156, 'Maura Toscanini-Maglio', '2006-06-21', 'F', 'Arabe', 'N'),
(157, 'Varenya Kamdar', '2000-08-27', 'F', 'Russe', 'N'),
(158, 'Maanav Modi', '2010-03-02', 'M', 'Russe', 'N'),
(159, 'Edward Santos', '1998-10-09', 'M', 'Espagnol', 'N'),
(160, 'Steven Smith', '2000-12-25', 'M', 'Arabe', 'O'),
(161, 'Shannon Griffin', '0009-11-25', 'F', 'Espagnol', 'O'),
(162, 'Todd Moran', '1967-01-06', 'M', 'Somali', 'O'),
(163, 'Emine Aebi', '1982-03-23', 'F', 'Russe', 'N'),
(164, 'Raymond Powers', '1973-06-30', 'M', 'Tchèque', 'O'),
(165, 'Giuseppina Medici', '2011-07-01', 'F', 'Tchèque', 'N'),
(166, 'Tara Byrd', '1953-01-10', 'F', 'Allemand', 'O'),
(167, 'Prisha Goda', '2009-07-05', 'F', 'Somali', 'O'),
(168, 'Michael Kennedy', '1992-01-08', 'M', 'Tchèque', 'N'),
(169, 'Edmond Brun', '1949-02-24', 'M', 'Italien', 'O'),
(170, 'Odette Sandoz', '1957-01-17', 'F', 'Anglais', 'N'),
(171, 'Stephen Patel', '1967-03-19', 'M', 'Arabe', 'N'),
(172, 'Vincent Sparks', '1962-11-29', 'M', 'Italien', 'N'),
(173, 'Andrew Stanley Jr.', '1958-08-16', 'M', 'Somali', 'O'),
(174, 'Stephanie Johnson', '2000-11-16', 'F', 'Somali', 'N'),
(175, 'Marisa Faggiani', '1954-07-30', 'F', 'Allemand', 'O'),
(176, 'Lisa Wilson', '2011-08-17', 'F', 'Tchèque', 'N'),
(177, 'Zayan Kade', '2001-09-17', 'M', 'Tchèque', 'N'),
(178, 'Sérgio Schneider', '2002-11-26', 'M', 'Tchèque', 'N'),
(179, 'Cynthia Williams', '1991-07-11', 'F', 'Arabe', 'O'),
(180, 'Teresa Johnson', '1962-12-23', 'F', 'Italien', 'N'),
(181, 'Vincent Doshi', '1969-03-02', 'M', 'Italien', 'N'),
(182, 'Eveline Schmidt Ritter', '1993-01-27', 'F', 'Espagnol', 'N'),
(183, 'Dr. Elizabeth Nelson MD', '1948-08-10', 'F', 'Italien', 'O'),
(184, 'Merlin Amrein', '2005-04-14', 'M', 'Somali', 'N'),
(185, 'Ijaya Borah', '1979-04-04', 'F', 'Malayalam', 'N'),
(186, 'Samantha Stevenson', '1977-05-04', 'F', 'Russe', 'O'),
(187, 'Ayush Balasubramanian', '1957-06-08', 'M', 'Malayalam', 'O'),
(188, 'Jerry Brown', '1994-12-30', 'M', 'Allemand', 'N'),
(189, 'Nidhi Bhatt', '1949-05-14', 'F', 'Somali', 'O'),
(190, 'Donatella Tebaldi-Pacillo', '2010-06-08', 'F', 'Français', 'N'),
(191, 'Joshua Johnston', '1946-07-21', 'M', 'Tchèque', 'O'),
(192, 'Mimoza Schenk', '1997-06-24', 'F', 'Italien', 'O'),
(193, 'John Yates', '1993-06-19', 'M', 'Malayalam', 'O'),
(194, 'Marisa Küng', '1988-04-01', 'M', 'Tchèque', 'O'),
(195, 'Jeremy Smith', '1984-04-03', 'M', 'Russe', 'N'),
(196, 'Emina Ernst', '1994-02-05', 'F', 'Russe', 'N'),
(197, 'Jennifer Payne', '2013-04-17', 'F', 'Anglais', 'O'),
(198, 'Mika Stocker', '1991-10-19', 'M', 'Arabe', 'N'),
(199, 'Hemal Setty', '1987-04-17', 'F', 'Tchèque', 'N'),
(200, 'Dana Walker', '1961-12-15', 'F', 'Français', 'O'),
(201, 'Noah Théraulaz', '1990-02-15', 'M', 'Arabe', 'N'),
(202, 'Solange Portmann Blum', '1991-02-26', 'F', 'Malayalam', 'N'),
(203, 'Damini Babu', '1970-12-07', 'F', 'Malayalam', 'O'),
(204, 'Florian Corboz', '2012-05-09', 'M', 'Arabe', 'N'),
(205, 'Nicole Edwards', '1968-12-18', 'F', 'Malayalam', 'O'),
(206, 'Brittany Sharp', '1955-01-19', 'F', 'Italien', 'O'),
(207, 'Jack Bal', '1969-11-21', 'M', 'Allemand', 'O'),
(208, 'Fredo Virgilio', '1950-05-03', 'M', 'Allemand', 'N'),
(209, 'Keith Smith', '1975-12-23', 'M', 'Espagnol', 'N'),
(210, 'Henri Deladoëy', '2012-10-03', 'M', 'Tchèque', 'N'),
(211, 'Diane Christensen', '2001-08-23', 'F', 'Espagnol', 'N'),
(212, 'Zachary Peterson', '1985-03-30', 'M', 'Français', 'O'),
(213, 'Michael Taylor', '1963-11-20', 'M', 'Tchèque', 'N'),
(214, 'Marie-Claire Maier Flückiger', '1984-01-07', 'F', 'Italien', 'N'),
(215, 'Giacinto Ginesio-Mondaini', '1990-10-28', 'M', 'Malayalam', 'O'),
(216, 'Steve Portmann', '2005-01-30', 'M', 'Arabe', 'N'),
(217, 'Radhika Kala', '1989-07-09', 'F', 'Tchèque', 'O'),
(218, 'Chaitaly Deshpande', '1975-11-06', 'F', 'Anglais', 'N'),
(219, 'Pascal Rosselat-Crevoisier', '1996-12-11', 'M', 'Tchèque', 'O'),
(220, 'Mladen Flückiger-Bühler', '2006-05-06', 'M', 'Russe', 'N'),
(221, 'Stefani Capone-Scaduto', '1973-05-29', 'F', 'Français', 'O'),
(222, 'Sig.ra Chiara Galtarossa', '2002-08-11', 'F', 'Anglais', 'N'),
(223, 'Emma Cosendey', '1985-08-11', 'F', 'Arabe', 'O'),
(224, 'Arsenio Asmundo', '1945-01-21', 'M', 'Tchèque', 'N'),
(225, 'Endrit Stucki', '1990-08-03', 'F', 'Somali', 'O'),
(226, 'Saumya Jani', '2011-05-17', 'F', 'Italien', 'O'),
(227, 'Marie Cretton', '1986-10-17', 'F', 'Français', 'O'),
(228, 'Justin Stewart', '1975-12-12', 'M', 'Arabe', 'N'),
(229, 'Carrie Levy', '1993-10-24', 'F', 'Russe', 'O'),
(230, 'Manon Staub', '1972-03-06', 'M', 'Russe', 'N'),
(231, 'Simone Vigliotti', '2005-12-11', 'M', 'Italien', 'N'),
(232, 'Alicia Bouvier', '1983-01-22', 'F', 'Somali', 'O'),
(233, 'Catherine Rapin', '2007-08-31', 'F', 'Espagnol', 'N'),
(234, 'Hunter Lopez', '1967-05-03', 'M', 'Italien', 'N'),
(235, 'Chloé Pasquier', '1971-11-30', 'F', 'Français', 'N'),
(236, 'Pomponio Tremonti-Duodo', '2003-10-17', 'M', 'Somali', 'N'),
(237, 'Sara Hernandez', '1953-01-24', 'F', 'Italien', 'O'),
(238, 'Dominic Carter', '1995-09-11', 'M', 'Malayalam', 'O'),
(239, 'Amara Mani', '1947-07-06', 'F', 'Italien', 'O'),
(240, 'Emma Corbat', '1977-08-21', 'F', 'Russe', 'O'),
(241, 'Désirée Lutz', '1960-11-06', 'F', 'Tchèque', 'N'),
(242, 'Andrew Hawkins', '1950-07-14', 'M', 'Anglais', 'O'),
(243, 'Kathleen Marshall', '1988-10-17', 'F', 'Français', 'O'),
(244, 'Vidhi Majumdar', '1973-05-12', 'F', 'Tchèque', 'O'),
(245, 'Sherry Kirk', '1946-01-28', 'F', 'Anglais', 'O'),
(246, 'Michael de Dardel', '1978-07-01', 'M', 'Tchèque', 'N'),
(247, 'Natalie Howell', '2012-06-10', 'F', 'Espagnol', 'N'),
(248, 'Andrina Hotz', '2003-03-23', 'M', 'Allemand', 'N'),
(249, 'Adelina Furrer', '2009-02-26', 'M', 'Espagnol', 'N'),
(250, 'Ottavio Dalla', '1967-12-14', 'M', 'Français', 'O'),
(251, 'Medina Kessler', '2003-03-03', 'M', 'Tchèque', 'N'),
(252, 'George Melton', '1946-06-30', 'M', 'Italien', 'O'),
(253, 'Michael Fisher', '1953-03-22', 'M', 'Anglais', 'O'),
(254, 'Mario Wagner', '1977-02-22', 'F', 'Arabe', 'O'),
(255, 'Ekanta Rai', '1997-02-12', 'F', 'Italien', 'O'),
(256, 'Charlotte Deladoëy', '1980-07-30', 'F', 'Allemand', 'O'),
(257, 'Erica Garcia', '1966-04-25', 'F', 'Malayalam', 'O'),
(258, 'Bajram Arnold', '2003-06-03', 'M', 'Anglais', 'N'),
(259, 'Ugolino Pinamonte', '1968-07-29', 'M', 'Anglais', 'O'),
(260, 'Gina Williams', '2009-07-07', 'F', 'Français', 'N'),
(261, 'Unnati Sekhon', '2008-01-18', 'F', 'Espagnol', 'N'),
(262, 'Florim Lehmann', '1973-04-20', 'M', 'Somali', 'O'),
(263, 'Ms. Megan Harris', '2009-08-26', 'F', 'Russe', 'N'),
(264, 'Donna Segni', '1945-10-01', 'F', 'Somali', 'O'),
(265, 'Calcedonio Tartaglia', '1965-03-22', 'M', 'Russe', 'O'),
(266, 'Sarah Piccand', '1945-06-07', 'F', 'Russe', 'O'),
(267, 'Kiara Hofer', '2012-10-08', 'M', 'Espagnol', 'N'),
(268, 'Mrs. Kelly Kemp MD', '1972-12-07', 'F', 'Malayalam', 'N'),
(269, 'Mariano Fantozzi', '1988-11-15', 'M', 'Italien', 'O'),
(270, 'Monique Bourquin', '1991-07-13', 'F', 'Arabe', 'N'),
(271, 'Alessandra Caruso-Rosiello', '1985-06-14', 'F', 'Malayalam', 'O'),
(272, 'Kimberly Curtis', '2002-06-06', 'F', 'Français', 'N'),
(273, 'Lucie Nusslé', '1950-12-04', 'F', 'Anglais', 'O'),
(274, 'Phillip King', '1992-10-21', 'M', 'Espagnol', 'O'),
(275, 'Henri Godet', '1951-02-12', 'M', 'Anglais', 'O'),
(276, 'Michael Singh', '1966-01-27', 'M', 'Espagnol', 'N'),
(277, 'Carlos Guerra', '1957-03-13', 'M', 'Allemand', 'N'),
(278, 'Rebekah Little', '1981-11-18', 'F', 'Arabe', 'N'),
(279, 'Sean Marks', '2008-07-02', 'M', 'Malayalam', 'N'),
(280, 'Antonello Aldobrandi', '1949-08-18', 'M', 'Malayalam', 'O'),
(281, 'Brad Carter', '1969-12-15', 'M', 'Allemand', 'O'),
(282, 'Stephen Decker', '1976-11-23', 'M', 'Arabe', 'O'),
(283, 'Manuel Barillon', '1987-12-30', 'M', 'Arabe', 'N'),
(284, 'Gino Ceschi', '1983-02-04', 'M', 'Allemand', 'O'),
(285, 'Rayaan Devi', '2001-07-28', 'M', 'Allemand', 'N'),
(286, 'Margherita Canevascini', '1979-11-17', 'F', 'Français', 'N'),
(287, 'Oni Chandra', '1965-06-07', 'F', 'Malayalam', 'N'),
(288, 'Unni Menon', '1976-07-17', 'F', 'Tchèque', 'O'),
(289, 'Kabir Kalita', '2008-07-19', 'M', 'Espagnol', 'N'),
(290, 'Brittany Kirby', '1978-09-04', 'F', 'Allemand', 'O'),
(291, 'Arthur Pasquier-Paschoud', '1987-02-15', 'M', 'Malayalam', 'N'),
(292, 'Zachary Gordon', '2008-06-27', 'M', 'Malayalam', 'N'),
(293, 'Ekbal Saraf', '2003-08-08', 'M', 'Anglais', 'N'),
(294, 'Amber Ramirez', '1967-03-07', 'F', 'Russe', 'N'),
(295, 'Sig.ra Fiamma Inzaghi', '1986-04-03', 'F', 'Arabe', 'O'),
(296, 'Laurent Duvanel', '1956-09-07', 'M', 'Arabe', 'N'),
(297, 'Avni Shere', '1988-03-24', 'F', 'Malayalam', 'O'),
(298, 'Georgette Bavaud', '1960-04-20', 'F', 'Tchèque', 'O'),
(299, 'Sylvia Costanzi', '1978-09-11', 'F', 'Somali', 'N'),
(300, 'Abhiram Saha', '2006-06-21', 'M', 'Allemand', 'N'),
(301, 'Tammy Moreno', '1978-09-12', 'F', 'Allemand', 'N'),
(302, 'Fabienne Candaux-Brandt', '1998-04-11', 'F', 'Français', 'O'),
(303, 'Zehaan Shere', '1969-02-07', 'M', 'Tchèque', 'O'),
(304, 'Ikbal Suri', '1954-03-17', 'M', 'Français', 'O'),
(305, 'Pina Smirnoff', '1992-10-28', 'F', 'Français', 'O'),
(306, 'Julie Rapraz', '1970-10-15', 'F', 'Russe', 'O'),
(307, 'Bernhard Keller', '1979-08-10', 'M', 'Français', 'N'),
(308, 'Laurent Rossellat', '1968-01-02', 'M', 'Allemand', 'N'),
(309, 'Gagan Kade', '1976-05-27', 'M', 'Russe', 'O'),
(310, 'Dr. Karl Schmidt', '1969-07-03', 'F', 'Arabe', 'O'),
(311, 'Michael Anderson', '1961-11-22', 'M', 'Somali', 'O'),
(312, 'Yashoda Pathak', '1965-10-29', 'F', 'Espagnol', 'N'),
(313, 'Romolo Sommaruga', '1972-03-30', 'M', 'Russe', 'N'),
(314, 'Allison Zimmerman', '1989-10-17', 'F', 'Espagnol', 'N'),
(315, 'Dr. Holger Wolf', '1980-11-17', 'M', 'Tchèque', 'N'),
(316, 'Aurélie Chopard', '1988-06-10', 'F', 'Anglais', 'N'),
(317, 'Gaurav Chahal', '1966-05-28', 'M', 'Russe', 'N'),
(318, 'Andrin Mäder', '2010-05-29', 'F', 'Italien', 'N'),
(319, 'Advika Gaba', '1962-06-17', 'F', 'Russe', 'O'),
(320, 'Carlo Salgari', '1970-01-02', 'M', 'Malayalam', 'O'),
(321, 'Arthur Chenaux', '1985-12-30', 'M', 'Somali', 'N'),
(322, 'Cody Martinez', '1951-08-20', 'M', 'Tchèque', 'O'),
(323, 'Cirillo Bramante-Fogazzaro', '1953-09-22', 'M', 'Somali', 'O'),
(324, 'Abhimanyu Tata', '1962-08-18', 'M', 'Allemand', 'N'),
(325, 'Raffaellino Dulbecco', '1977-02-26', 'M', 'Français', 'O'),
(326, 'Anthony Davis', '1958-04-04', 'M', 'Espagnol', 'O'),
(327, 'Nicole Curry', '2002-05-28', 'F', 'Allemand', 'N'),
(328, 'Lisa Diaz', '1990-05-28', 'F', 'Français', 'O'),
(329, 'Prof. Mélanie Hasler', '1970-06-16', 'F', 'Allemand', 'N'),
(330, 'Zachary Gray', '1955-03-03', 'M', 'Espagnol', 'O'),
(331, 'Yagnesh Trivedi', '2006-11-20', 'M', 'Arabe', 'N'),
(332, 'Mathilde Barillon', '1952-09-22', 'F', 'Arabe', 'N'),
(333, 'Charles Besse', '1985-06-30', 'M', 'Tchèque', 'O'),
(334, 'Ruggiero Morosini', '1984-03-07', 'M', 'Anglais', 'N'),
(335, 'Jerry Terrell', '1990-01-24', 'M', 'Somali', 'O'),
(336, 'Sasa Hotz-Siegrist', '1974-03-28', 'M', 'Somali', 'N'),
(337, 'Samantha Thomas', '1979-09-18', 'F', 'Allemand', 'N'),
(338, 'Michelotto Pistoletto-Malenchini', '1997-11-27', 'M', 'Espagnol', 'N'),
(339, 'Brinda Merchant', '1991-01-18', 'F', 'Italien', 'O'),
(340, 'Maurice Chevalley-Polla', '1977-01-24', 'M', 'Allemand', 'O'),
(341, 'Yvonne Niquille', '1973-10-17', 'F', 'Somali', 'N'),
(342, 'Chaitaly Bhatia', '1984-12-19', 'F', 'Somali', 'N'),
(343, 'Eric Johnson', '2012-07-13', 'M', 'Somali', 'N'),
(344, 'Jonathan Duroux', '1970-11-14', 'M', 'Espagnol', 'O'),
(345, 'Whitney Smith', '2009-10-19', 'F', 'Espagnol', 'N'),
(346, 'Pooja Tak', '1975-08-30', 'F', 'Allemand', 'O'),
(347, 'Michael Reese', '1963-12-01', 'M', 'Allemand', 'N'),
(348, 'Vasudha Sachar', '1961-01-22', 'F', 'Russe', 'O'),
(349, 'Giulio Suter', '2005-05-23', 'F', 'Arabe', 'N'),
(350, 'Alfredo Florio', '2002-03-21', 'M', 'Français', 'O'),
(351, 'Jeet Iyer', '2000-10-28', 'M', 'Tchèque', 'N'),
(352, 'Venancio Ricci', '2012-03-12', 'M', 'Espagnol', 'N'),
(353, 'Nakul Savant', '1986-08-15', 'M', 'Français', 'N'),
(354, 'Adya Mangal', '1955-09-19', 'F', 'Malayalam', 'N'),
(355, 'Kelly Weber', '1987-02-13', 'F', 'Allemand', 'O'),
(356, 'Shannon Little', '1998-08-01', 'F', 'Somali', 'O'),
(357, 'Angelica Sanchez', '1954-02-16', 'F', 'Allemand', 'O'),
(358, 'Sig.ra Adriana Filzi', '1981-04-01', 'F', 'Français', 'O'),
(359, 'Brenda Johnson', '1994-02-24', 'F', 'Anglais', 'O'),
(360, 'Gemma Miniati-Cuomo', '1961-08-13', 'F', 'Anglais', 'O'),
(361, 'Clara Théraulaz', '1980-09-17', 'F', 'Russe', 'N'),
(362, 'Gary Larson', '2008-12-20', 'M', 'Malayalam', 'O'),
(363, 'Sonya Deleon', '1954-12-27', 'F', 'Allemand', 'O'),
(364, 'Juan Torres', '1986-07-01', 'M', 'Italien', 'O'),
(365, 'Ricky Hunt', '2012-03-14', 'M', 'Français', 'N'),
(366, 'Robert Dickson', '1996-09-05', 'M', 'Allemand', 'N'),
(367, 'Amol Tailor', '1979-04-01', 'M', 'Allemand', 'O'),
(368, 'Camille Cretton', '1968-03-10', 'F', 'Arabe', 'O'),
(369, 'Mathilde Grojean', '1990-03-16', 'F', 'Russe', 'N'),
(370, 'Suzanne Levine', '1978-09-28', 'F', 'Allemand', 'O'),
(371, 'Natasha Lee', '1962-09-18', 'F', 'Somali', 'O'),
(372, 'Joseph Burke', '2012-11-04', 'M', 'Malayalam', 'O'),
(373, 'Noah Brandt', '1980-07-16', 'M', 'Anglais', 'O'),
(374, 'Kai Baria', '1973-10-27', 'M', 'Malayalam', 'N'),
(375, 'Ronald Taylor', '1989-03-18', 'M', 'Italien', 'O'),
(376, 'Justin Knight', '1965-10-03', 'M', 'Tchèque', 'N'),
(377, 'Viraj Manne', '2009-09-23', 'M', 'Français', 'N'),
(378, 'Sara Valencia', '1985-10-04', 'F', 'Allemand', 'N'),
(379, 'Shawn Obrien', '1997-02-25', 'M', 'Malayalam', 'O'),
(380, 'Francesca Cristoforetti-Orsini', '1984-10-23', 'F', 'Tchèque', 'O'),
(381, 'Maxwell Taylor', '1983-12-12', 'M', 'Tchèque', 'O'),
(382, 'Morgan Moore', '1989-06-25', 'F', 'Tchèque', 'O'),
(383, 'Whitney Henson', '1985-04-30', 'F', 'Français', 'O'),
(384, 'Federica Michel', '1958-05-09', 'M', 'Allemand', 'N'),
(385, 'Marie-Claire Sutter', '1951-07-04', 'F', 'Anglais', 'O'),
(386, 'Dott. Ermanno Missoni', '1990-03-09', 'M', 'Russe', 'N'),
(387, 'Shawn Guzman', '1981-09-03', 'M', 'Allemand', 'O'),
(388, 'Arthur Chenaux', '1990-10-12', 'M', 'Français', 'O'),
(389, 'Ferdinand Hofstetter', '1994-01-09', 'F', 'Somali', 'O'),
(390, 'Amalia Lanfranchi', '1991-11-03', 'F', 'Arabe', 'O'),
(391, 'Maria Decker', '1990-05-11', 'F', 'Arabe', 'N'),
(392, 'Stacy Stone', '2005-12-31', 'F', 'Français', 'N'),
(393, 'Raymonde Braun Peter', '1985-10-02', 'M', 'Somali', 'N'),
(394, 'Thomas Curdy', '2008-08-31', 'M', 'Russe', 'N'),
(395, 'Matthew Smith', '1966-12-31', 'M', 'Russe', 'O'),
(396, 'James Lowe', '2003-10-06', 'M', 'Français', 'N'),
(397, 'Simone Müller', '1995-10-22', 'F', 'Tchèque', 'N'),
(398, 'Harini Raval', '1977-07-21', 'F', 'Espagnol', 'N'),
(399, 'Deanna Kelly', '1959-06-23', 'F', 'Arabe', 'N'),
(400, 'Prof. Endrit Kessler', '1995-11-20', 'F', 'Italien', 'N'),
(401, 'Rexhep Haas-Berger', '2011-09-17', 'F', 'Arabe', 'N'),
(402, 'Luisa Montanariello', '1971-04-23', 'F', 'Somali', 'N'),
(403, 'Marcel Carron-Deladoëy', '1990-09-20', 'M', 'Malayalam', 'N'),
(404, 'Ekbal Kaul', '1945-04-05', 'M', 'Espagnol', 'O'),
(405, 'Silvio Berger-Aebi', '1975-12-09', 'M', 'Tchèque', 'O'),
(406, 'Georges Chopard', '1963-08-24', 'M', 'Espagnol', 'N'),
(407, 'Radha Parmer', '2002-10-19', 'F', 'Russe', 'O'),
(408, 'Christopher Little', '1968-10-11', 'M', 'Tchèque', 'N'),
(409, 'Gisèle Ott', '1984-10-04', 'F', 'Malayalam', 'N'),
(410, 'Fernanda Baracca', '1993-01-23', 'F', 'Italien', 'O'),
(411, 'Scott Vasquez', '1985-01-23', 'M', 'Français', 'O'),
(412, 'Katherine Wilson', '1980-07-01', 'F', 'Italien', 'N'),
(413, 'Amber Johnson', '1967-02-03', 'F', 'Espagnol', 'O'),
(414, 'Florian Bernasconi', '1982-09-02', 'M', 'Tchèque', 'N'),
(415, 'Jason Wu', '2008-05-19', 'M', 'Russe', 'N'),
(416, 'Frado Mutti', '2004-08-17', 'M', 'Arabe', 'N'),
(417, 'Rodolfo Frei', '1986-03-14', 'M', 'Somali', 'O'),
(418, 'Unnati Venkataraman', '1996-02-28', 'F', 'Arabe', 'N'),
(419, 'Kristi Wright', '1947-05-05', 'F', 'Anglais', 'O'),
(420, 'Mitali Mistry', '1963-01-20', 'F', 'Italien', 'N'),
(421, 'Milena Stucki', '1992-08-07', 'M', 'Français', 'O'),
(422, 'Gonçalo Tobler', '1986-05-18', 'F', 'Malayalam', 'N'),
(423, 'Debra Lynch', '1972-09-12', 'F', 'Russe', 'N'),
(424, 'Hannah Baumgartner', '1994-10-15', 'M', 'Tchèque', 'O'),
(425, 'Joseph Travis', '2000-08-09', 'M', 'Somali', 'N'),
(426, 'Micheal Carter', '2010-09-20', 'M', 'Malayalam', 'N'),
(427, 'Charles Ballard', '2002-10-07', 'M', 'Anglais', 'N'),
(428, 'Gérard Aebi', '1957-01-18', 'M', 'Espagnol', 'O'),
(429, 'Amanda Bell', '1959-10-23', 'F', 'Allemand', 'O'),
(430, 'Carmine Studer', '1980-04-18', 'M', 'Russe', 'N'),
(431, 'Gioachino Micca', '1948-10-31', 'M', 'Anglais', 'O'),
(432, 'Richard Martinez', '1997-08-15', 'M', 'Malayalam', 'N'),
(433, 'David York', '1980-04-27', 'M', 'Allemand', 'O'),
(434, 'Aayush Ganesan', '1949-07-19', 'M', 'Italien', 'O'),
(435, 'Amy Smith', '2011-03-12', 'F', 'Tchèque', 'N'),
(436, 'Rosaria Puglisi', '1984-08-19', 'F', 'Somali', 'O'),
(437, 'David Khosla', '2012-03-04', 'M', 'Russe', 'N'),
(438, 'Priscilla Vanvitelli-Satta', '1968-07-02', 'F', 'Russe', 'N'),
(439, 'Sandrine Robert', '1956-08-30', 'F', 'Tchèque', 'N'),
(440, 'Agim Meyer', '1995-11-05', 'M', 'Espagnol', 'N'),
(441, 'Sarah Beurret', '1990-10-18', 'F', 'Italien', 'N'),
(442, 'James Harris', '1989-01-16', 'M', 'Arabe', 'N'),
(443, 'Eva Deshusses', '1985-01-30', 'F', 'Somali', 'N'),
(444, 'Kimberly Lam', '2002-09-01', 'F', 'Allemand', 'N'),
(445, 'Matthew Turner', '2003-02-04', 'M', 'Russe', 'O'),
(446, 'John Campos', '1976-08-18', 'M', 'Arabe', 'O'),
(447, 'Susan Wilson', '1978-01-15', 'F', 'Espagnol', 'N'),
(448, 'Brijesh Pai', '1953-09-24', 'M', 'Espagnol', 'O'),
(449, 'Vincent Corpataux', '1945-10-06', 'M', 'Malayalam', 'O'),
(450, 'Laura Olsen', '2005-11-02', 'F', 'Russe', 'N'),
(451, 'David Delèze', '1953-03-17', 'M', 'Somali', 'O'),
(452, 'Alina Piazzi', '1962-10-26', 'F', 'Espagnol', 'N'),
(453, 'Rebecca Wilson', '1963-12-12', 'F', 'Arabe', 'N'),
(454, 'Denise Cossy', '1962-01-10', 'F', 'Arabe', 'N'),
(455, 'Marietta Meili', '1975-11-19', 'F', 'Malayalam', 'O'),
(456, 'Molly Deleon', '1950-06-24', 'F', 'Anglais', 'O'),
(457, 'René Grand-Martin', '1975-07-13', 'M', 'Allemand', 'N'),
(458, 'Heather Henry', '1976-07-13', 'F', 'Arabe', 'N'),
(459, 'Fiamma Interminelli', '1961-10-20', 'F', 'Tchèque', 'O'),
(460, 'Stephanie Reynolds', '1959-07-08', 'F', 'Espagnol', 'N'),
(461, 'Damini Narain', '1968-03-27', 'F', 'Arabe', 'O'),
(462, 'Lucas Hatfield', '1967-01-28', 'M', 'Russe', 'O'),
(463, 'Sig.ra Sole Carnera', '1962-12-30', 'F', 'Français', 'N'),
(464, 'Salvi Lombroso', '2005-04-04', 'M', 'Espagnol', 'N'),
(465, 'Mario Campise-Balla', '1947-05-31', 'M', 'Malayalam', 'O'),
(466, 'Tracie Carrillo', '1973-11-13', 'F', 'Espagnol', 'N'),
(467, 'Piotr Wolf', '2012-07-17', 'M', 'Somali', 'N'),
(468, 'Steven Bartlett', '1947-01-06', 'M', 'Français', 'O'),
(469, 'Oscar Lad', '1962-07-02', 'M', 'Malayalam', 'O'),
(470, 'Lydie Gloor', '1969-07-14', 'F', 'Espagnol', 'O'),
(471, 'Sylvie Rossellat', '1960-01-09', 'F', 'Français', 'O'),
(472, 'Florian Gilliéron', '1948-04-19', 'M', 'Allemand', 'O'),
(473, 'Jim Ruiz', '1974-01-27', 'M', 'Espagnol', 'O'),
(474, 'Fabienne Geiger', '2001-06-09', 'F', 'Italien', 'N'),
(475, 'Qabil Sehgal', '1950-06-23', 'M', 'Espagnol', 'O'),
(476, 'Benjamin Chakrabarti', '1956-07-21', 'M', 'Russe', 'N'),
(477, 'Flavia Steinmann Staub', '1959-10-16', 'F', 'Allemand', 'O'),
(478, 'Donald Jones', '1945-09-09', 'M', 'Allemand', 'O'),
(479, 'Peter Taylor', '1997-06-22', 'M', 'Somali', 'O'),
(480, 'Zilmil Batra', '2011-08-31', 'F', 'Italien', 'N'),
(481, 'John Clark', '1950-04-23', 'M', 'Malayalam', 'O'),
(482, 'Patricia Banks', '1945-04-06', 'F', 'Russe', 'O'),
(483, 'Chakradev Hari', '1954-09-21', 'M', 'Anglais', 'O'),
(484, 'Siddharth Pai', '2002-07-10', 'M', 'Somali', 'O'),
(485, 'Loïc Cousin', '1950-08-18', 'M', 'Tchèque', 'O'),
(486, 'Laetitia Charpié', '1983-11-05', 'F', 'Arabe', 'O'),
(487, 'Yvonne Wicht', '1994-08-06', 'F', 'Tchèque', 'O'),
(488, 'Hugo Badan', '2002-11-03', 'M', 'Anglais', 'N'),
(489, 'Dylan Brown', '1995-02-12', 'M', 'Arabe', 'N'),
(490, 'Henri Deshusses', '1978-03-09', 'M', 'Italien', 'N'),
(491, 'Vincenzo Samele', '1995-07-07', 'M', 'Français', 'N'),
(492, 'Laurent Chevrolet', '2003-12-22', 'M', 'Français', 'O'),
(493, 'Chad Ramirez', '1968-09-03', 'M', 'Allemand', 'N'),
(494, 'Ismet Thommen', '1986-05-30', 'F', 'Arabe', 'N'),
(495, 'Andrew Hamilton', '1947-01-21', 'M', 'Malayalam', 'N'),
(496, 'Nik Braun', '1998-07-22', 'F', 'Espagnol', 'O'),
(497, 'Zoé Paschoud-Bonvin', '1974-08-31', 'F', 'Russe', 'N'),
(498, 'Patricia Vuille', '2011-09-15', 'F', 'Espagnol', 'N'),
(499, 'Thérèse Boichat-Beguin', '1972-05-07', 'F', 'Arabe', 'N'),
(500, 'Yagnesh Oza', '2002-04-23', 'M', 'Russe', 'O'),
(501, 'Rembrandt Balbo', '1965-04-24', 'M', 'Russe', 'O'),
(502, 'Kiaan Bajwa', '1948-09-27', 'M', 'Allemand', 'N'),
(503, 'Lipika Shah', '1950-08-15', 'F', 'Malayalam', 'O'),
(504, 'Gabriel Sanchez', '2000-09-27', 'M', 'Espagnol', 'N'),
(505, 'Julien Cossy-Mottet', '1961-07-26', 'M', 'Anglais', 'O'),
(506, 'Kelli Stevenson', '1970-03-15', 'F', 'Russe', 'O'),
(507, 'Leena Mane', '1986-10-14', 'F', 'Français', 'O'),
(508, 'Prof. Ralph Schürch', '1954-11-18', 'F', 'Anglais', 'O'),
(509, 'Samuel Paccot-Tinguely', '1990-07-29', 'M', 'Italien', 'N'),
(510, 'Sina Scherrer', '1982-05-29', 'M', 'Espagnol', 'O'),
(511, 'Kamya Ghosh', '1958-10-27', 'F', 'Malayalam', 'O'),
(512, 'Krisha Grewal', '1986-12-18', 'F', 'Tchèque', 'N'),
(513, 'Milo Pratesi-Ostinelli', '2011-08-27', 'M', 'Russe', 'O'),
(514, 'Guillaume Bernasconi', '1981-01-21', 'M', 'Italien', 'O'),
(515, 'Elizabeth Hasler', '1979-12-31', 'F', 'Somali', 'O'),
(516, 'Brian Pearson', '1956-06-21', 'M', 'Russe', 'N'),
(517, 'Bernard Peitrequin', '1965-10-06', 'M', 'Italien', 'O'),
(518, 'Raymond Uldry-Beurret', '1957-10-12', 'M', 'Somali', 'O'),
(519, 'Edoardo Sraffa', '2004-10-29', 'M', 'Français', 'N'),
(520, 'Christina Mercer', '1951-06-14', 'F', 'Russe', 'O'),
(521, 'Karen Cunningham', '1967-05-27', 'F', 'Français', 'N'),
(522, 'Wanda Moore', '2011-01-08', 'F', 'Allemand', 'N'),
(523, 'Eric Perez', '1952-11-08', 'M', 'Somali', 'O'),
(524, 'Connor Boyd', '1988-03-30', 'M', 'Français', 'O'),
(525, 'Jill Rüegg-Erni', '1961-05-15', 'M', 'Russe', 'O'),
(526, 'Nicholas Snyder', '2010-06-23', 'M', 'Italien', 'N'),
(527, 'Xavier Hora', '1998-03-02', 'M', 'Arabe', 'O'),
(528, 'Louis Bujard', '1982-04-12', 'M', 'Arabe', 'N'),
(529, 'Tyler Weber', '1999-01-10', 'M', 'Espagnol', 'N'),
(530, 'Veronica Beck', '1995-12-15', 'M', 'Anglais', 'N'),
(531, 'Gabriele Gigli-Blasi', '1975-09-05', 'M', 'Malayalam', 'N'),
(532, 'Paulina Zanzi', '1958-07-15', 'F', 'Allemand', 'N'),
(533, 'Philippe Vonlanthen', '1981-03-12', 'M', 'Anglais', 'N'),
(534, 'Megan Brown', '1988-07-18', 'F', 'Italien', 'N'),
(535, 'Tonya Blair', '2010-02-27', 'F', 'Somali', 'N'),
(536, 'Pamela Allen', '1986-01-17', 'F', 'Arabe', 'O'),
(537, 'Jyoti Tandon', '1948-04-21', 'F', 'Anglais', 'O'),
(538, 'Mathilde Gilliéron', '1947-03-18', 'F', 'Français', 'O'),
(539, 'Luis Sigrist', '1971-12-30', 'F', 'Tchèque', 'O'),
(540, 'Shaun Martin', '2005-06-08', 'M', 'Anglais', 'O'),
(541, 'Stefani Salieri-Comencini', '1985-04-17', 'F', 'Malayalam', 'O'),
(542, 'Erich Stadelmann', '2004-08-07', 'M', 'Français', 'N'),
(543, 'Barbara Yoder', '1962-03-01', 'F', 'Français', 'O'),
(544, 'Eva Courvoisier', '1968-08-05', 'F', 'Français', 'N'),
(545, 'Stephen Murphy', '1952-10-14', 'M', 'Tchèque', 'N'),
(546, 'Zashil Bail', '1964-09-19', 'M', 'Malayalam', 'O'),
(547, 'Mrs. Regina Scott', '1960-05-27', 'F', 'Malayalam', 'O'),
(548, 'Vidhi Chaudhry', '2012-09-07', 'F', 'Anglais', 'N'),
(549, 'Caroline Cretton', '1953-07-22', 'F', 'Arabe', 'O'),
(550, 'Diana Ingram', '2001-09-04', 'F', 'Russe', 'N'),
(551, 'Véronique Béguelin', '1949-08-31', 'F', 'Tchèque', 'O'),
(552, 'Sig. Bernardo Quasimodo', '1963-09-13', 'M', 'Arabe', 'N'),
(553, 'Zoé Brahier', '1997-08-15', 'F', 'Espagnol', 'O'),
(554, 'Anne Godet', '1973-12-24', 'F', 'Allemand', 'O'),
(555, 'Holly May', '1948-07-30', 'F', 'Russe', 'N'),
(556, 'Mirko Pometta', '2007-01-02', 'M', 'Arabe', 'N'),
(557, 'Michael Melendez', '2003-04-25', 'M', 'Malayalam', 'N'),
(558, 'Sean Hall', '1951-05-24', 'M', 'Anglais', 'O'),
(559, 'Dott. Tiziano Infantino', '1975-11-11', 'M', 'Espagnol', 'N'),
(560, 'Johannes Zingg', '1946-11-29', 'F', 'Arabe', 'O'),
(561, 'Ninetta Guglielmi', '1988-08-17', 'F', 'Malayalam', 'N'),
(562, 'Anaïs Amrein', '1961-10-25', 'M', 'Espagnol', 'O'),
(563, 'Ashley Clark', '1979-03-24', 'F', 'Arabe', 'O'),
(564, 'Sig.ra Aurora Bergoglio', '1969-07-22', 'F', 'Espagnol', 'N'),
(565, 'Milo Rosmini', '1991-11-25', 'M', 'Russe', 'O'),
(566, 'Catia Maier', '1980-02-25', 'M', 'Italien', 'O'),
(567, 'Patrick Deshusses', '2010-03-02', 'M', 'Somali', 'N'),
(568, 'Lakshmi Bala', '1976-12-19', 'F', 'Italien', 'O'),
(569, 'Bina Dhaliwal', '1994-10-27', 'F', 'Russe', 'O'),
(570, 'Simone Chaudet-Comte', '1957-06-28', 'F', 'Français', 'O'),
(571, 'Julia Barry', '1971-06-28', 'F', 'Italien', 'N'),
(572, 'Dr. Laure Siegrist', '1968-07-01', 'M', 'Malayalam', 'N'),
(573, 'Scott Dalton', '1976-02-29', 'M', 'Arabe', 'O'),
(574, 'Luigi Basadonna', '2003-09-17', 'M', 'Français', 'N'),
(575, 'Marc Bennett', '1952-05-09', 'M', 'Tchèque', 'O'),
(576, 'Sig. Hugo Ortolani', '2004-09-27', 'M', 'Français', 'N'),
(577, 'Marcel Deladoëy-Chenaux', '1993-03-04', 'M', 'Allemand', 'N'),
(578, 'Ezio Marcacci', '2001-12-18', 'M', 'Malayalam', 'N'),
(579, 'Dr. Sigrid Stutz', '1976-11-22', 'M', 'Anglais', 'N'),
(580, 'Cäcilia Schärer', '1981-09-16', 'M', 'Somali', 'O'),
(581, 'Renzo Piane-Stradivari', '1993-01-17', 'M', 'Italien', 'O'),
(582, 'Alex Johnson', '1953-10-07', 'M', 'Tchèque', 'O'),
(583, 'Orinder Ganesan', '1947-05-17', 'M', 'Russe', 'O'),
(584, 'Beatriz Kessler', '1971-08-06', 'F', 'Tchèque', 'N'),
(585, 'Richard Mitchell', '1967-05-05', 'M', 'Allemand', 'O'),
(586, 'Marie Alvarez', '1955-04-07', 'F', 'Tchèque', 'N'),
(587, 'Ucchal Sachdev', '1962-07-05', 'F', 'Italien', 'N'),
(588, 'Michael Paschoud', '2012-02-01', 'M', 'Russe', 'N'),
(589, 'Deborah Espinoza', '1994-04-05', 'F', 'Anglais', 'N'),
(590, 'Upma Sem', '2006-12-20', 'F', 'Italien', 'N'),
(591, 'Tejas Yohannan', '1966-07-26', 'M', 'Italien', 'O'),
(592, 'Kamil Leunberger', '1994-05-03', 'M', 'Arabe', 'N'),
(593, 'Jessica Thorens', '1956-04-18', 'F', 'Français', 'N'),
(594, 'Ruben Winkler', '1985-11-14', 'F', 'Russe', 'O'),
(595, 'Graziano Mazzini', '1978-09-29', 'M', 'Malayalam', 'O'),
(596, 'Nicolas Bouvier', '1968-02-13', 'M', 'Français', 'N'),
(597, 'Melissa Calvo-Visintini', '1985-07-10', 'F', 'Allemand', 'N'),
(598, 'Varenya Lata', '1954-07-29', 'F', 'Tchèque', 'O'),
(599, 'Ashley Burns', '1972-08-11', 'F', 'Anglais', 'O'),
(600, 'Netra Varkey', '1989-07-17', 'F', 'Malayalam', 'N'),
(601, 'Daniel Campbell DVM', '1969-08-25', 'M', 'Français', 'N'),
(602, 'Lipika Wable', '1964-08-02', 'F', 'Français', 'O'),
(603, 'Tyler Walsh', '1955-02-23', 'M', 'Malayalam', 'N'),
(604, 'Marianne Rosselet', '2000-08-26', 'F', 'Russe', 'N'),
(605, 'Serafina Bignami', '1963-08-21', 'F', 'Anglais', 'O'),
(606, 'Julien Courvoisier', '1982-07-06', 'M', 'Français', 'O'),
(607, 'Bernardo Deledda', '2010-04-22', 'M', 'Russe', 'N'),
(608, 'Charlotte Cornuz', '1967-08-26', 'F', 'Tchèque', 'N'),
(609, 'Sophia Wenger Lüscher', '2013-01-13', 'F', 'Somali', 'N'),
(610, 'Margherita Togliatti', '1994-06-28', 'F', 'Russe', 'N'),
(611, 'Marianne Joly', '1997-03-03', 'F', 'Tchèque', 'N'),
(612, 'Ekalinga Balan', '1985-01-09', 'M', 'Russe', 'O'),
(613, 'Pratyush Manda', '2001-02-22', 'M', 'Italien', 'N'),
(614, 'Maanas Ahluwalia', '2003-02-03', 'M', 'Russe', 'N'),
(615, 'Miss Becky Jones', '1991-07-07', 'F', 'Tchèque', 'O'),
(616, 'Loïc Balmat', '2004-12-07', 'M', 'Anglais', 'N'),
(617, 'Prof. Umberto Weibel', '1962-11-17', 'F', 'Malayalam', 'N'),
(618, 'Daniel Rosselat-Godet', '1963-11-28', 'M', 'Italien', 'O'),
(619, 'Rudra Prashad', '1976-06-15', 'M', 'Italien', 'O'),
(620, 'Ekanta Bali', '2001-12-22', 'F', 'Italien', 'N'),
(621, 'Michelle Huang', '1961-01-12', 'F', 'Espagnol', 'O'),
(622, 'Lakshit Kaul', '1991-11-18', 'M', 'Italien', 'N'),
(623, 'Céline Duroux', '2008-12-31', 'F', 'Espagnol', 'N'),
(624, 'Charan Shah', '1989-10-08', 'M', 'Tchèque', 'O'),
(625, 'Joseph Fuller', '2002-08-22', 'M', 'Anglais', 'N'),
(626, 'Jessica Jones', '1999-12-22', 'F', 'Anglais', 'O'),
(627, 'Margaret Aguilar', '1994-12-28', 'F', 'Arabe', 'N'),
(628, 'Eliane Chatriand', '1968-09-21', 'F', 'Russe', 'O'),
(629, 'Faraj Ahluwalia', '1989-06-29', 'M', 'Italien', 'O'),
(630, 'Marlène Bucher', '1956-12-04', 'F', 'Français', 'N'),
(631, 'Amy Tyler', '2010-06-25', 'F', 'Tchèque', 'O'),
(632, 'Vincenzo Cannizzaro', '1950-12-15', 'M', 'Tchèque', 'O'),
(633, 'Alan Collins', '1965-04-18', 'M', 'Espagnol', 'N'),
(634, 'José Jacot-Descombes', '2006-04-09', 'M', 'Espagnol', 'N'),
(635, 'Camilla Panzera', '2006-07-26', 'F', 'Somali', 'O'),
(636, 'Pietro Portmann', '1996-06-13', 'F', 'Arabe', 'N'),
(637, 'Dr. Nelly Fischer', '1973-10-28', 'M', 'Russe', 'N'),
(638, 'Pascal Cosendey', '1969-06-08', 'M', 'Russe', 'N'),
(639, 'Stella Casalodi', '1968-05-13', 'F', 'Somali', 'O'),
(640, 'Annabelle Bosshard Kunz', '2011-09-07', 'M', 'Tchèque', 'N'),
(641, 'Lucie Polla', '1999-03-30', 'F', 'Somali', 'N'),
(642, 'Carrie Hill', '1979-05-28', 'F', 'Malayalam', 'N'),
(643, 'Anthony Robertson', '2003-07-18', 'M', 'Malayalam', 'O'),
(644, 'Flavio Giulietti', '1960-09-19', 'M', 'Allemand', 'O'),
(645, 'Nathan Conrad', '1957-05-23', 'M', 'Anglais', 'N'),
(646, 'Jesus Erickson', '1978-04-16', 'M', 'Malayalam', 'N'),
(647, 'Victoria Iannelli', '1945-06-01', 'F', 'Italien', 'O'),
(648, 'Silvestro Murri', '1951-05-06', 'M', 'Arabe', 'O'),
(649, 'Barbara Rich', '1993-12-13', 'F', 'Espagnol', 'O'),
(650, 'Randy Clark', '2010-08-05', 'M', 'Anglais', 'N'),
(651, 'Hugo Durante', '1964-09-15', 'M', 'Malayalam', 'N'),
(652, 'Jo Ramirez', '2010-03-22', 'F', 'Russe', 'N'),
(653, 'Brenda Sanford', '1951-03-03', 'F', 'Italien', 'N'),
(654, 'Irma Martinelli-Riccardi', '1960-12-19', 'F', 'Somali', 'N'),
(655, 'Veronika Maurer', '1980-11-23', 'F', 'Arabe', 'N'),
(656, 'Kristen Snyder', '1953-11-09', 'F', 'Tchèque', 'O'),
(657, 'Tommy Garcia', '2001-11-23', 'M', 'Russe', 'N'),
(658, 'Murat Jäggi', '1995-05-04', 'M', 'Italien', 'O'),
(659, 'Elaine Moore', '1984-11-09', 'F', 'Italien', 'N'),
(660, 'Tonya Fox', '1988-02-28', 'F', 'Russe', 'O'),
(661, 'Silvio Mazzeo', '1973-01-07', 'M', 'Espagnol', 'N'),
(662, 'Jessica Cross', '2012-08-31', 'F', 'Malayalam', 'N'),
(663, 'Joshua Jhaveri', '1990-05-08', 'M', 'Tchèque', 'N'),
(664, 'Austin Nelson', '2005-06-16', 'M', 'Russe', 'O'),
(665, 'Berenice Castellitto', '1960-12-09', 'F', 'Anglais', 'N'),
(666, 'Michèle Hirt', '1973-04-27', 'M', 'Malayalam', 'O'),
(667, 'Clara Hirt', '2006-01-05', 'F', 'Italien', 'N'),
(668, 'Owen Mukhopadhyay', '1960-04-09', 'M', 'Anglais', 'O'),
(669, 'Elladio Tremonti', '1986-03-01', 'M', 'Tchèque', 'N'),
(670, 'Devika Dani', '1986-08-12', 'F', 'Français', 'N'),
(671, 'Barkha Keer', '1985-01-30', 'F', 'Russe', 'N'),
(672, 'Ruben Hofer', '1952-09-01', 'M', 'Malayalam', 'O'),
(673, 'Brandon White', '1974-06-20', 'M', 'Russe', 'O'),
(674, 'Adriana Palazzo', '2004-12-21', 'F', 'Tchèque', 'N'),
(675, 'Ermanno Tamburini', '1948-12-20', 'M', 'Russe', 'O'),
(676, 'Jerry Gomez', '1956-11-21', 'M', 'Russe', 'O'),
(677, 'Brittney Robinson', '2005-12-15', 'F', 'Arabe', 'N'),
(678, 'Omar Sidler', '1986-12-12', 'F', 'Allemand', 'O'),
(679, 'Denise Vonlanthen', '1972-04-01', 'F', 'Espagnol', 'O'),
(680, 'Dr. Lucia Leu', '1989-10-19', 'M', 'Allemand', 'O'),
(681, 'Valerio Kessler', '1985-01-24', 'M', 'Allemand', 'N'),
(682, 'Michael Lewis', '1970-06-17', 'M', 'Tchèque', 'O'),
(683, 'Vanesa Senn', '1997-07-31', 'M', 'Anglais', 'N'),
(684, 'Jose Day', '1980-08-14', 'M', 'Français', 'N'),
(685, 'Dr. Raimund Fankhauser', '1982-02-17', 'F', 'Allemand', 'N'),
(686, 'Nik Beck', '1955-03-26', 'F', 'Arabe', 'O'),
(687, 'Cassandra Dibiasi', '1996-03-25', 'F', 'Italien', 'N'),
(688, 'Raffaele Barcaccia', '2011-11-21', 'M', 'Tchèque', 'N'),
(689, 'Vincenzo Rüegg', '1998-10-08', 'M', 'Anglais', 'N'),
(690, 'Emma Jacot-Guillarmod', '2010-09-07', 'F', 'Somali', 'N'),
(691, 'Barbara Camanni-Bossi', '1954-03-10', 'F', 'Malayalam', 'O'),
(692, 'Richard Johnson', '1997-06-24', 'M', 'Allemand', 'N'),
(693, 'Brett Gray', '1977-08-07', 'M', 'Arabe', 'O'),
(694, 'Kristin Olsen', '1957-04-28', 'F', 'Anglais', 'O'),
(695, 'Robert Droz', '1992-10-07', 'M', 'Tchèque', 'O'),
(696, 'Amol Ramachandran', '2012-11-19', 'M', 'Somali', 'N'),
(697, 'Michael Goodman', '2000-03-17', 'M', 'Somali', 'N'),
(698, 'Liliane Comte', '1955-11-24', 'F', 'Arabe', 'N'),
(699, 'Annika Steinmann', '1946-06-06', 'F', 'Allemand', 'N'),
(700, 'Jenny Berger', '1956-01-10', 'F', 'Arabe', 'N'),
(701, 'Richard Guerrero', '1960-04-24', 'M', 'Arabe', 'O'),
(702, 'Gayathri Virk', '1967-06-10', 'F', 'Français', 'N'),
(703, 'Ardita Zingg Kunz', '1954-09-17', 'M', 'Allemand', 'O'),
(704, 'Sandro Burcardo', '1997-10-29', 'M', 'Allemand', 'O'),
(705, 'Harish Prashad', '1976-02-13', 'M', 'Anglais', 'O'),
(706, 'Sig. Romeo Pavone', '1949-07-03', 'M', 'Espagnol', 'O'),
(707, 'Samuel Brandt', '1991-06-19', 'M', 'Tchèque', 'O'),
(708, 'Robert Wilson', '1959-10-24', 'M', 'Malayalam', 'N'),
(709, 'Marcel Rapin', '1960-05-17', 'M', 'Russe', 'O'),
(710, 'Thomas Chevalley-Chatriand', '2003-09-07', 'M', 'Malayalam', 'O'),
(711, 'Tristan Dawson', '1973-03-22', 'M', 'Somali', 'O'),
(712, 'Netra Loke', '1983-03-26', 'F', 'Anglais', 'O'),
(713, 'Avi Ramachandran', '1958-07-21', 'M', 'Tchèque', 'N'),
(714, 'Pratyush Sheth', '1962-03-15', 'M', 'Italien', 'O'),
(715, 'Rolando Corcos-Mannoia', '1972-07-29', 'M', 'Somali', 'N'),
(716, 'Stacy Moreno', '1961-07-23', 'F', 'Somali', 'O'),
(717, 'Patrick Hunter', '2012-07-13', 'M', 'Anglais', 'N'),
(718, 'Elizabeth Day', '1960-12-01', 'F', 'Espagnol', 'O'),
(719, 'Floriane Probst', '1975-01-06', 'F', 'Italien', 'O'),
(720, 'Cheryl Hubbard', '2010-04-20', 'F', 'Anglais', 'O'),
(721, 'Radha Bhasin', '1966-09-07', 'F', 'Tchèque', 'O'),
(722, 'Antonio Julliard', '1987-07-25', 'M', 'Russe', 'O'),
(723, 'Dott. Raffaellino Monte', '1951-07-12', 'M', 'Espagnol', 'N'),
(724, 'Laurence Chapuis', '2003-11-05', 'F', 'Espagnol', 'N'),
(725, 'Chameli Choudhary', '1948-07-14', 'F', 'Russe', 'O'),
(726, 'Aarini Bora', '1951-08-24', 'F', 'Français', 'O'),
(727, 'Oliver Schneider', '1947-04-06', 'F', 'Tchèque', 'O'),
(728, 'Aashi Parmer', '1960-03-13', 'F', 'Espagnol', 'O'),
(729, 'Victoria Meyer', '1998-11-10', 'F', 'Anglais', 'O'),
(730, 'Harsh Pandey', '1947-04-11', 'M', 'Arabe', 'O'),
(731, 'Michelle Whitehead', '1969-11-28', 'F', 'Malayalam', 'O'),
(732, 'Graziano Tanzini', '1981-08-25', 'M', 'Anglais', 'O'),
(733, 'Marina Lutz', '1984-10-21', 'M', 'Arabe', 'O'),
(734, 'David Becker', '1951-06-03', 'M', 'Français', 'O'),
(735, 'Lilla Romagnoli', '2011-06-18', 'F', 'Somali', 'N'),
(736, 'Sig. Mattia Balbi', '1998-01-26', 'M', 'Tchèque', 'N'),
(737, 'Louis Vallélian', '1972-10-24', 'M', 'Malayalam', 'O'),
(738, 'Anna Alber', '2010-01-16', 'F', 'Somali', 'N'),
(739, 'Jaqueline Weibel Hafner', '2002-10-26', 'F', 'Espagnol', 'N'),
(740, 'Roswitha Bolliger', '1954-11-08', 'M', 'Russe', 'N'),
(741, 'Mia Cox', '1967-03-07', 'F', 'Arabe', 'O'),
(742, 'Eliane Paccot', '1977-03-23', 'F', 'Russe', 'O'),
(743, 'Beatrice Bernasconi', '1993-07-08', 'F', 'Anglais', 'N'),
(744, 'Dott. Fiorenzo Tanzini', '1972-03-11', 'M', 'Espagnol', 'O'),
(745, 'Laetitia Saudan-Deladoëy', '1961-05-13', 'F', 'Italien', 'N'),
(746, 'Emina Albrecht', '1947-11-02', 'F', 'Somali', 'O'),
(747, 'Paul Godet', '1980-03-16', 'M', 'Anglais', 'N'),
(748, 'Anya Mutti', '1951-07-11', 'F', 'Espagnol', 'O'),
(749, 'Louisa Kern', '1962-03-11', 'F', 'Allemand', 'O'),
(750, 'Willie Jordan', '1990-02-04', 'M', 'Arabe', 'N'),
(751, 'Leopoldo Fagiani', '2010-04-01', 'M', 'Allemand', 'N'),
(752, 'Yvette Martin', '2009-01-24', 'F', 'Somali', 'N'),
(753, 'Tanish Ahuja', '2010-10-15', 'M', 'Français', 'N'),
(754, 'Gregory Williams', '1956-08-24', 'M', 'Français', 'N'),
(755, 'Marie-Laure Frey-Imhof', '1947-01-04', 'F', 'Somali', 'O'),
(756, 'David Berg', '1993-06-08', 'M', 'Arabe', 'N'),
(757, 'Ayush Andra', '1979-08-27', 'M', 'Espagnol', 'O'),
(758, 'Arin Sengupta', '1978-11-24', 'M', 'Anglais', 'N'),
(759, 'Beatrice Cantimori-Farinelli', '1989-11-30', 'F', 'Allemand', 'O'),
(760, 'Brandi Green', '1954-04-23', 'F', 'Malayalam', 'O'),
(761, 'Jay Brooks', '1953-12-14', 'M', 'Allemand', 'O'),
(762, 'Yachana Sodhi', '1961-05-22', 'F', 'Espagnol', 'O'),
(763, 'Wendy Cooper', '1979-04-23', 'F', 'Somali', 'N'),
(764, 'Manon Martin', '1978-06-19', 'F', 'Espagnol', 'O'),
(765, 'Christine Joye', '1954-06-27', 'F', 'Malayalam', 'O'),
(766, 'Wazir Andra', '1950-07-02', 'M', 'Italien', 'O'),
(767, 'Falan Nori', '1963-12-11', 'M', 'Somali', 'O'),
(768, 'Chanakya Peri', '1971-06-22', 'M', 'Italien', 'N'),
(769, 'Jeffrey Bailey', '2012-11-19', 'M', 'Anglais', 'N'),
(770, 'Alphons Montanari', '2001-03-23', 'M', 'Allemand', 'N'),
(771, 'Dr. Giuseppe Isler', '1963-08-06', 'F', 'Malayalam', 'O'),
(772, 'Jennifer Beck', '1982-11-14', 'F', 'Français', 'N'),
(773, 'Elise Portmann', '1989-01-29', 'M', 'Anglais', 'N'),
(774, 'Ettore Argan', '2011-03-12', 'M', 'Italien', 'N'),
(775, 'Adriano Petrucelli', '1977-12-15', 'M', 'Somali', 'N'),
(776, 'Brigitta Kaiser Thommen', '1964-01-03', 'M', 'Espagnol', 'O'),
(777, 'Jatin Boase', '1977-08-10', 'M', 'Malayalam', 'N'),
(778, 'Michelle Wilson', '1998-11-04', 'F', 'Espagnol', 'N'),
(779, 'Achim Kälin', '1989-08-10', 'M', 'Malayalam', 'O'),
(780, 'Prof. Flavia Kägi', '1970-03-06', 'M', 'Malayalam', 'N'),
(781, 'Vittorio Castioni', '1965-09-11', 'M', 'Somali', 'O'),
(782, 'Mélanie Montandon', '1979-08-02', 'F', 'Allemand', 'O'),
(783, 'Mirjana Schmid', '1974-01-01', 'M', 'Allemand', 'O'),
(784, 'Ekiya Goda', '1952-11-10', 'F', 'Somali', 'O'),
(785, 'Marcelle Pellet', '1974-12-15', 'F', 'Italien', 'O'),
(786, 'Agnolo Ficino', '2002-03-25', 'M', 'Somali', 'N'),
(787, 'Jesus Peterson', '1960-07-05', 'M', 'Français', 'O'),
(788, 'Anvi Rattan', '1957-03-29', 'F', 'Somali', 'N'),
(789, 'Clara Mottiez', '2002-08-24', 'F', 'Tchèque', 'N'),
(790, 'Ronald Kim', '1971-09-21', 'M', 'Tchèque', 'O'),
(791, 'Andrew Jennings', '1988-08-03', 'M', 'Italien', 'N'),
(792, 'Susi Stocker', '1983-10-17', 'F', 'Français', 'O'),
(793, 'Amber Sanchez', '2010-03-05', 'F', 'Italien', 'N'),
(794, 'Sig. Rocco Scarponi', '1947-01-16', 'M', 'Malayalam', 'O'),
(795, 'Valérie Rosselat', '1980-07-26', 'F', 'Italien', 'O'),
(796, 'José Robadey', '1969-06-24', 'M', 'Anglais', 'O'),
(797, 'Raymond Mccarty', '2010-02-04', 'M', 'Français', 'N'),
(798, 'Matthew White', '1974-09-12', 'M', 'Tchèque', 'N'),
(799, 'Giampiero Mezzetta', '1989-11-22', 'M', 'Français', 'O'),
(800, 'Kristian Bucher', '1972-05-14', 'F', 'Arabe', 'N'),
(801, 'Rayaan Goswami', '1998-08-11', 'M', 'Somali', 'O'),
(802, 'Shelly Jackson', '1962-10-04', 'F', 'Somali', 'N'),
(803, 'Jennifer Carr', '1987-04-03', 'F', 'Allemand', 'O'),
(804, 'Yvette Peitrequin', '1993-08-16', 'F', 'Tchèque', 'N'),
(805, 'Christopher Martinez', '1955-09-13', 'M', 'Somali', 'O'),
(806, 'Samar Dey', '1953-08-15', 'M', 'Tchèque', 'O'),
(807, 'Meghana Saxena', '1988-06-18', 'F', 'Espagnol', 'O'),
(808, 'Juliana Arnold Haas', '2001-02-13', 'F', 'Italien', 'N'),
(809, 'Christophe Diesbach', '1963-05-09', 'M', 'Français', 'O'),
(810, 'Marlies Lüscher', '2007-08-22', 'M', 'Russe', 'N'),
(811, 'Sandra Coigny', '1993-10-24', 'F', 'Arabe', 'O'),
(812, 'Tristan Ott', '1967-01-30', 'M', 'Italien', 'O'),
(813, 'Angela Gonzalez', '1946-01-27', 'F', 'Italien', 'O'),
(814, 'Manon Rapin', '1980-05-25', 'F', 'Français', 'N'),
(815, 'Veronica Bryant', '2010-03-14', 'F', 'Tchèque', 'N'),
(816, 'Sabrina Koch', '1956-07-06', 'F', 'Anglais', 'N'),
(817, 'Gelsomina Capecchi-Pometta', '1994-11-17', 'F', 'Allemand', 'N'),
(818, 'Xavier Sarma', '1991-03-04', 'M', 'Malayalam', 'O'),
(819, 'Mark Peters', '1997-11-03', 'M', 'Malayalam', 'O'),
(820, 'Lara Duvanel', '1992-09-04', 'F', 'Somali', 'N'),
(821, 'Natalia Comencini', '1970-03-28', 'F', 'Tchèque', 'O'),
(822, 'Dawn Wheeler', '1951-03-13', 'F', 'Tchèque', 'O'),
(823, 'Ronald Roman', '1979-08-20', 'M', 'Français', 'N'),
(824, 'Tiffany Ross', '1981-03-26', 'F', 'Malayalam', 'O'),
(825, 'Steven Rodriguez', '1985-01-15', 'M', 'Russe', 'O'),
(826, 'Georgette Bader Bolliger', '1985-10-20', 'M', 'Russe', 'N'),
(827, 'Dr. Elisabeth Mäder', '1971-06-02', 'F', 'Espagnol', 'N'),
(828, 'Prof. Edgar Lüscher', '1949-10-28', 'F', 'Malayalam', 'O'),
(829, 'Suzanne Brahier-Saudan', '1987-12-07', 'F', 'Français', 'O'),
(830, 'Vasana Parekh', '1985-02-22', 'F', 'Somali', 'O'),
(831, 'Josiane Beguin', '1967-01-13', 'F', 'Français', 'N'),
(832, 'Eveline Schlatter', '1950-08-14', 'M', 'Français', 'N'),
(833, 'Sig.ra Fabia Mazzini', '2010-12-09', 'F', 'Malayalam', 'N'),
(834, 'Michael Daniel', '1947-07-31', 'M', 'Allemand', 'O'),
(835, 'Kabir Borah', '1962-09-12', 'M', 'Anglais', 'O'),
(836, 'Francesco Peranda', '1987-01-25', 'M', 'Malayalam', 'O'),
(837, 'Eva Cornuz', '2008-10-10', 'F', 'Français', 'N'),
(838, 'Amara Sha', '1980-04-07', 'F', 'Malayalam', 'O'),
(839, 'Frank Berry', '1975-07-01', 'M', 'Russe', 'N'),
(840, 'Amadeo Pareto', '1952-01-06', 'M', 'Somali', 'O'),
(841, 'Sarah Smith', '1998-10-03', 'F', 'Français', 'N'),
(842, 'Marcella Carriera', '1995-10-18', 'F', 'Malayalam', 'N'),
(843, 'Giorgia Sinisi', '1954-06-14', 'F', 'Italien', 'O'),
(844, 'Roger Droz', '1983-07-15', 'M', 'Malayalam', 'O'),
(845, 'Zoltán Studer', '1992-04-08', 'F', 'Russe', 'N'),
(846, 'Fulvio Maderna', '1995-01-07', 'M', 'Arabe', 'N'),
(847, 'Erik Clark', '2006-04-07', 'M', 'Anglais', 'N'),
(848, 'Cipriano Gabbana', '1996-12-10', 'M', 'Allemand', 'N'),
(849, 'Alberico Marini', '1948-01-25', 'M', 'Arabe', 'O'),
(850, 'Michel Francillon', '2005-07-04', 'M', 'Français', 'N'),
(851, 'Wayne Sharp', '1981-01-21', 'M', 'Italien', 'O'),
(852, 'Todd Patton', '1981-08-06', 'M', 'Espagnol', 'N'),
(853, 'Stephen Lee', '2001-09-05', 'M', 'Arabe', 'N'),
(854, 'Janet Jacobs', '2007-03-31', 'F', 'Allemand', 'N'),
(855, 'Richard Trujillo', '1969-08-11', 'M', 'Français', 'O');
INSERT INTO `patient` (`id_patient`, `NomComplet`, `DATE_naissance`, `sexe`, `langue`, `hospitalise`) VALUES
(856, 'Esther Aebi Gloor', '1972-10-15', 'F', 'Français', 'O'),
(857, 'Shaun Irwin', '1957-11-27', 'M', 'Russe', 'N'),
(858, 'Kimberly French', '1981-02-10', 'F', 'Italien', 'O'),
(859, 'Dr. Zoran Wolf', '1977-10-05', 'M', 'Somali', 'O'),
(860, 'Fabiana Stöckli', '1960-12-18', 'M', 'Russe', 'N'),
(861, 'Emily Meyer', '1948-04-11', 'F', 'Anglais', 'O'),
(862, 'Mary Smith', '1959-02-20', 'F', 'Allemand', 'N'),
(863, 'Eric Turner', '1997-08-02', 'M', 'Tchèque', 'N'),
(864, 'Yadavi Nadig', '1969-07-17', 'F', 'Anglais', 'N'),
(865, 'Maria Johnston', '1974-03-28', 'F', 'Allemand', 'O'),
(866, 'Nihal Tailor', '1995-05-02', 'M', 'Somali', 'N'),
(867, 'Jasmina Schäfer', '1984-06-28', 'M', 'Italien', 'N'),
(868, 'Josefine Erni Knecht', '1950-06-01', 'F', 'Malayalam', 'O'),
(869, 'Giorgio Trillini', '1961-03-31', 'M', 'Italien', 'O'),
(870, 'Prof. Jane Friedli', '1954-08-26', 'F', 'Français', 'O'),
(871, 'Sig. Venancio Maderno', '1958-05-23', 'M', 'Allemand', 'O'),
(872, 'Nicolò Pasolini', '2000-04-16', 'M', 'Anglais', 'O'),
(873, 'Caleb Mital', '1962-04-03', 'M', 'Arabe', 'O'),
(874, 'Sylvia Boccioni', '2009-05-20', 'F', 'Malayalam', 'N'),
(875, 'Antonio Mottiez', '1985-03-11', 'M', 'Somali', 'N'),
(876, 'Jairaj Boase', '1973-05-21', 'M', 'Français', 'N'),
(877, 'Luciana Zoppetti', '2000-05-04', 'F', 'Somali', 'O'),
(878, 'Arlinda Stettler', '1950-12-09', 'F', 'Russe', 'O'),
(879, 'Vinaya Kuruvilla', '1994-11-21', 'F', 'Malayalam', 'N'),
(880, 'Daniel Chakraborty', '1953-07-22', 'M', 'Tchèque', 'O'),
(881, 'Stéphane Alber', '1992-05-19', 'M', 'Malayalam', 'O'),
(882, 'Crystal Williams', '1955-05-07', 'F', 'Russe', 'N'),
(883, 'Meagan Spencer', '2006-06-08', 'F', 'Arabe', 'N'),
(884, 'Anthony Martin', '2002-10-16', 'M', 'Malayalam', 'N'),
(885, 'Romana Canil', '1984-07-17', 'F', 'Malayalam', 'N'),
(886, 'Gaspare Deledda', '1951-06-30', 'M', 'Somali', 'O'),
(887, 'Lavanya Mahal', '1995-05-10', 'F', 'Tchèque', 'N'),
(888, 'Annetta Lollobrigida', '1995-05-18', 'F', 'Russe', 'N'),
(889, 'Dayita Anand', '1949-08-30', 'F', 'Espagnol', 'O'),
(890, 'Chad Simmons', '1964-04-24', 'M', 'Arabe', 'O'),
(891, 'Barbara Barnes', '1996-07-09', 'F', 'Russe', 'N'),
(892, 'Osvaldo Cutrufo', '2000-03-07', 'M', 'Russe', 'O'),
(893, 'Samuel Rosselat', '1987-04-19', 'M', 'Anglais', 'O'),
(894, 'Samantha Goodwin', '1956-01-30', 'F', 'Russe', 'N'),
(895, 'Randy Martin', '2004-10-17', 'M', 'Russe', 'N'),
(896, 'Sherry Walker', '1949-10-01', 'F', 'Malayalam', 'N'),
(897, 'Erin Gregory', '2006-11-21', 'F', 'Anglais', 'N'),
(898, 'Kay Steiner', '1971-08-28', 'M', 'Tchèque', 'N'),
(899, 'Veronica Bodoni', '1975-07-01', 'F', 'Français', 'N'),
(900, 'Loïc Rosselat-Courvoisier', '1949-03-06', 'M', 'Arabe', 'O'),
(901, 'Pascal Chappuis', '1982-04-20', 'M', 'Russe', 'N'),
(902, 'Lindita Tobler', '1977-08-11', 'M', 'Allemand', 'N'),
(903, 'Samuel Pingle', '2007-08-19', 'M', 'Arabe', 'N'),
(904, 'Luke Thaker', '1980-07-13', 'M', 'Allemand', 'O'),
(905, 'Maxime Brahier', '1985-11-17', 'M', 'Anglais', 'N'),
(906, 'Sachi Handa', '1952-05-24', 'F', 'Français', 'O'),
(907, 'Daria Romano', '1951-06-10', 'F', 'Malayalam', 'O'),
(908, 'Yatan Rao', '1961-09-19', 'M', 'Arabe', 'O'),
(909, 'William Khosla', '1977-11-21', 'M', 'Tchèque', 'N'),
(910, 'Christophe Blanc', '1975-08-27', 'M', 'Russe', 'O'),
(911, 'Ruggiero Ferrante', '1988-06-23', 'M', 'Français', 'O'),
(912, 'Gérard Rappaz', '2009-07-25', 'M', 'Français', 'N'),
(913, 'David Moore', '2001-08-01', 'M', 'Allemand', 'N'),
(914, 'Alice Martin-Rey', '2005-06-13', 'F', 'Allemand', 'O'),
(915, 'Prof. Virginia Lutz', '1954-06-02', 'F', 'Anglais', 'O'),
(916, 'Kenneth Calderon', '1979-08-16', 'M', 'Arabe', 'N'),
(917, 'Lucrezia Fermi', '1949-03-12', 'F', 'Anglais', 'N'),
(918, 'Annibale Speri', '1967-12-19', 'M', 'Allemand', 'N'),
(919, 'Mathilde Courvoisier', '1946-01-03', 'F', 'Espagnol', 'N'),
(920, 'Deborah Brewer', '1958-07-01', 'F', 'Russe', 'N'),
(921, 'Dayita Khurana', '1985-09-23', 'F', 'Russe', 'N'),
(922, 'Pranit Karan', '1996-06-23', 'M', 'Russe', 'N'),
(923, 'Larissa Gross', '1976-09-12', 'F', 'Espagnol', 'O'),
(924, 'Ekapad Kurian', '2005-06-29', 'M', 'Tchèque', 'N'),
(925, 'René Privet', '1999-02-01', 'M', 'Somali', 'N'),
(926, 'Michael Williams', '1975-12-26', 'M', 'Russe', 'N'),
(927, 'Laurence Delèze', '1946-02-15', 'F', 'Italien', 'O'),
(928, 'Giulietta Biagiotti', '1995-09-01', 'F', 'Espagnol', 'O'),
(929, 'Dorian Wagner-Frei', '1961-10-07', 'M', 'Malayalam', 'N'),
(930, 'Christopher Johnson', '1950-07-05', 'M', 'Allemand', 'O'),
(931, 'Sebastiano Leblanc', '1991-04-10', 'M', 'Malayalam', 'O'),
(932, 'Rachel Phillips', '2004-08-29', 'F', 'Espagnol', 'N'),
(933, 'Shawn Nelson', '1976-06-07', 'M', 'Allemand', 'O'),
(934, 'Gianluigi Traversa', '1979-01-10', 'M', 'Français', 'O'),
(935, 'Thea Aebi Kälin', '1992-04-09', 'M', 'Espagnol', 'N'),
(936, 'Marcelle Courvoisier', '2003-03-08', 'F', 'Tchèque', 'N'),
(937, 'Michel Bavaud', '1977-10-05', 'M', 'Espagnol', 'N'),
(938, 'Ellen Bowen', '2005-06-22', 'F', 'Espagnol', 'N'),
(939, 'Stanley Collier', '1964-07-04', 'M', 'Russe', 'N'),
(940, 'Michael Prince', '2008-08-23', 'M', 'Somali', 'N'),
(941, 'Léa Piccand', '1991-12-01', 'F', 'Anglais', 'N'),
(942, 'Sarah Flores', '1992-12-08', 'F', 'Arabe', 'N'),
(943, 'Brijesh Bassi', '1962-05-29', 'M', 'Anglais', 'O'),
(944, 'Armando Cesaroni', '1988-03-16', 'M', 'Anglais', 'O'),
(945, 'Elvira Zichichi', '2003-12-27', 'F', 'Anglais', 'N'),
(946, 'Roland Beuchat-Menthonnex', '1991-05-05', 'M', 'Russe', 'N'),
(947, 'Tristan Mayer', '2011-07-24', 'F', 'Espagnol', 'N'),
(948, 'Jacqueline Villa', '2012-12-30', 'F', 'Malayalam', 'N'),
(949, 'Upasna Mukherjee', '1974-09-12', 'F', 'Somali', 'N'),
(950, 'Sophia Avogadro', '2006-06-07', 'F', 'Anglais', 'N'),
(951, 'Sébastien Cattin', '1959-01-07', 'M', 'Arabe', 'O'),
(952, 'Massimo Vercelloni', '1956-08-15', 'M', 'Russe', 'N'),
(953, 'Isaiah Gulati', '1989-02-03', 'M', 'Anglais', 'O'),
(954, 'Nicoletta Dossi', '1997-03-11', 'F', 'Russe', 'O'),
(955, 'Stefani Cicala', '1966-06-07', 'F', 'Arabe', 'N'),
(956, 'Mattia Zaccardo', '1965-12-28', 'M', 'Anglais', 'O'),
(957, 'Amanda Davis', '1962-04-23', 'F', 'Anglais', 'O'),
(958, 'Diana Guidone', '1974-02-15', 'F', 'Allemand', 'N'),
(959, 'Katia Vogt-Schaub', '2000-05-05', 'F', 'Espagnol', 'O'),
(960, 'Michael Rubio', '2006-01-22', 'M', 'Anglais', 'N'),
(961, 'Tamanna Yadav', '1947-06-17', 'F', 'Malayalam', 'N'),
(962, 'Erica Chavez', '1971-10-27', 'F', 'Espagnol', 'N'),
(963, 'Anjali Goel', '1955-08-07', 'F', 'Allemand', 'N'),
(964, 'Drilon Rey', '1970-12-08', 'M', 'Français', 'O'),
(965, 'Zehaan Sandhu', '1945-09-06', 'M', 'Russe', 'O'),
(966, 'Manuel Boechat', '1968-05-21', 'M', 'Allemand', 'N'),
(967, 'Thomas Stöckli', '2004-01-26', 'M', 'Somali', 'N'),
(968, 'Ricky Clay', '2006-08-01', 'M', 'Allemand', 'N'),
(969, 'April Peterson', '1965-06-29', 'F', 'Arabe', 'N'),
(970, 'Dott. Lauretta Tacchini', '1945-06-12', 'F', 'Anglais', 'N'),
(971, 'Edmund Kern', '2008-02-16', 'F', 'Arabe', 'N'),
(972, 'Dott. Mariano Baresi', '1996-06-19', 'M', 'Malayalam', 'O'),
(973, 'Claude Vermeil', '2007-01-23', 'M', 'Tchèque', 'N'),
(974, 'Prof. Rosaria Steffen', '1955-06-07', 'F', 'Allemand', 'N'),
(975, 'Marie Chapuis', '1999-10-28', 'F', 'Tchèque', 'O'),
(976, 'Shaun Becker', '1988-03-16', 'M', 'Tchèque', 'O'),
(977, 'Claude Mayor', '1986-04-07', 'M', 'Allemand', 'O'),
(978, 'Maanav Ray', '1980-10-09', 'M', 'Allemand', 'O'),
(979, 'Georgette Rossellat', '1968-09-14', 'F', 'Tchèque', 'N'),
(980, 'Vansha Kota', '1973-09-02', 'F', 'Italien', 'N'),
(981, 'David Théraulaz', '1976-02-28', 'M', 'Anglais', 'O'),
(982, 'Leela Zachariah', '1960-03-30', 'F', 'Espagnol', 'O'),
(983, 'Brian Hernandez', '1986-08-06', 'M', 'Russe', 'O'),
(984, 'Aylin Müller', '1986-11-07', 'M', 'Malayalam', 'N'),
(985, 'Elodie Joly', '1963-05-16', 'F', 'Allemand', 'O'),
(986, 'Gertrude Hotz', '2009-05-12', 'F', 'Allemand', 'N'),
(987, 'Andrew Bell', '2008-08-31', 'M', 'Espagnol', 'N'),
(988, 'Julie Williams', '1980-01-10', 'F', 'Italien', 'O'),
(989, 'Evangelista Badoglio-Marazzi', '1967-09-25', 'F', 'Anglais', 'N'),
(990, 'Evangelista Versace', '2000-06-20', 'F', 'Arabe', 'N'),
(991, 'Ana Cosandey', '1963-03-30', 'F', 'Tchèque', 'N'),
(992, 'Christophe Rosselat', '2006-02-25', 'M', 'Espagnol', 'N'),
(993, 'Yvette Privet', '1962-03-25', 'F', 'Allemand', 'O'),
(994, 'Vanessa Julliard', '1946-10-24', 'F', 'Espagnol', 'O'),
(995, 'Vanessa Hunter', '1956-05-15', 'F', 'Somali', 'O'),
(996, 'Michelotto Basadonna', '1975-03-29', 'M', 'Malayalam', 'O'),
(997, 'Prof. Corina Berger', '1956-02-27', 'M', 'Russe', 'O'),
(998, 'Amar Martin', '1951-06-11', 'M', 'Allemand', 'O'),
(999, 'Ganga Dey', '1986-10-26', 'F', 'Anglais', 'O'),
(1000, 'Frédéric Bovet-Boechat', '1985-12-10', 'M', 'Anglais', 'N'),
(1001, 'Mohini Atwal', '1966-12-27', 'F', 'Russe', 'N'),
(1002, 'Maura Olivetti', '1962-02-04', 'F', 'Espagnol', 'N'),
(1003, 'Iolanda Pennetta', '2002-12-03', 'F', 'Français', 'N'),
(1004, 'Allison Maddox', '1985-01-31', 'F', 'Français', 'O'),
(1005, 'Charlotte Aeby', '1962-06-12', 'F', 'Arabe', 'N'),
(1006, 'Sig. Mauro Cafarchia', '1979-01-17', 'M', 'Espagnol', 'N'),
(1007, 'James Williamson', '1983-12-12', 'M', 'Italien', 'O'),
(1008, 'Brenda Baker', '1995-04-01', 'F', 'Italien', 'O'),
(1009, 'Robert Chung', '2002-06-12', 'M', 'Malayalam', 'N'),
(1010, 'Edward Robbins', '2010-10-10', 'M', 'Espagnol', 'N'),
(1011, 'Gary Orr', '1962-10-04', 'M', 'Tchèque', 'N'),
(1012, 'Donato Hermann', '1959-07-31', 'M', 'Anglais', 'O'),
(1013, 'Bhanumati Goda', '1973-01-11', 'F', 'Malayalam', 'O'),
(1014, 'Simone Bujard', '2009-04-15', 'F', 'Français', 'N'),
(1015, 'Alexander Huang', '1958-10-01', 'M', 'Russe', 'O'),
(1016, 'Louis Tinguely', '2003-04-22', 'M', 'Malayalam', 'N'),
(1017, 'Cinzia Hofstetter', '1996-03-10', 'M', 'Espagnol', 'O'),
(1018, 'Brenda Davis', '2012-09-28', 'F', 'Russe', 'N'),
(1019, 'Fiamma Pisacane', '1986-11-02', 'F', 'Malayalam', 'O'),
(1020, 'Sinisa Jost', '1945-11-23', 'M', 'Italien', 'O'),
(1021, 'Eleanora Jacuzzi', '1946-02-27', 'F', 'Malayalam', 'O'),
(1022, 'Eric Long', '1946-11-16', 'M', 'Malayalam', 'N'),
(1023, 'Ennio Bernardi', '1977-12-11', 'M', 'Anglais', 'N'),
(1024, 'Fiorenzo Gualandi-Rinaldi', '1979-03-06', 'M', 'Russe', 'O'),
(1025, 'Raffaellino Gritti', '1956-01-09', 'M', 'Tchèque', 'N'),
(1026, 'Birgit Ott Zingg', '1945-11-23', 'M', 'Allemand', 'O'),
(1027, 'Stacey Evans', '1965-07-25', 'F', 'Espagnol', 'N'),
(1028, 'Anita Chinnici', '1974-09-07', 'F', 'Espagnol', 'N'),
(1029, 'Anthony Jefferson', '1993-10-14', 'M', 'Somali', 'N'),
(1030, 'Roger Duvanel', '1960-10-10', 'M', 'Malayalam', 'N'),
(1031, 'Maxim Bieri', '2009-12-15', 'F', 'Anglais', 'N'),
(1032, 'Alice Humbert', '1972-06-25', 'F', 'Français', 'N'),
(1033, 'Geneviève Mayer', '1953-09-27', 'F', 'Somali', 'O'),
(1034, 'Dr. Agim Jenni', '1963-05-20', 'M', 'Anglais', 'O'),
(1035, 'Melinda Strong', '1987-10-12', 'F', 'Arabe', 'O'),
(1036, 'Elmar Hürlimann-Arnold', '1967-02-19', 'M', 'Italien', 'N'),
(1037, 'Katrin Merz', '2010-05-18', 'F', 'Anglais', 'N'),
(1038, 'Samantha Scott', '2012-03-30', 'F', 'Malayalam', 'N'),
(1039, 'Véronique de Dardel-Grojean', '1961-09-06', 'F', 'Russe', 'N'),
(1040, 'Matthew Compton', '1967-12-01', 'M', 'Italien', 'O'),
(1041, 'Aziz Müller', '1981-09-03', 'F', 'Espagnol', 'O'),
(1042, 'Mary Johnson', '1965-09-06', 'F', 'Français', 'O'),
(1043, 'Elmo Udinesi', '1973-10-06', 'M', 'Tchèque', 'N'),
(1044, 'Kenneth Wright', '1951-09-08', 'M', 'Somali', 'O'),
(1045, 'Luciana Dulbecco', '2002-10-12', 'F', 'Somali', 'N'),
(1046, 'Jerome Smith', '1983-04-01', 'M', 'Malayalam', 'N'),
(1047, 'Taylor Fisher', '1960-08-20', 'F', 'Espagnol', 'N'),
(1048, 'David Chopard', '1979-02-19', 'M', 'Arabe', 'N'),
(1049, 'Jessica Babey-Monnet', '2011-04-24', 'F', 'Tchèque', 'N'),
(1050, 'Prof. Gina Ernst', '1984-08-10', 'M', 'Français', 'N'),
(1051, 'Dr. Sladjana Tobler', '1967-03-21', 'F', 'Arabe', 'O'),
(1052, 'Laura Taccola', '1987-07-09', 'F', 'Espagnol', 'N'),
(1053, 'Agnese Baur', '1962-02-23', 'F', 'Tchèque', 'N'),
(1054, 'Adam Chan', '2006-09-13', 'M', 'Français', 'N'),
(1055, 'Carol Hotz', '1995-09-12', 'F', 'Anglais', 'N'),
(1056, 'Carol Ott', '2010-11-30', 'F', 'Allemand', 'N'),
(1057, 'Letizia Iannelli', '1961-11-28', 'F', 'Anglais', 'N'),
(1058, 'Aria Bertolucci-Borromeo', '2003-10-20', 'F', 'Italien', 'N'),
(1059, 'Misty Rodriguez', '1981-04-27', 'F', 'Français', 'N'),
(1060, 'Brandon Soto', '1987-07-10', 'M', 'Tchèque', 'O'),
(1061, 'Françoise Carron-Meyer', '2002-04-05', 'F', 'Allemand', 'O'),
(1062, 'Jalsa Wason', '1979-03-19', 'F', 'Italien', 'O'),
(1063, 'Charles Kar', '1989-02-13', 'M', 'Tchèque', 'N'),
(1064, 'Lori Joseph', '2009-12-08', 'F', 'Italien', 'N'),
(1065, 'Nathan Conrad', '1964-03-04', 'M', 'Tchèque', 'N'),
(1066, 'Sydney Rodriguez', '1945-03-26', 'F', 'Anglais', 'O'),
(1067, 'Rebecca Carson', '1952-08-16', 'F', 'Français', 'O'),
(1068, 'Romolo Taccola', '1979-08-21', 'M', 'Malayalam', 'O'),
(1069, 'Dr. Regula Mäder', '1994-01-17', 'F', 'Italien', 'N'),
(1070, 'Ojasvi Ram', '1963-03-26', 'F', 'Russe', 'N'),
(1071, 'Mahika Jayaraman', '1996-09-05', 'F', 'Espagnol', 'N'),
(1072, 'Jean-Pierre Bochud', '1967-07-06', 'M', 'Espagnol', 'O'),
(1073, 'Liliane Aeby-Meyer', '1991-06-01', 'F', 'Malayalam', 'O'),
(1074, 'Allegra Migliaccio', '1980-02-17', 'F', 'Italien', 'O'),
(1075, 'Kristina Staub', '2007-03-01', 'M', 'Italien', 'N'),
(1076, 'Januja Varty', '1977-07-13', 'F', 'Allemand', 'O'),
(1077, 'Connie Nielsen', '1999-07-15', 'F', 'Somali', 'N'),
(1078, 'Carrie Brandt', '2003-09-14', 'F', 'Allemand', 'N'),
(1079, 'Alice Chatriand', '2009-09-17', 'F', 'Espagnol', 'N'),
(1080, 'Philip Küng', '1983-09-14', 'M', 'Somali', 'N'),
(1081, 'Gilbert Charpié', '1948-11-02', 'M', 'Somali', 'O'),
(1082, 'Roger Vega', '1960-03-13', 'M', 'Arabe', 'N'),
(1083, 'Michelangelo Bonaventura', '1988-12-02', 'M', 'Espagnol', 'N'),
(1084, 'Elisabeth Chaudet', '1994-01-29', 'F', 'Somali', 'N'),
(1085, 'Taylor Pierce', '2000-11-28', 'M', 'Allemand', 'N'),
(1086, 'Jocelyn Daugherty', '1979-03-19', 'F', 'Russe', 'O'),
(1087, 'Gian Kohler', '1972-11-08', 'M', 'Arabe', 'N'),
(1088, 'Mrs. Gina Wright DDS', '1980-09-26', 'F', 'Anglais', 'O'),
(1089, 'Simone Gubéran', '2009-10-16', 'F', 'Somali', 'N'),
(1090, 'Domenico Hofstetter-Hess', '1967-10-19', 'F', 'Espagnol', 'N'),
(1091, 'Claudine Carraux', '1962-02-27', 'F', 'Italien', 'N'),
(1092, 'Adriana Bembo', '1991-05-03', 'F', 'Espagnol', 'O'),
(1093, 'Katherine Glover', '2012-09-26', 'F', 'Malayalam', 'N'),
(1094, 'Giacomo Brugnaro', '1984-09-07', 'M', 'Italien', 'O'),
(1095, 'Mohammed Dube', '1993-06-19', 'M', 'Tchèque', 'O'),
(1096, 'Michael Hodges', '1957-04-29', 'M', 'Français', 'N'),
(1097, 'Marcel Bovet', '1951-08-19', 'M', 'Italien', 'N'),
(1098, 'Tiffany Coleman', '2001-12-22', 'F', 'Allemand', 'N'),
(1099, 'Jari Tobler', '1991-06-16', 'M', 'Russe', 'N'),
(1100, 'David Buck', '1999-07-19', 'M', 'Tchèque', 'N'),
(1101, 'Donald Snyder', '2001-12-19', 'M', 'Somali', 'O'),
(1102, 'Gérard Morard', '2006-12-08', 'M', 'Italien', 'N'),
(1103, 'Adya Deshmukh', '1988-04-10', 'F', 'Allemand', 'N'),
(1104, 'Dott. Amleto Montesano', '1976-03-01', 'M', 'Espagnol', 'O'),
(1105, 'Sig. Armando Staglieno', '1987-11-20', 'M', 'Anglais', 'N');



INSERT INTO `profil_médical` (`id_profil_médical`, `id_patient`) VALUES
(1, 1),
(2, 2),
(3, 3),
(4, 4),
(5, 5),
(6, 6),
(7, 7),
(8, 8),
(9, 9),
(10, 10),
(11, 11),
(12, 12),
(13, 13),
(14, 14),
(15, 15),
(16, 16),
(17, 17),
(18, 18),
(19, 19),
(20, 20),
(21, 21),
(22, 22),
(23, 23),
(24, 24),
(25, 25),
(26, 26),
(27, 27),
(28, 28),
(29, 29),
(30, 30),
(31, 31),
(32, 32),
(33, 33),
(34, 34),
(35, 35),
(36, 36),
(37, 37),
(38, 38),
(39, 39),
(40, 40),
(41, 41),
(42, 42),
(43, 43),
(44, 44),
(45, 45),
(46, 46),
(47, 47),
(48, 48),
(49, 49),
(50, 50),
(51, 51),
(52, 52),
(53, 53),
(54, 54),
(55, 55),
(56, 56),
(57, 57),
(58, 58),
(59, 59),
(60, 60),
(61, 61),
(62, 62),
(63, 63),
(64, 64),
(65, 65),
(66, 66),
(67, 67),
(68, 68),
(69, 69),
(70, 70),
(71, 71),
(72, 72),
(73, 73),
(74, 74),
(75, 75),
(76, 76),
(77, 77),
(78, 78),
(79, 79),
(80, 80),
(81, 81),
(82, 82),
(83, 83),
(84, 84),
(85, 85),
(86, 86),
(87, 87),
(88, 88),
(89, 89),
(90, 90),
(91, 91),
(92, 92),
(93, 93),
(94, 94),
(95, 95),
(96, 96),
(97, 97),
(98, 98),
(99, 99),
(100, 100),
(101, 101),
(102, 102),
(103, 103),
(104, 104),
(105, 105),
(106, 106),
(107, 107),
(108, 108),
(109, 109),
(110, 110),
(111, 111),
(112, 112),
(113, 113),
(114, 114),
(115, 115),
(116, 116),
(117, 117),
(118, 118),
(119, 119),
(120, 120),
(121, 121),
(122, 122),
(123, 123),
(124, 124),
(125, 125),
(126, 126),
(127, 127),
(128, 128),
(129, 129),
(130, 130),
(131, 131),
(132, 132),
(133, 133),
(134, 134),
(135, 135),
(136, 136),
(137, 137),
(138, 138),
(139, 139),
(140, 140),
(141, 141),
(142, 142),
(143, 143),
(144, 144),
(145, 145),
(146, 146),
(147, 147),
(148, 148),
(149, 149),
(150, 150),
(151, 151),
(152, 152),
(153, 153),
(154, 154),
(155, 155),
(156, 156),
(157, 157),
(158, 158),
(159, 159),
(160, 160),
(161, 161),
(162, 162),
(163, 163),
(164, 164),
(165, 165),
(166, 166),
(167, 167),
(168, 168),
(169, 169),
(170, 170),
(171, 171),
(172, 172),
(173, 173),
(174, 174),
(175, 175),
(176, 176),
(177, 177),
(178, 178),
(179, 179),
(180, 180),
(181, 181),
(182, 182),
(183, 183),
(184, 184),
(185, 185),
(186, 186),
(187, 187),
(188, 188),
(189, 189),
(190, 190),
(191, 191),
(192, 192),
(193, 193),
(194, 194),
(195, 195),
(196, 196),
(197, 197),
(198, 198),
(199, 199),
(200, 200),
(201, 201),
(202, 202),
(203, 203),
(204, 204),
(205, 205),
(206, 206),
(207, 207),
(208, 208),
(209, 209),
(210, 210),
(211, 211),
(212, 212),
(213, 213),
(214, 214),
(215, 215),
(216, 216),
(217, 217),
(218, 218),
(219, 219),
(220, 220),
(221, 221),
(222, 222),
(223, 223),
(224, 224),
(225, 225),
(226, 226),
(227, 227),
(228, 228),
(229, 229),
(230, 230),
(231, 231),
(232, 232),
(233, 233),
(234, 234),
(235, 235),
(236, 236),
(237, 237),
(238, 238),
(239, 239),
(240, 240),
(241, 241),
(242, 242),
(243, 243),
(244, 244),
(245, 245),
(246, 246),
(247, 247),
(248, 248),
(249, 249),
(250, 250),
(251, 251),
(252, 252),
(253, 253),
(254, 254),
(255, 255),
(256, 256),
(257, 257),
(258, 258),
(259, 259),
(260, 260),
(261, 261),
(262, 262),
(263, 263),
(264, 264),
(265, 265),
(266, 266),
(267, 267),
(268, 268),
(269, 269),
(270, 270),
(271, 271),
(272, 272),
(273, 273),
(274, 274),
(275, 275),
(276, 276),
(277, 277),
(278, 278),
(279, 279),
(280, 280),
(281, 281),
(282, 282),
(283, 283),
(284, 284),
(285, 285),
(286, 286),
(287, 287),
(288, 288),
(289, 289),
(290, 290),
(291, 291),
(292, 292),
(293, 293),
(294, 294),
(295, 295),
(296, 296),
(297, 297),
(298, 298),
(299, 299),
(300, 300),
(301, 301),
(302, 302),
(303, 303),
(304, 304),
(305, 305),
(306, 306),
(307, 307),
(308, 308),
(309, 309),
(310, 310),
(311, 311),
(312, 312),
(313, 313),
(314, 314),
(315, 315),
(316, 316),
(317, 317),
(318, 318),
(319, 319),
(320, 320),
(321, 321),
(322, 322),
(323, 323),
(324, 324),
(325, 325),
(326, 326),
(327, 327),
(328, 328),
(329, 329),
(330, 330),
(331, 331),
(332, 332),
(333, 333),
(334, 334),
(335, 335),
(336, 336),
(337, 337),
(338, 338),
(339, 339),
(340, 340),
(341, 341),
(342, 342),
(343, 343),
(344, 344),
(345, 345),
(346, 346),
(347, 347),
(348, 348),
(349, 349),
(350, 350),
(351, 351),
(352, 352),
(353, 353),
(354, 354),
(355, 355),
(356, 356),
(357, 357),
(358, 358),
(359, 359),
(360, 360),
(361, 361),
(362, 362),
(363, 363),
(364, 364),
(365, 365),
(366, 366),
(367, 367),
(368, 368),
(369, 369),
(370, 370),
(371, 371),
(372, 372),
(373, 373),
(374, 374),
(375, 375),
(376, 376),
(377, 377),
(378, 378),
(379, 379),
(380, 380),
(381, 381),
(382, 382),
(383, 383),
(384, 384),
(385, 385),
(386, 386),
(387, 387),
(388, 388),
(389, 389),
(390, 390),
(391, 391),
(392, 392),
(393, 393),
(394, 394),
(395, 395),
(396, 396),
(397, 397),
(398, 398),
(399, 399),
(400, 400),
(401, 401),
(402, 402),
(403, 403),
(404, 404),
(405, 405),
(406, 406),
(407, 407),
(408, 408),
(409, 409),
(410, 410),
(411, 411),
(412, 412),
(413, 413),
(414, 414),
(415, 415),
(416, 416),
(417, 417),
(418, 418),
(419, 419),
(420, 420),
(421, 421),
(422, 422),
(423, 423),
(424, 424),
(425, 425),
(426, 426),
(427, 427),
(428, 428),
(429, 429),
(430, 430),
(431, 431),
(432, 432),
(433, 433),
(434, 434),
(435, 435),
(436, 436),
(437, 437),
(438, 438),
(439, 439),
(440, 440),
(441, 441),
(442, 442),
(443, 443),
(444, 444),
(445, 445),
(446, 446),
(447, 447),
(448, 448),
(449, 449),
(450, 450),
(451, 451),
(452, 452),
(453, 453),
(454, 454),
(455, 455),
(456, 456),
(457, 457),
(458, 458),
(459, 459),
(460, 460),
(461, 461),
(462, 462),
(463, 463),
(464, 464),
(465, 465),
(466, 466),
(467, 467),
(468, 468),
(469, 469),
(470, 470),
(471, 471),
(472, 472),
(473, 473),
(474, 474),
(475, 475),
(476, 476),
(477, 477),
(478, 478),
(479, 479),
(480, 480),
(481, 481),
(482, 482),
(483, 483),
(484, 484),
(485, 485),
(486, 486),
(487, 487),
(488, 488),
(489, 489),
(490, 490),
(491, 491),
(492, 492),
(493, 493),
(494, 494),
(495, 495),
(496, 496),
(497, 497),
(498, 498),
(499, 499),
(500, 500),
(501, 501),
(502, 502),
(503, 503),
(504, 504),
(505, 505),
(506, 506),
(507, 507),
(508, 508),
(509, 509),
(510, 510),
(511, 511),
(512, 512),
(513, 513),
(514, 514),
(515, 515),
(516, 516),
(517, 517),
(518, 518),
(519, 519),
(520, 520),
(521, 521),
(522, 522),
(523, 523),
(524, 524),
(525, 525),
(526, 526),
(527, 527),
(528, 528),
(529, 529),
(530, 530),
(531, 531),
(532, 532),
(533, 533),
(534, 534),
(535, 535),
(536, 536),
(537, 537),
(538, 538),
(539, 539),
(540, 540),
(541, 541),
(542, 542),
(543, 543),
(544, 544),
(545, 545),
(546, 546),
(547, 547),
(548, 548),
(549, 549),
(550, 550),
(551, 551),
(552, 552),
(553, 553),
(554, 554),
(555, 555),
(556, 556),
(557, 557),
(558, 558),
(559, 559),
(560, 560),
(561, 561),
(562, 562),
(563, 563),
(564, 564),
(565, 565),
(566, 566),
(567, 567),
(568, 568),
(569, 569),
(570, 570),
(571, 571),
(572, 572),
(573, 573),
(574, 574),
(575, 575),
(576, 576),
(577, 577),
(578, 578),
(579, 579),
(580, 580),
(581, 581),
(582, 582),
(583, 583),
(584, 584),
(585, 585),
(586, 586),
(587, 587),
(588, 588),
(589, 589),
(590, 590),
(591, 591),
(592, 592),
(593, 593),
(594, 594),
(595, 595),
(596, 596),
(597, 597),
(598, 598),
(599, 599),
(600, 600),
(601, 601),
(602, 602),
(603, 603),
(604, 604),
(605, 605),
(606, 606),
(607, 607),
(608, 608),
(609, 609),
(610, 610),
(611, 611),
(612, 612),
(613, 613),
(614, 614),
(615, 615),
(616, 616),
(617, 617),
(618, 618),
(619, 619),
(620, 620),
(621, 621),
(622, 622),
(623, 623),
(624, 624),
(625, 625),
(626, 626),
(627, 627),
(628, 628),
(629, 629),
(630, 630),
(631, 631),
(632, 632),
(633, 633),
(634, 634),
(635, 635),
(636, 636),
(637, 637),
(638, 638),
(639, 639),
(640, 640),
(641, 641),
(642, 642),
(643, 643),
(644, 644),
(645, 645),
(646, 646),
(647, 647),
(648, 648),
(649, 649),
(650, 650),
(651, 651),
(652, 652),
(653, 653),
(654, 654),
(655, 655),
(656, 656),
(657, 657),
(658, 658),
(659, 659),
(660, 660),
(661, 661),
(662, 662),
(663, 663),
(664, 664),
(665, 665),
(666, 666),
(667, 667),
(668, 668),
(669, 669),
(670, 670),
(671, 671),
(672, 672),
(673, 673),
(674, 674),
(675, 675),
(676, 676),
(677, 677),
(678, 678),
(679, 679),
(680, 680),
(681, 681),
(682, 682),
(683, 683),
(684, 684),
(685, 685),
(686, 686),
(687, 687),
(688, 688),
(689, 689),
(690, 690),
(691, 691),
(692, 692),
(693, 693),
(694, 694),
(695, 695),
(696, 696),
(697, 697),
(698, 698),
(699, 699),
(700, 700),
(701, 701),
(702, 702),
(703, 703),
(704, 704),
(705, 705),
(706, 706),
(707, 707),
(708, 708),
(709, 709),
(710, 710),
(711, 711),
(712, 712),
(713, 713),
(714, 714),
(715, 715),
(716, 716),
(717, 717),
(718, 718),
(719, 719),
(720, 720),
(721, 721),
(722, 722),
(723, 723),
(724, 724),
(725, 725),
(726, 726),
(727, 727),
(728, 728),
(729, 729),
(730, 730),
(731, 731),
(732, 732),
(733, 733),
(734, 734),
(735, 735),
(736, 736),
(737, 737),
(738, 738),
(739, 739),
(740, 740),
(741, 741),
(742, 742),
(743, 743),
(744, 744),
(745, 745),
(746, 746),
(747, 747),
(748, 748),
(749, 749),
(750, 750),
(751, 751),
(752, 752),
(753, 753),
(754, 754),
(755, 755),
(756, 756),
(757, 757),
(758, 758),
(759, 759),
(760, 760),
(761, 761),
(762, 762),
(763, 763),
(764, 764),
(765, 765),
(766, 766),
(767, 767),
(768, 768),
(769, 769),
(770, 770),
(771, 771),
(772, 772),
(773, 773),
(774, 774),
(775, 775),
(776, 776),
(777, 777),
(778, 778),
(779, 779),
(780, 780),
(781, 781),
(782, 782),
(783, 783),
(784, 784),
(785, 785),
(786, 786),
(787, 787),
(788, 788),
(789, 789),
(790, 790),
(791, 791),
(792, 792),
(793, 793),
(794, 794),
(795, 795),
(796, 796),
(797, 797),
(798, 798),
(799, 799),
(800, 800),
(801, 801),
(802, 802),
(803, 803),
(804, 804),
(805, 805),
(806, 806),
(807, 807),
(808, 808),
(809, 809),
(810, 810),
(811, 811),
(812, 812),
(813, 813),
(814, 814),
(815, 815),
(816, 816),
(817, 817),
(818, 818),
(819, 819),
(820, 820),
(821, 821),
(822, 822),
(823, 823),
(824, 824),
(825, 825),
(826, 826),
(827, 827),
(828, 828),
(829, 829),
(830, 830),
(831, 831),
(832, 832),
(833, 833),
(834, 834),
(835, 835),
(836, 836),
(837, 837),
(838, 838),
(839, 839),
(840, 840),
(841, 841),
(842, 842),
(843, 843),
(844, 844),
(845, 845),
(846, 846),
(847, 847),
(848, 848),
(849, 849),
(850, 850),
(851, 851),
(852, 852),
(853, 853),
(854, 854),
(855, 855),
(856, 856),
(857, 857),
(858, 858),
(859, 859),
(860, 860),
(861, 861),
(862, 862),
(863, 863),
(864, 864),
(865, 865),
(866, 866),
(867, 867),
(868, 868),
(869, 869),
(870, 870),
(871, 871),
(872, 872),
(873, 873),
(874, 874),
(875, 875),
(876, 876),
(877, 877),
(878, 878),
(879, 879),
(880, 880),
(881, 881),
(882, 882),
(883, 883),
(884, 884),
(885, 885),
(886, 886),
(887, 887),
(888, 888),
(889, 889),
(890, 890),
(891, 891),
(892, 892),
(893, 893),
(894, 894),
(895, 895),
(896, 896),
(897, 897),
(898, 898),
(899, 899),
(900, 900),
(901, 901),
(902, 902),
(903, 903),
(904, 904),
(905, 905),
(906, 906),
(907, 907),
(908, 908),
(909, 909),
(910, 910),
(911, 911),
(912, 912),
(913, 913),
(914, 914),
(915, 915),
(916, 916),
(917, 917),
(918, 918),
(919, 919),
(920, 920),
(921, 921),
(922, 922),
(923, 923),
(924, 924),
(925, 925),
(926, 926),
(927, 927),
(928, 928),
(929, 929),
(930, 930),
(931, 931),
(932, 932),
(933, 933),
(934, 934),
(935, 935),
(936, 936),
(937, 937),
(938, 938),
(939, 939),
(940, 940),
(941, 941),
(942, 942),
(943, 943),
(944, 944),
(945, 945),
(946, 946),
(947, 947),
(948, 948),
(949, 949),
(950, 950),
(951, 951),
(952, 952),
(953, 953),
(954, 954),
(955, 955),
(956, 956),
(957, 957),
(958, 958),
(959, 959),
(960, 960),
(961, 961),
(962, 962),
(963, 963),
(964, 964),
(965, 965),
(966, 966),
(967, 967),
(968, 968),
(969, 969),
(970, 970),
(971, 971),
(972, 972),
(973, 973),
(974, 974),
(975, 975),
(976, 976),
(977, 977),
(978, 978),
(979, 979),
(980, 980),
(981, 981),
(982, 982),
(983, 983),
(984, 984),
(985, 985),
(986, 986),
(987, 987),
(988, 988),
(989, 989),
(990, 990),
(991, 991),
(992, 992),
(993, 993),
(994, 994),
(995, 995),
(996, 996),
(997, 997),
(998, 998),
(999, 999),
(1000, 1000),
(1001, 1001),
(1002, 1002),
(1003, 1003),
(1004, 1004),
(1005, 1005),
(1006, 1006),
(1007, 1007),
(1008, 1008),
(1009, 1009),
(1010, 1010),
(1011, 1011),
(1012, 1012),
(1013, 1013),
(1014, 1014),
(1015, 1015),
(1016, 1016),
(1017, 1017),
(1018, 1018),
(1019, 1019),
(1020, 1020),
(1021, 1021),
(1022, 1022),
(1023, 1023),
(1024, 1024),
(1025, 1025),
(1026, 1026),
(1027, 1027),
(1028, 1028),
(1029, 1029),
(1030, 1030),
(1031, 1031),
(1032, 1032),
(1033, 1033),
(1034, 1034),
(1035, 1035),
(1036, 1036),
(1037, 1037),
(1038, 1038),
(1039, 1039),
(1040, 1040),
(1041, 1041),
(1042, 1042),
(1043, 1043),
(1044, 1044),
(1045, 1045),
(1046, 1046),
(1047, 1047),
(1048, 1048),
(1049, 1049),
(1050, 1050),
(1051, 1051),
(1052, 1052),
(1053, 1053),
(1054, 1054),
(1055, 1055),
(1056, 1056),
(1057, 1057),
(1058, 1058),
(1059, 1059),
(1060, 1060),
(1061, 1061),
(1062, 1062),
(1063, 1063),
(1064, 1064),
(1065, 1065),
(1066, 1066),
(1067, 1067),
(1068, 1068),
(1069, 1069),
(1070, 1070),
(1071, 1071),
(1072, 1072),
(1073, 1073),
(1074, 1074),
(1075, 1075),
(1076, 1076),
(1077, 1077),
(1078, 1078),
(1079, 1079),
(1080, 1080),
(1081, 1081),
(1082, 1082),
(1083, 1083),
(1084, 1084),
(1085, 1085),
(1086, 1086),
(1087, 1087),
(1088, 1088),
(1089, 1089),
(1090, 1090),
(1091, 1091),
(1092, 1092),
(1093, 1093),
(1094, 1094),
(1095, 1095),
(1096, 1096),
(1097, 1097),
(1098, 1098),
(1099, 1099),
(1100, 1100),
(1101, 1101),
(1102, 1102),
(1103, 1103),
(1104, 1104),
(1105, 1105);

INSERT INTO `facture` (`id_facture`, `id_patient`, `montant`, `date_`) VALUES
(1, 1, 250.5, '2024-05-10 09:00:00'),
(2, 2, 400, '2024-05-11 10:00:00'),
(3, 3, 180, '2024-05-12 12:00:00'),
(4, 4, 320, '2024-05-13 13:00:00'),
(5, 5, 210, '2024-05-14 14:00:00'),
(6, 6, 272.46, '2024-05-10 09:00:00'),
(7, 7, 366.71, '2024-05-11 10:00:00'),
(8, 8, 457.03, '2024-05-12 11:00:00'),
(9, 9, 368.2, '2024-05-13 12:00:00'),
(10, 10, 228.76, '2024-05-14 13:00:00'),
(11, 11, 322.1, '2024-05-15 14:00:00'),
(12, 12, 461.46, '2024-05-16 15:00:00'),
(13, 13, 385.27, '2024-05-17 16:00:00'),
(14, 14, 266.27, '2024-05-18 17:00:00'),
(15, 15, 256.63, '2024-05-19 18:00:00'),
(16, 16, 446.27, '2024-05-20 19:00:00'),
(17, 17, 473.28, '2024-05-21 20:00:00'),
(18, 18, 317.14, '2024-05-22 21:00:00'),
(19, 19, 239.76, '2024-05-23 22:00:00'),
(20, 20, 241.94, '2024-05-24 23:00:00'),
(21, 21, 168.82, '2024-05-26 00:00:00'),
(22, 22, 300.93, '2024-05-27 01:00:00'),
(23, 23, 285.27, '2024-05-28 02:00:00'),
(24, 24, 379.97, '2024-05-29 03:00:00'),
(25, 25, 246.8, '2024-05-30 04:00:00'),
(26, 26, 188.14, '2024-05-31 05:00:00'),
(27, 27, 353.8, '2024-06-01 06:00:00'),
(28, 28, 397.22, '2024-06-02 07:00:00'),
(29, 29, 312.4, '2024-06-03 08:00:00'),
(30, 30, 468.25, '2024-06-04 09:00:00'),
(31, 31, 188.58, '2024-06-05 10:00:00'),
(32, 32, 467.46, '2024-06-06 11:00:00'),
(33, 33, 274.06, '2024-06-07 12:00:00'),
(34, 34, 398.91, '2024-06-08 13:00:00'),
(35, 35, 394.42, '2024-06-09 14:00:00'),
(36, 36, 490.88, '2024-06-10 15:00:00'),
(37, 37, 249.01, '2024-06-11 16:00:00'),
(38, 38, 472.95, '2024-06-12 17:00:00'),
(39, 39, 284.88, '2024-06-13 18:00:00'),
(40, 40, 156.13, '2024-06-14 19:00:00'),
(41, 41, 341.3, '2024-06-15 20:00:00'),
(42, 42, 259.13, '2024-06-16 21:00:00'),
(43, 43, 288.91, '2024-06-17 22:00:00'),
(44, 44, 468.36, '2024-06-18 23:00:00'),
(45, 45, 257.73, '2024-06-20 00:00:00'),
(46, 46, 450.39, '2024-06-21 01:00:00'),
(47, 47, 133.47, '2024-06-22 02:00:00'),
(48, 48, 250.82, '2024-06-23 03:00:00'),
(49, 49, 177.46, '2024-06-24 04:00:00'),
(50, 50, 323.03, '2024-06-25 05:00:00'),
(51, 51, 260.81, '2024-06-26 06:00:00'),
(52, 52, 341.43, '2024-06-27 07:00:00'),
(53, 53, 177.63, '2024-06-28 08:00:00'),
(54, 54, 257.27, '2024-06-29 09:00:00'),
(55, 55, 273.38, '2024-06-30 10:00:00'),
(56, 56, 421.7, '2024-07-01 11:00:00'),
(57, 57, 269.36, '2024-07-02 12:00:00'),
(58, 58, 356.5, '2024-07-03 13:00:00'),
(59, 59, 451.46, '2024-07-04 14:00:00'),
(60, 60, 405.94, '2024-07-05 15:00:00'),
(61, 61, 265.27, '2024-07-06 16:00:00'),
(62, 62, 470.15, '2024-07-07 17:00:00'),
(63, 63, 274.08, '2024-07-08 18:00:00'),
(64, 64, 410.16, '2024-07-09 19:00:00'),
(65, 65, 243.1, '2024-07-10 20:00:00'),
(66, 66, 135.52, '2024-07-11 21:00:00'),
(67, 67, 385.03, '2024-07-12 22:00:00'),
(68, 68, 269.85, '2024-07-13 23:00:00'),
(69, 69, 372.82, '2024-07-15 00:00:00'),
(70, 70, 219.57, '2024-07-16 01:00:00'),
(71, 71, 301.32, '2024-07-17 02:00:00'),
(72, 72, 495.43, '2024-07-18 03:00:00'),
(73, 73, 457.02, '2024-07-19 04:00:00'),
(74, 74, 319.41, '2024-07-20 05:00:00'),
(75, 75, 308.65, '2024-07-21 06:00:00'),
(76, 76, 427.33, '2024-07-22 07:00:00'),
(77, 77, 309.67, '2024-07-23 08:00:00'),
(78, 78, 292.72, '2024-07-24 09:00:00'),
(79, 79, 384.23, '2024-07-25 10:00:00'),
(80, 80, 408.89, '2024-07-26 11:00:00'),
(81, 81, 137.9, '2024-07-27 12:00:00'),
(82, 82, 288.51, '2024-07-28 13:00:00'),
(83, 83, 430.56, '2024-07-29 14:00:00'),
(84, 84, 223.02, '2024-07-30 15:00:00'),
(85, 85, 299.9, '2024-07-31 16:00:00'),
(86, 86, 414.09, '2024-08-01 17:00:00'),
(87, 87, 455.21, '2024-08-02 18:00:00'),
(88, 88, 394.8, '2024-08-03 19:00:00'),
(89, 89, 145.81, '2024-08-04 20:00:00'),
(90, 90, 122.91, '2024-08-05 21:00:00'),
(91, 91, 457.7, '2024-08-06 22:00:00'),
(92, 92, 368.95, '2024-08-07 23:00:00'),
(93, 93, 360.64, '2024-08-09 00:00:00'),
(94, 94, 254.72, '2024-08-10 01:00:00'),
(95, 95, 120.93, '2024-08-11 02:00:00'),
(96, 96, 211.13, '2024-08-12 03:00:00'),
(97, 97, 212.13, '2024-08-13 04:00:00'),
(98, 98, 146.69, '2024-08-14 05:00:00'),
(99, 99, 433.82, '2024-08-15 06:00:00'),
(100, 100, 430.1, '2024-08-16 07:00:00'),
(101, 101, 269.34, '2024-08-17 08:00:00'),
(102, 102, 339.1, '2024-08-18 09:00:00'),
(103, 103, 400.57, '2024-08-19 10:00:00'),
(104, 104, 361.28, '2024-08-20 11:00:00'),
(105, 105, 341.67, '2024-08-21 12:00:00'),
(106, 106, 128.74, '2024-05-10 09:00:00'),
(107, 107, 448.41, '2024-05-11 10:00:00'),
(108, 108, 394.6, '2024-05-12 11:00:00'),
(109, 109, 233.87, '2024-05-13 12:00:00'),
(110, 110, 163.53, '2024-05-14 13:00:00'),
(111, 111, 115.88, '2024-05-15 14:00:00'),
(112, 112, 256.2, '2024-05-16 15:00:00'),
(113, 113, 225.68, '2024-05-17 16:00:00'),
(114, 114, 473.34, '2024-05-18 17:00:00'),
(115, 115, 279.21, '2024-05-19 18:00:00'),
(116, 116, 227.03, '2024-05-20 19:00:00'),
(117, 117, 423.62, '2024-05-21 20:00:00'),
(118, 118, 112.11, '2024-05-22 21:00:00'),
(119, 119, 311.55, '2024-05-23 22:00:00'),
(120, 120, 138.62, '2024-05-24 23:00:00'),
(121, 121, 403.51, '2024-05-26 00:00:00'),
(122, 122, 342.65, '2024-05-27 01:00:00'),
(123, 123, 321.17, '2024-05-28 02:00:00'),
(124, 124, 359.91, '2024-05-29 03:00:00'),
(125, 125, 166.94, '2024-05-30 04:00:00'),
(126, 126, 300.14, '2024-05-31 05:00:00'),
(127, 127, 290.1, '2024-06-01 06:00:00'),
(128, 128, 164.21, '2024-06-02 07:00:00'),
(129, 129, 131.55, '2024-06-03 08:00:00'),
(130, 130, 125.28, '2024-06-04 09:00:00'),
(131, 131, 250.3, '2024-06-05 10:00:00'),
(132, 132, 439.16, '2024-06-06 11:00:00'),
(133, 133, 121.82, '2024-06-07 12:00:00'),
(134, 134, 401.45, '2024-06-08 13:00:00'),
(135, 135, 192.87, '2024-06-09 14:00:00'),
(136, 136, 433.67, '2024-06-10 15:00:00'),
(137, 137, 425.43, '2024-06-11 16:00:00'),
(138, 138, 252.38, '2024-06-12 17:00:00'),
(139, 139, 216.58, '2024-06-13 18:00:00'),
(140, 140, 356.64, '2024-06-14 19:00:00'),
(141, 141, 304.58, '2024-06-15 20:00:00'),
(142, 142, 302.05, '2024-06-16 21:00:00'),
(143, 143, 233.74, '2024-06-17 22:00:00'),
(144, 144, 255.93, '2024-06-18 23:00:00'),
(145, 145, 495.39, '2024-06-20 00:00:00'),
(146, 146, 282.76, '2024-06-21 01:00:00'),
(147, 147, 331.91, '2024-06-22 02:00:00'),
(148, 148, 445.49, '2024-06-23 03:00:00'),
(149, 149, 279.62, '2024-06-24 04:00:00'),
(150, 150, 267.15, '2024-06-25 05:00:00'),
(151, 151, 377, '2024-06-26 06:00:00'),
(152, 152, 434.22, '2024-06-27 07:00:00'),
(153, 153, 331.21, '2024-06-28 08:00:00'),
(154, 154, 327.82, '2024-06-29 09:00:00'),
(155, 155, 308.05, '2024-06-30 10:00:00'),
(156, 156, 420.21, '2024-07-01 11:00:00'),
(157, 157, 497.42, '2024-07-02 12:00:00'),
(158, 158, 409.62, '2024-07-03 13:00:00'),
(159, 159, 212.85, '2024-07-04 14:00:00'),
(160, 160, 321.83, '2024-07-05 15:00:00'),
(161, 161, 415.18, '2024-07-06 16:00:00'),
(162, 162, 181.66, '2024-07-07 17:00:00'),
(163, 163, 218.96, '2024-07-08 18:00:00'),
(164, 164, 263.91, '2024-07-09 19:00:00'),
(165, 165, 203.89, '2024-07-10 20:00:00'),
(166, 166, 492.05, '2024-07-11 21:00:00'),
(167, 167, 159.8, '2024-07-12 22:00:00'),
(168, 168, 451.88, '2024-07-13 23:00:00'),
(169, 169, 155.28, '2024-07-15 00:00:00'),
(170, 170, 365.34, '2024-07-16 01:00:00'),
(171, 171, 233.17, '2024-07-17 02:00:00'),
(172, 172, 488, '2024-07-18 03:00:00'),
(173, 173, 257.05, '2024-07-19 04:00:00'),
(174, 174, 119.9, '2024-07-20 05:00:00'),
(175, 175, 408.89, '2024-07-21 06:00:00'),
(176, 176, 441.54, '2024-07-22 07:00:00'),
(177, 177, 129.32, '2024-07-23 08:00:00'),
(178, 178, 298.46, '2024-07-24 09:00:00'),
(179, 179, 410.48, '2024-07-25 10:00:00'),
(180, 180, 236.2, '2024-07-26 11:00:00'),
(181, 181, 127.57, '2024-07-27 12:00:00'),
(182, 182, 284.19, '2024-07-28 13:00:00'),
(183, 183, 333.77, '2024-07-29 14:00:00'),
(184, 184, 404.26, '2024-07-30 15:00:00'),
(185, 185, 463.08, '2024-07-31 16:00:00'),
(186, 186, 197.58, '2024-08-01 17:00:00'),
(187, 187, 268.73, '2024-08-02 18:00:00'),
(188, 188, 485.53, '2024-08-03 19:00:00'),
(189, 189, 482.09, '2024-08-04 20:00:00'),
(190, 190, 137.9, '2024-08-05 21:00:00'),
(191, 191, 113.94, '2024-08-06 22:00:00'),
(192, 192, 330.39, '2024-08-07 23:00:00'),
(193, 193, 381.78, '2024-08-09 00:00:00'),
(194, 194, 158.72, '2024-08-10 01:00:00'),
(195, 195, 409.53, '2024-08-11 02:00:00'),
(196, 196, 285.15, '2024-08-12 03:00:00'),
(197, 197, 313.82, '2024-08-13 04:00:00'),
(198, 198, 181.01, '2024-08-14 05:00:00'),
(199, 199, 339.56, '2024-08-15 06:00:00'),
(200, 200, 213.15, '2024-08-16 07:00:00'),
(201, 201, 243.07, '2024-08-17 08:00:00'),
(202, 202, 247.71, '2024-08-18 09:00:00'),
(203, 203, 379.71, '2024-08-19 10:00:00'),
(204, 204, 449.46, '2024-08-20 11:00:00'),
(205, 205, 412.12, '2024-08-21 12:00:00'),
(206, 206, 325.42, '2024-08-22 13:00:00'),
(207, 207, 391.77, '2024-08-23 14:00:00'),
(208, 208, 185.94, '2024-08-24 15:00:00'),
(209, 209, 418.01, '2024-08-25 16:00:00'),
(210, 210, 293.82, '2024-08-26 17:00:00'),
(211, 211, 426.62, '2024-08-27 18:00:00'),
(212, 212, 393.93, '2024-08-28 19:00:00'),
(213, 213, 474.22, '2024-08-29 20:00:00'),
(214, 214, 130.62, '2024-08-30 21:00:00'),
(215, 215, 346.57, '2024-08-31 22:00:00'),
(216, 216, 105.87, '2024-09-01 23:00:00'),
(217, 217, 436.35, '2024-09-03 00:00:00'),
(218, 218, 272.84, '2024-09-04 01:00:00'),
(219, 219, 244.63, '2024-09-05 02:00:00'),
(220, 220, 444.24, '2024-09-06 03:00:00'),
(221, 221, 213.69, '2024-09-07 04:00:00'),
(222, 222, 163.72, '2024-09-08 05:00:00'),
(223, 223, 252.43, '2024-09-09 06:00:00'),
(224, 224, 334.43, '2024-09-10 07:00:00'),
(225, 225, 428.88, '2024-09-11 08:00:00'),
(226, 226, 408.88, '2024-09-12 09:00:00'),
(227, 227, 451.94, '2024-09-13 10:00:00'),
(228, 228, 195.39, '2024-09-14 11:00:00'),
(229, 229, 316.06, '2024-09-15 12:00:00'),
(230, 230, 482.06, '2024-09-16 13:00:00'),
(231, 231, 366.03, '2024-09-17 14:00:00'),
(232, 232, 343.84, '2024-09-18 15:00:00'),
(233, 233, 139.97, '2024-09-19 16:00:00'),
(234, 234, 164.61, '2024-09-20 17:00:00'),
(235, 235, 467.06, '2024-09-21 18:00:00'),
(236, 236, 131.17, '2024-09-22 19:00:00'),
(237, 237, 176.4, '2024-09-23 20:00:00'),
(238, 238, 100.77, '2024-09-24 21:00:00'),
(239, 239, 206.26, '2024-09-25 22:00:00'),
(240, 240, 319.18, '2024-09-26 23:00:00'),
(241, 241, 102.65, '2024-09-28 00:00:00'),
(242, 242, 175.91, '2024-09-29 01:00:00'),
(243, 243, 469.08, '2024-09-30 02:00:00'),
(244, 244, 259.79, '2024-10-01 03:00:00'),
(245, 245, 331.09, '2024-10-02 04:00:00'),
(246, 246, 494.14, '2024-10-03 05:00:00'),
(247, 247, 362.03, '2024-10-04 06:00:00'),
(248, 248, 473.58, '2024-10-05 07:00:00'),
(249, 249, 275.41, '2024-10-06 08:00:00'),
(250, 250, 344.22, '2024-10-07 09:00:00'),
(251, 251, 301.76, '2024-10-08 10:00:00'),
(252, 252, 362.15, '2024-10-09 11:00:00'),
(253, 253, 189.03, '2024-10-10 12:00:00'),
(254, 254, 305.44, '2024-10-11 13:00:00'),
(255, 255, 401.97, '2024-10-12 14:00:00'),
(256, 256, 421.13, '2024-10-13 15:00:00'),
(257, 257, 210.84, '2024-10-14 16:00:00'),
(258, 258, 321.71, '2024-10-15 17:00:00'),
(259, 259, 146.48, '2024-10-16 18:00:00'),
(260, 260, 239.54, '2024-10-17 19:00:00'),
(261, 261, 420.58, '2024-10-18 20:00:00'),
(262, 262, 176.06, '2024-10-19 21:00:00'),
(263, 263, 104.32, '2024-10-20 22:00:00'),
(264, 264, 225.45, '2024-10-21 23:00:00'),
(265, 265, 243.17, '2024-10-23 00:00:00'),
(266, 266, 327.84, '2024-10-24 01:00:00'),
(267, 267, 215.6, '2024-10-25 02:00:00'),
(268, 268, 130.24, '2024-10-26 03:00:00'),
(269, 269, 381.48, '2024-10-27 04:00:00'),
(270, 270, 134.23, '2024-10-28 05:00:00'),
(271, 271, 473.36, '2024-10-29 06:00:00'),
(272, 272, 248.38, '2024-10-30 07:00:00'),
(273, 273, 336.28, '2024-10-31 08:00:00'),
(274, 274, 468.86, '2024-11-01 09:00:00'),
(275, 275, 467.35, '2024-11-02 10:00:00'),
(276, 276, 346.69, '2024-11-03 11:00:00'),
(277, 277, 338.22, '2024-11-04 12:00:00'),
(278, 278, 305.27, '2024-11-05 13:00:00'),
(279, 279, 328.86, '2024-11-06 14:00:00'),
(280, 280, 253.71, '2024-11-07 15:00:00'),
(281, 281, 161.17, '2024-11-08 16:00:00'),
(282, 282, 308.79, '2024-11-09 17:00:00'),
(283, 283, 316.97, '2024-11-10 18:00:00'),
(284, 284, 116.1, '2024-11-11 19:00:00'),
(285, 285, 115.41, '2024-11-12 20:00:00'),
(286, 286, 425.11, '2024-11-13 21:00:00'),
(287, 287, 454.63, '2024-11-14 22:00:00'),
(288, 288, 328.33, '2024-11-15 23:00:00'),
(289, 289, 397.92, '2024-11-17 00:00:00'),
(290, 290, 321.36, '2024-11-18 01:00:00'),
(291, 291, 228.23, '2024-11-19 02:00:00'),
(292, 292, 317.01, '2024-11-20 03:00:00'),
(293, 293, 161.89, '2024-11-21 04:00:00'),
(294, 294, 425.17, '2024-11-22 05:00:00'),
(295, 295, 369.94, '2024-11-23 06:00:00'),
(296, 296, 470.25, '2024-11-24 07:00:00'),
(297, 297, 369.06, '2024-11-25 08:00:00'),
(298, 298, 106.41, '2024-11-26 09:00:00'),
(299, 299, 293.78, '2024-11-27 10:00:00'),
(300, 300, 281.47, '2024-11-28 11:00:00'),
(301, 301, 266.99, '2024-11-29 12:00:00'),
(302, 302, 387.54, '2024-11-30 13:00:00'),
(303, 303, 211.06, '2024-12-01 14:00:00'),
(304, 304, 259.05, '2024-12-02 15:00:00'),
(305, 305, 258.17, '2024-12-03 16:00:00'),
(306, 306, 495.85, '2024-12-04 17:00:00'),
(307, 307, 263.7, '2024-12-05 18:00:00'),
(308, 308, 384.68, '2024-12-06 19:00:00'),
(309, 309, 374.95, '2024-12-07 20:00:00'),
(310, 310, 404.02, '2024-12-08 21:00:00'),
(311, 311, 242.05, '2024-12-09 22:00:00'),
(312, 312, 372.9, '2024-12-10 23:00:00'),
(313, 313, 121.02, '2024-12-12 00:00:00'),
(314, 314, 320.86, '2024-12-13 01:00:00'),
(315, 315, 346.91, '2024-12-14 02:00:00'),
(316, 316, 160.55, '2024-12-15 03:00:00'),
(317, 317, 201.6, '2024-12-16 04:00:00'),
(318, 318, 153.45, '2024-12-17 05:00:00'),
(319, 319, 258.93, '2024-12-18 06:00:00'),
(320, 320, 493.54, '2024-12-19 07:00:00'),
(321, 321, 405.09, '2024-12-20 08:00:00'),
(322, 322, 407.21, '2024-12-21 09:00:00'),
(323, 323, 189.19, '2024-12-22 10:00:00'),
(324, 324, 233.97, '2024-12-23 11:00:00'),
(325, 325, 486.08, '2024-12-24 12:00:00'),
(326, 326, 109.26, '2024-12-25 13:00:00'),
(327, 327, 264.15, '2024-12-26 14:00:00'),
(328, 328, 328.07, '2024-12-27 15:00:00'),
(329, 329, 119.24, '2024-12-28 16:00:00'),
(330, 330, 172.2, '2024-12-29 17:00:00'),
(331, 331, 120.33, '2024-12-30 18:00:00'),
(332, 332, 413.99, '2024-12-31 19:00:00'),
(333, 333, 102.27, '2025-01-01 20:00:00'),
(334, 334, 366.45, '2025-01-02 21:00:00'),
(335, 335, 125.24, '2025-01-03 22:00:00'),
(336, 336, 273.97, '2025-01-04 23:00:00'),
(337, 337, 359.27, '2025-01-06 00:00:00'),
(338, 338, 191.91, '2025-01-07 01:00:00'),
(339, 339, 351.74, '2025-01-08 02:00:00'),
(340, 340, 151.4, '2025-01-09 03:00:00'),
(341, 341, 344.9, '2025-01-10 04:00:00'),
(342, 342, 142.27, '2025-01-11 05:00:00'),
(343, 343, 245.15, '2025-01-12 06:00:00'),
(344, 344, 310.94, '2025-01-13 07:00:00'),
(345, 345, 199.46, '2025-01-14 08:00:00'),
(346, 346, 337.66, '2025-01-15 09:00:00'),
(347, 347, 265.38, '2025-01-16 10:00:00'),
(348, 348, 204.72, '2025-01-17 11:00:00'),
(349, 349, 333.95, '2025-01-18 12:00:00'),
(350, 350, 203.59, '2025-01-19 13:00:00'),
(351, 351, 489.17, '2025-01-20 14:00:00'),
(352, 352, 183.6, '2025-01-21 15:00:00'),
(353, 353, 144.32, '2025-01-22 16:00:00'),
(354, 354, 391.68, '2025-01-23 17:00:00'),
(355, 355, 433.09, '2025-01-24 18:00:00'),
(356, 356, 124.67, '2025-01-25 19:00:00'),
(357, 357, 251.03, '2025-01-26 20:00:00'),
(358, 358, 283.21, '2025-01-27 21:00:00'),
(359, 359, 464.23, '2025-01-28 22:00:00'),
(360, 360, 304.94, '2025-01-29 23:00:00'),
(361, 361, 455.87, '2025-01-31 00:00:00'),
(362, 362, 294.5, '2025-02-01 01:00:00'),
(363, 363, 193.36, '2025-02-02 02:00:00'),
(364, 364, 405.97, '2025-02-03 03:00:00'),
(365, 365, 374.65, '2025-02-04 04:00:00'),
(366, 366, 249.14, '2025-02-05 05:00:00'),
(367, 367, 179.91, '2025-02-06 06:00:00'),
(368, 368, 194.98, '2025-02-07 07:00:00'),
(369, 369, 361.56, '2025-02-08 08:00:00'),
(370, 370, 494.29, '2025-02-09 09:00:00'),
(371, 371, 324.01, '2025-02-10 10:00:00'),
(372, 372, 320.46, '2025-02-11 11:00:00'),
(373, 373, 116.71, '2025-02-12 12:00:00'),
(374, 374, 258.99, '2025-02-13 13:00:00'),
(375, 375, 162.85, '2025-02-14 14:00:00'),
(376, 376, 498.38, '2025-02-15 15:00:00'),
(377, 377, 103.12, '2025-02-16 16:00:00'),
(378, 378, 185.15, '2025-02-17 17:00:00'),
(379, 379, 158.08, '2025-02-18 18:00:00'),
(380, 380, 194.14, '2025-02-19 19:00:00'),
(381, 381, 438.57, '2025-02-20 20:00:00'),
(382, 382, 328.27, '2025-02-21 21:00:00'),
(383, 383, 366.02, '2025-02-22 22:00:00'),
(384, 384, 253.07, '2025-02-23 23:00:00'),
(385, 385, 133.37, '2025-02-25 00:00:00'),
(386, 386, 126.55, '2025-02-26 01:00:00'),
(387, 387, 350.68, '2025-02-27 02:00:00'),
(388, 388, 308.04, '2025-02-28 03:00:00'),
(389, 389, 393.77, '2025-03-01 04:00:00'),
(390, 390, 112.61, '2025-03-02 05:00:00'),
(391, 391, 143.2, '2025-03-03 06:00:00'),
(392, 392, 346.46, '2025-03-04 07:00:00'),
(393, 393, 131.12, '2025-03-05 08:00:00'),
(394, 394, 494.71, '2025-03-06 09:00:00'),
(395, 395, 188.56, '2025-03-07 10:00:00'),
(396, 396, 160.69, '2025-03-08 11:00:00'),
(397, 397, 454.64, '2025-03-09 12:00:00'),
(398, 398, 215.14, '2025-03-10 13:00:00'),
(399, 399, 430.84, '2025-03-11 14:00:00'),
(400, 400, 496.1, '2025-03-12 15:00:00'),
(401, 401, 113.01, '2025-03-13 16:00:00'),
(402, 402, 366.65, '2025-03-14 17:00:00'),
(403, 403, 382.89, '2025-03-15 18:00:00'),
(404, 404, 311.58, '2025-03-16 19:00:00'),
(405, 405, 178.4, '2025-03-17 20:00:00'),
(406, 406, 167.6, '2025-03-18 21:00:00'),
(407, 407, 459.21, '2025-03-19 22:00:00'),
(408, 408, 330.95, '2025-03-20 23:00:00'),
(409, 409, 333.32, '2025-03-22 00:00:00'),
(410, 410, 468.39, '2025-03-23 01:00:00'),
(411, 411, 306.11, '2025-03-24 02:00:00'),
(412, 412, 155.3, '2025-03-25 03:00:00'),
(413, 413, 334.94, '2025-03-26 04:00:00'),
(414, 414, 104, '2025-03-27 05:00:00'),
(415, 415, 112.57, '2025-03-28 06:00:00'),
(416, 416, 256.9, '2025-03-29 07:00:00'),
(417, 417, 107.39, '2025-03-30 08:00:00'),
(418, 418, 192.38, '2025-03-31 09:00:00'),
(419, 419, 267.63, '2025-04-01 10:00:00'),
(420, 420, 297.07, '2025-04-02 11:00:00'),
(421, 421, 229.83, '2025-04-03 12:00:00'),
(422, 422, 346.55, '2025-04-04 13:00:00'),
(423, 423, 291.22, '2025-04-05 14:00:00'),
(424, 424, 400.52, '2025-04-06 15:00:00'),
(425, 425, 364.64, '2025-04-07 16:00:00'),
(426, 426, 377.97, '2025-04-08 17:00:00'),
(427, 427, 159.54, '2025-04-09 18:00:00'),
(428, 428, 127.86, '2025-04-10 19:00:00'),
(429, 429, 453.24, '2025-04-11 20:00:00'),
(430, 430, 292.12, '2025-04-12 21:00:00'),
(431, 431, 459.99, '2025-04-13 22:00:00'),
(432, 432, 331.07, '2025-04-14 23:00:00'),
(433, 433, 183.3, '2025-04-16 00:00:00'),
(434, 434, 359.28, '2025-04-17 01:00:00'),
(435, 435, 207.73, '2025-04-18 02:00:00'),
(436, 436, 295.35, '2025-04-19 03:00:00'),
(437, 437, 238.73, '2025-04-20 04:00:00'),
(438, 438, 110.11, '2025-04-21 05:00:00'),
(439, 439, 497.24, '2025-04-22 06:00:00'),
(440, 440, 361.55, '2025-04-23 07:00:00'),
(441, 441, 445.64, '2025-04-24 08:00:00'),
(442, 442, 271.93, '2025-04-25 09:00:00'),
(443, 443, 499.48, '2025-04-26 10:00:00'),
(444, 444, 437.66, '2025-04-27 11:00:00'),
(445, 445, 456.36, '2025-04-28 12:00:00'),
(446, 446, 491.47, '2025-04-29 13:00:00'),
(447, 447, 215.11, '2025-04-30 14:00:00'),
(448, 448, 382.39, '2025-05-01 15:00:00'),
(449, 449, 108.82, '2025-05-02 16:00:00'),
(450, 450, 331.57, '2025-05-03 17:00:00'),
(451, 451, 341.75, '2025-05-04 18:00:00'),
(452, 452, 370.2, '2025-05-05 19:00:00'),
(453, 453, 240.93, '2025-05-06 20:00:00'),
(454, 454, 403.12, '2025-05-07 21:00:00'),
(455, 455, 228.02, '2025-05-08 22:00:00'),
(456, 456, 111.46, '2025-05-09 23:00:00'),
(457, 457, 147.72, '2025-05-11 00:00:00'),
(458, 458, 395.84, '2025-05-12 01:00:00'),
(459, 459, 459.11, '2025-05-13 02:00:00'),
(460, 460, 464.06, '2025-05-14 03:00:00'),
(461, 461, 319.47, '2025-05-15 04:00:00'),
(462, 462, 338.1, '2025-05-16 05:00:00'),
(463, 463, 349.27, '2025-05-17 06:00:00'),
(464, 464, 415.17, '2025-05-18 07:00:00'),
(465, 465, 290.83, '2025-05-19 08:00:00'),
(466, 466, 212.81, '2025-05-20 09:00:00'),
(467, 467, 134.88, '2025-05-21 10:00:00'),
(468, 468, 131.49, '2025-05-22 11:00:00'),
(469, 469, 249.78, '2025-05-23 12:00:00'),
(470, 470, 216.83, '2025-05-24 13:00:00'),
(471, 471, 129.49, '2025-05-25 14:00:00'),
(472, 472, 114.41, '2025-05-26 15:00:00'),
(473, 473, 374.65, '2025-05-27 16:00:00'),
(474, 474, 100.53, '2025-05-28 17:00:00'),
(475, 475, 247.17, '2025-05-29 18:00:00'),
(476, 476, 207.18, '2025-05-30 19:00:00'),
(477, 477, 134.72, '2025-05-31 20:00:00'),
(478, 478, 230.4, '2025-06-01 21:00:00'),
(479, 479, 357.89, '2025-06-02 22:00:00'),
(480, 480, 111.73, '2025-06-03 23:00:00'),
(481, 481, 240.02, '2025-06-05 00:00:00'),
(482, 482, 224.95, '2025-06-06 01:00:00'),
(483, 483, 311.77, '2025-06-07 02:00:00'),
(484, 484, 123.83, '2025-06-08 03:00:00'),
(485, 485, 124.14, '2025-06-09 04:00:00'),
(486, 486, 413.2, '2025-06-10 05:00:00'),
(487, 487, 221.37, '2025-06-11 06:00:00'),
(488, 488, 319.08, '2025-06-12 07:00:00'),
(489, 489, 276.4, '2025-06-13 08:00:00'),
(490, 490, 426.64, '2025-06-14 09:00:00'),
(491, 491, 249.28, '2025-06-15 10:00:00'),
(492, 492, 279.8, '2025-06-16 11:00:00'),
(493, 493, 416.53, '2025-06-17 12:00:00'),
(494, 494, 385.06, '2025-06-18 13:00:00'),
(495, 495, 297.2, '2025-06-19 14:00:00'),
(496, 496, 474.73, '2025-06-20 15:00:00'),
(497, 497, 326.67, '2025-06-21 16:00:00'),
(498, 498, 455, '2025-06-22 17:00:00'),
(499, 499, 301.89, '2025-06-23 18:00:00'),
(500, 500, 346.63, '2025-06-24 19:00:00'),
(501, 501, 329.61, '2025-06-25 20:00:00'),
(502, 502, 247.65, '2025-06-26 21:00:00'),
(503, 503, 459.22, '2025-06-27 22:00:00'),
(504, 504, 243.46, '2025-06-28 23:00:00'),
(505, 505, 102.33, '2025-06-30 00:00:00'),
(506, 506, 276.37, '2025-07-01 01:00:00'),
(507, 507, 292.12, '2025-07-02 02:00:00'),
(508, 508, 320.26, '2025-07-03 03:00:00'),
(509, 509, 320.44, '2025-07-04 04:00:00'),
(510, 510, 169.41, '2025-07-05 05:00:00'),
(511, 511, 110.41, '2025-07-06 06:00:00'),
(512, 512, 364.78, '2025-07-07 07:00:00'),
(513, 513, 497.19, '2025-07-08 08:00:00'),
(514, 514, 267.72, '2025-07-09 09:00:00'),
(515, 515, 310.42, '2025-07-10 10:00:00'),
(516, 516, 160.29, '2025-07-11 11:00:00'),
(517, 517, 349.26, '2025-07-12 12:00:00'),
(518, 518, 144.76, '2025-07-13 13:00:00'),
(519, 519, 477.89, '2025-07-14 14:00:00'),
(520, 520, 228.47, '2025-07-15 15:00:00'),
(521, 521, 313.94, '2025-07-16 16:00:00'),
(522, 522, 330.69, '2025-07-17 17:00:00'),
(523, 523, 105.55, '2025-07-18 18:00:00'),
(524, 524, 256.59, '2025-07-19 19:00:00'),
(525, 525, 136.02, '2025-07-20 20:00:00'),
(526, 526, 173.78, '2025-07-21 21:00:00'),
(527, 527, 493.25, '2025-07-22 22:00:00'),
(528, 528, 319.35, '2025-07-23 23:00:00'),
(529, 529, 429.91, '2025-07-25 00:00:00'),
(530, 530, 493.14, '2025-07-26 01:00:00'),
(531, 531, 148.07, '2025-07-27 02:00:00'),
(532, 532, 147.24, '2025-07-28 03:00:00'),
(533, 533, 472.46, '2025-07-29 04:00:00'),
(534, 534, 233.17, '2025-07-30 05:00:00'),
(535, 535, 482.49, '2025-07-31 06:00:00'),
(536, 536, 147.02, '2025-08-01 07:00:00'),
(537, 537, 333.08, '2025-08-02 08:00:00'),
(538, 538, 393.06, '2025-08-03 09:00:00'),
(539, 539, 115.27, '2025-08-04 10:00:00'),
(540, 540, 234.82, '2025-08-05 11:00:00'),
(541, 541, 392.13, '2025-08-06 12:00:00'),
(542, 542, 345.14, '2025-08-07 13:00:00'),
(543, 543, 412.53, '2025-08-08 14:00:00'),
(544, 544, 157.92, '2025-08-09 15:00:00'),
(545, 545, 156.52, '2025-08-10 16:00:00'),
(546, 546, 272.94, '2025-08-11 17:00:00'),
(547, 547, 169.54, '2025-08-12 18:00:00'),
(548, 548, 413.82, '2025-08-13 19:00:00'),
(549, 549, 449.94, '2025-08-14 20:00:00'),
(550, 550, 258.56, '2025-08-15 21:00:00'),
(551, 551, 367.08, '2025-08-16 22:00:00'),
(552, 552, 192.41, '2025-08-17 23:00:00'),
(553, 553, 460.29, '2025-08-19 00:00:00'),
(554, 554, 395.71, '2025-08-20 01:00:00'),
(555, 555, 170.09, '2025-08-21 02:00:00'),
(556, 556, 208.46, '2025-08-22 03:00:00'),
(557, 557, 173.91, '2025-08-23 04:00:00'),
(558, 558, 158.96, '2025-08-24 05:00:00'),
(559, 559, 137.6, '2025-08-25 06:00:00'),
(560, 560, 100.13, '2025-08-26 07:00:00'),
(561, 561, 389.85, '2025-08-27 08:00:00'),
(562, 562, 395.29, '2025-08-28 09:00:00'),
(563, 563, 406.65, '2025-08-29 10:00:00'),
(564, 564, 244.07, '2025-08-30 11:00:00'),
(565, 565, 390, '2025-08-31 12:00:00'),
(566, 566, 149.06, '2025-09-01 13:00:00'),
(567, 567, 154.25, '2025-09-02 14:00:00'),
(568, 568, 189.4, '2025-09-03 15:00:00'),
(569, 569, 252.16, '2025-09-04 16:00:00'),
(570, 570, 324.87, '2025-09-05 17:00:00'),
(571, 571, 332.85, '2025-09-06 18:00:00'),
(572, 572, 251.15, '2025-09-07 19:00:00'),
(573, 573, 473.84, '2025-09-08 20:00:00'),
(574, 574, 338.12, '2025-09-09 21:00:00'),
(575, 575, 257.3, '2025-09-10 22:00:00'),
(576, 576, 263.44, '2025-09-11 23:00:00'),
(577, 577, 284.44, '2025-09-13 00:00:00'),
(578, 578, 214.09, '2025-09-14 01:00:00'),
(579, 579, 255.05, '2025-09-15 02:00:00'),
(580, 580, 442.14, '2025-09-16 03:00:00'),
(581, 581, 201.29, '2025-09-17 04:00:00'),
(582, 582, 241.27, '2025-09-18 05:00:00'),
(583, 583, 472.49, '2025-09-19 06:00:00'),
(584, 584, 413.38, '2025-09-20 07:00:00'),
(585, 585, 138.83, '2025-09-21 08:00:00'),
(586, 586, 193.28, '2025-09-22 09:00:00'),
(587, 587, 147.12, '2025-09-23 10:00:00'),
(588, 588, 453.35, '2025-09-24 11:00:00'),
(589, 589, 423.37, '2025-09-25 12:00:00'),
(590, 590, 119.97, '2025-09-26 13:00:00'),
(591, 591, 213.17, '2025-09-27 14:00:00'),
(592, 592, 268.93, '2025-09-28 15:00:00'),
(593, 593, 330.61, '2025-09-29 16:00:00'),
(594, 594, 397.66, '2025-09-30 17:00:00'),
(595, 595, 331.51, '2025-10-01 18:00:00'),
(596, 596, 159.49, '2025-10-02 19:00:00'),
(597, 597, 131.43, '2025-10-03 20:00:00'),
(598, 598, 335.59, '2025-10-04 21:00:00'),
(599, 599, 471.09, '2025-10-05 22:00:00'),
(600, 600, 429.87, '2025-10-06 23:00:00'),
(601, 601, 337.31, '2025-10-08 00:00:00'),
(602, 602, 312.18, '2025-10-09 01:00:00'),
(603, 603, 359.88, '2025-10-10 02:00:00'),
(604, 604, 271.22, '2025-10-11 03:00:00'),
(605, 605, 253.41, '2025-10-12 04:00:00'),
(606, 606, 425.16, '2025-10-13 05:00:00'),
(607, 607, 206.19, '2025-10-14 06:00:00'),
(608, 608, 144.69, '2025-10-15 07:00:00'),
(609, 609, 418.08, '2025-10-16 08:00:00'),
(610, 610, 345.51, '2025-10-17 09:00:00'),
(611, 611, 416.43, '2025-10-18 10:00:00'),
(612, 612, 181.3, '2025-10-19 11:00:00'),
(613, 613, 292.27, '2025-10-20 12:00:00'),
(614, 614, 434.82, '2025-10-21 13:00:00'),
(615, 615, 339.3, '2025-10-22 14:00:00'),
(616, 616, 487.64, '2025-10-23 15:00:00'),
(617, 617, 163.4, '2025-10-24 16:00:00'),
(618, 618, 422.94, '2025-10-25 17:00:00'),
(619, 619, 327.11, '2025-10-26 18:00:00'),
(620, 620, 459.89, '2025-10-27 19:00:00'),
(621, 621, 258.9, '2025-10-28 20:00:00'),
(622, 622, 420.9, '2025-10-29 21:00:00'),
(623, 623, 107.38, '2025-10-30 22:00:00'),
(624, 624, 417.09, '2025-10-31 23:00:00'),
(625, 625, 178.58, '2025-11-02 00:00:00'),
(626, 626, 206.24, '2025-11-03 01:00:00'),
(627, 627, 301.11, '2025-11-04 02:00:00'),
(628, 628, 416.09, '2025-11-05 03:00:00'),
(629, 629, 214.57, '2025-11-06 04:00:00'),
(630, 630, 261.82, '2025-11-07 05:00:00'),
(631, 631, 487.39, '2025-11-08 06:00:00'),
(632, 632, 481.5, '2025-11-09 07:00:00'),
(633, 633, 193.73, '2025-11-10 08:00:00'),
(634, 634, 480.71, '2025-11-11 09:00:00'),
(635, 635, 417.93, '2025-11-12 10:00:00'),
(636, 636, 412.93, '2025-11-13 11:00:00'),
(637, 637, 488.64, '2025-11-14 12:00:00'),
(638, 638, 342.53, '2025-11-15 13:00:00'),
(639, 639, 139.29, '2025-11-16 14:00:00'),
(640, 640, 247.21, '2025-11-17 15:00:00'),
(641, 641, 299.44, '2025-11-18 16:00:00'),
(642, 642, 242.03, '2025-11-19 17:00:00'),
(643, 643, 269.24, '2025-11-20 18:00:00'),
(644, 644, 476.69, '2025-11-21 19:00:00'),
(645, 645, 454.21, '2025-11-22 20:00:00'),
(646, 646, 215.07, '2025-11-23 21:00:00'),
(647, 647, 462.45, '2025-11-24 22:00:00'),
(648, 648, 397.84, '2025-11-25 23:00:00'),
(649, 649, 438.23, '2025-11-27 00:00:00'),
(650, 650, 446.95, '2025-11-28 01:00:00'),
(651, 651, 431.82, '2025-11-29 02:00:00'),
(652, 652, 182.16, '2025-11-30 03:00:00'),
(653, 653, 384.72, '2025-12-01 04:00:00'),
(654, 654, 425.37, '2025-12-02 05:00:00'),
(655, 655, 235.9, '2025-12-03 06:00:00'),
(656, 656, 469.03, '2025-12-04 07:00:00'),
(657, 657, 386.21, '2025-12-05 08:00:00'),
(658, 658, 103.46, '2025-12-06 09:00:00'),
(659, 659, 270.66, '2025-12-07 10:00:00'),
(660, 660, 278.04, '2025-12-08 11:00:00'),
(661, 661, 384.34, '2025-12-09 12:00:00'),
(662, 662, 374.28, '2025-12-10 13:00:00'),
(663, 663, 206.06, '2025-12-11 14:00:00'),
(664, 664, 415.08, '2025-12-12 15:00:00'),
(665, 665, 327.97, '2025-12-13 16:00:00'),
(666, 666, 272.52, '2025-12-14 17:00:00'),
(667, 667, 272.18, '2025-12-15 18:00:00'),
(668, 668, 404.41, '2025-12-16 19:00:00'),
(669, 669, 140.49, '2025-12-17 20:00:00'),
(670, 670, 278.58, '2025-12-18 21:00:00'),
(671, 671, 296.32, '2025-12-19 22:00:00'),
(672, 672, 154.74, '2025-12-20 23:00:00'),
(673, 673, 254.9, '2025-12-22 00:00:00'),
(674, 674, 131.94, '2025-12-23 01:00:00'),
(675, 675, 430.01, '2025-12-24 02:00:00'),
(676, 676, 241.29, '2025-12-25 03:00:00'),
(677, 677, 437.08, '2025-12-26 04:00:00'),
(678, 678, 366.09, '2025-12-27 05:00:00'),
(679, 679, 435.39, '2025-12-28 06:00:00'),
(680, 680, 144.82, '2025-12-29 07:00:00'),
(681, 681, 474.53, '2025-12-30 08:00:00'),
(682, 682, 218.55, '2025-12-31 09:00:00'),
(683, 683, 367.3, '2026-01-01 10:00:00'),
(684, 684, 281.5, '2026-01-02 11:00:00'),
(685, 685, 218.82, '2026-01-03 12:00:00'),
(686, 686, 439, '2026-01-04 13:00:00'),
(687, 687, 135.38, '2026-01-05 14:00:00'),
(688, 688, 393.74, '2026-01-06 15:00:00'),
(689, 689, 358.44, '2026-01-07 16:00:00'),
(690, 690, 375.24, '2026-01-08 17:00:00'),
(691, 691, 248.49, '2026-01-09 18:00:00'),
(692, 692, 182.43, '2026-01-10 19:00:00'),
(693, 693, 421.22, '2026-01-11 20:00:00'),
(694, 694, 301.97, '2026-01-12 21:00:00'),
(695, 695, 210.31, '2026-01-13 22:00:00'),
(696, 696, 236.42, '2026-01-14 23:00:00'),
(697, 697, 184.31, '2026-01-16 00:00:00'),
(698, 698, 187.8, '2026-01-17 01:00:00'),
(699, 699, 276.42, '2026-01-18 02:00:00'),
(700, 700, 324.99, '2026-01-19 03:00:00'),
(701, 701, 302.47, '2026-01-20 04:00:00'),
(702, 702, 275.47, '2026-01-21 05:00:00'),
(703, 703, 464.71, '2026-01-22 06:00:00'),
(704, 704, 214.58, '2026-01-23 07:00:00'),
(705, 705, 313.83, '2026-01-24 08:00:00'),
(706, 706, 451.26, '2026-01-25 09:00:00'),
(707, 707, 305.63, '2026-01-26 10:00:00'),
(708, 708, 201.64, '2026-01-27 11:00:00'),
(709, 709, 282.73, '2026-01-28 12:00:00'),
(710, 710, 438.12, '2026-01-29 13:00:00'),
(711, 711, 324.71, '2026-01-30 14:00:00'),
(712, 712, 387.01, '2026-01-31 15:00:00'),
(713, 713, 418.06, '2026-02-01 16:00:00'),
(714, 714, 354.59, '2026-02-02 17:00:00'),
(715, 715, 256.05, '2026-02-03 18:00:00'),
(716, 716, 291.53, '2026-02-04 19:00:00'),
(717, 717, 470.39, '2026-02-05 20:00:00'),
(718, 718, 257.22, '2026-02-06 21:00:00'),
(719, 719, 422.39, '2026-02-07 22:00:00'),
(720, 720, 249.47, '2026-02-08 23:00:00'),
(721, 721, 381.21, '2026-02-10 00:00:00'),
(722, 722, 143.53, '2026-02-11 01:00:00'),
(723, 723, 212.39, '2026-02-12 02:00:00'),
(724, 724, 227.12, '2026-02-13 03:00:00'),
(725, 725, 407.17, '2026-02-14 04:00:00'),
(726, 726, 301.16, '2026-02-15 05:00:00'),
(727, 727, 150.19, '2026-02-16 06:00:00'),
(728, 728, 157, '2026-02-17 07:00:00'),
(729, 729, 478.19, '2026-02-18 08:00:00'),
(730, 730, 106.3, '2026-02-19 09:00:00'),
(731, 731, 298.64, '2026-02-20 10:00:00'),
(732, 732, 112.07, '2026-02-21 11:00:00'),
(733, 733, 131.81, '2026-02-22 12:00:00'),
(734, 734, 370.66, '2026-02-23 13:00:00'),
(735, 735, 405.01, '2026-02-24 14:00:00'),
(736, 736, 245.3, '2026-02-25 15:00:00'),
(737, 737, 117.29, '2026-02-26 16:00:00'),
(738, 738, 118.6, '2026-02-27 17:00:00'),
(739, 739, 109.04, '2026-02-28 18:00:00'),
(740, 740, 239.62, '2026-03-01 19:00:00'),
(741, 741, 410.64, '2026-03-02 20:00:00'),
(742, 742, 154.94, '2026-03-03 21:00:00'),
(743, 743, 429.83, '2026-03-04 22:00:00'),
(744, 744, 442.02, '2026-03-05 23:00:00'),
(745, 745, 384.33, '2026-03-07 00:00:00'),
(746, 746, 151.31, '2026-03-08 01:00:00'),
(747, 747, 361.8, '2026-03-09 02:00:00'),
(748, 748, 241.39, '2026-03-10 03:00:00'),
(749, 749, 471.8, '2026-03-11 04:00:00'),
(750, 750, 341.86, '2026-03-12 05:00:00'),
(751, 751, 421.22, '2026-03-13 06:00:00'),
(752, 752, 341.15, '2026-03-14 07:00:00'),
(753, 753, 217.89, '2026-03-15 08:00:00'),
(754, 754, 398.22, '2026-03-16 09:00:00'),
(755, 755, 226.34, '2026-03-17 10:00:00'),
(756, 756, 399.57, '2026-03-18 11:00:00'),
(757, 757, 150.23, '2026-03-19 12:00:00'),
(758, 758, 476.06, '2026-03-20 13:00:00'),
(759, 759, 228.4, '2026-03-21 14:00:00'),
(760, 760, 315.62, '2026-03-22 15:00:00'),
(761, 761, 279.53, '2026-03-23 16:00:00'),
(762, 762, 466.78, '2026-03-24 17:00:00'),
(763, 763, 320.12, '2026-03-25 18:00:00'),
(764, 764, 333.04, '2026-03-26 19:00:00'),
(765, 765, 408.19, '2026-03-27 20:00:00'),
(766, 766, 315.26, '2026-03-28 21:00:00'),
(767, 767, 446.77, '2026-03-29 22:00:00'),
(768, 768, 168.06, '2026-03-30 23:00:00'),
(769, 769, 214.16, '2026-04-01 00:00:00'),
(770, 770, 382.94, '2026-04-02 01:00:00'),
(771, 771, 188.67, '2026-04-03 02:00:00'),
(772, 772, 304.25, '2026-04-04 03:00:00'),
(773, 773, 180.75, '2026-04-05 04:00:00'),
(774, 774, 133.4, '2026-04-06 05:00:00'),
(775, 775, 264.17, '2026-04-07 06:00:00'),
(776, 776, 123.36, '2026-04-08 07:00:00'),
(777, 777, 225.7, '2026-04-09 08:00:00'),
(778, 778, 100.17, '2026-04-10 09:00:00'),
(779, 779, 442.81, '2026-04-11 10:00:00'),
(780, 780, 333.49, '2026-04-12 11:00:00'),
(781, 781, 101.54, '2026-04-13 12:00:00'),
(782, 782, 155.35, '2026-04-14 13:00:00'),
(783, 783, 234.46, '2026-04-15 14:00:00'),
(784, 784, 184.29, '2026-04-16 15:00:00'),
(785, 785, 327.42, '2026-04-17 16:00:00'),
(786, 786, 265.23, '2026-04-18 17:00:00'),
(787, 787, 315.62, '2026-04-19 18:00:00'),
(788, 788, 166.99, '2026-04-20 19:00:00'),
(789, 789, 128.82, '2026-04-21 20:00:00'),
(790, 790, 258.16, '2026-04-22 21:00:00'),
(791, 791, 423.46, '2026-04-23 22:00:00'),
(792, 792, 110.48, '2026-04-24 23:00:00'),
(793, 793, 485.25, '2026-04-26 00:00:00'),
(794, 794, 247.27, '2026-04-27 01:00:00'),
(795, 795, 409.1, '2026-04-28 02:00:00'),
(796, 796, 425.7, '2026-04-29 03:00:00'),
(797, 797, 248.47, '2026-04-30 04:00:00'),
(798, 798, 398.76, '2026-05-01 05:00:00'),
(799, 799, 494.94, '2026-05-02 06:00:00'),
(800, 800, 364.31, '2026-05-03 07:00:00'),
(801, 801, 455.12, '2026-05-04 08:00:00'),
(802, 802, 134.45, '2026-05-05 09:00:00'),
(803, 803, 422.79, '2026-05-06 10:00:00'),
(804, 804, 222.39, '2026-05-07 11:00:00'),
(805, 805, 316.37, '2026-05-08 12:00:00'),
(806, 806, 214.29, '2026-05-09 13:00:00'),
(807, 807, 388.79, '2026-05-10 14:00:00'),
(808, 808, 164.83, '2026-05-11 15:00:00'),
(809, 809, 229.77, '2026-05-12 16:00:00'),
(810, 810, 442.89, '2026-05-13 17:00:00'),
(811, 811, 127.73, '2026-05-14 18:00:00'),
(812, 812, 409.72, '2026-05-15 19:00:00'),
(813, 813, 239.78, '2026-05-16 20:00:00'),
(814, 814, 316.84, '2026-05-17 21:00:00'),
(815, 815, 387.69, '2026-05-18 22:00:00'),
(816, 816, 431.02, '2026-05-19 23:00:00'),
(817, 817, 480.49, '2026-05-21 00:00:00'),
(818, 818, 229.67, '2026-05-22 01:00:00'),
(819, 819, 231.44, '2026-05-23 02:00:00'),
(820, 820, 122.51, '2026-05-24 03:00:00'),
(821, 821, 127.61, '2026-05-25 04:00:00'),
(822, 822, 466.17, '2026-05-26 05:00:00'),
(823, 823, 232.02, '2026-05-27 06:00:00'),
(824, 824, 132.75, '2026-05-28 07:00:00'),
(825, 825, 265.17, '2026-05-29 08:00:00'),
(826, 826, 167.43, '2026-05-30 09:00:00'),
(827, 827, 339.51, '2026-05-31 10:00:00'),
(828, 828, 326.85, '2026-06-01 11:00:00'),
(829, 829, 351.82, '2026-06-02 12:00:00'),
(830, 830, 161.94, '2026-06-03 13:00:00'),
(831, 831, 353.08, '2026-06-04 14:00:00'),
(832, 832, 340.22, '2026-06-05 15:00:00'),
(833, 833, 263.39, '2026-06-06 16:00:00'),
(834, 834, 357.14, '2026-06-07 17:00:00'),
(835, 835, 117.19, '2026-06-08 18:00:00'),
(836, 836, 172.94, '2026-06-09 19:00:00'),
(837, 837, 402.54, '2026-06-10 20:00:00'),
(838, 838, 483.34, '2026-06-11 21:00:00'),
(839, 839, 365.95, '2026-06-12 22:00:00'),
(840, 840, 154.1, '2026-06-13 23:00:00'),
(841, 841, 239.13, '2026-06-15 00:00:00'),
(842, 842, 269.04, '2026-06-16 01:00:00'),
(843, 843, 351.05, '2026-06-17 02:00:00'),
(844, 844, 368.72, '2026-06-18 03:00:00'),
(845, 845, 459.38, '2026-06-19 04:00:00'),
(846, 846, 405.54, '2026-06-20 05:00:00'),
(847, 847, 306.6, '2026-06-21 06:00:00'),
(848, 848, 449.63, '2026-06-22 07:00:00'),
(849, 849, 123.22, '2026-06-23 08:00:00'),
(850, 850, 300.44, '2026-06-24 09:00:00'),
(851, 851, 144.18, '2026-06-25 10:00:00'),
(852, 852, 449, '2026-06-26 11:00:00'),
(853, 853, 412.39, '2026-06-27 12:00:00'),
(854, 854, 126.2, '2026-06-28 13:00:00'),
(855, 855, 278.83, '2026-06-29 14:00:00'),
(856, 856, 391.98, '2026-06-30 15:00:00'),
(857, 857, 226.73, '2026-07-01 16:00:00'),
(858, 858, 157.15, '2026-07-02 17:00:00'),
(859, 859, 172.78, '2026-07-03 18:00:00'),
(860, 860, 359.75, '2026-07-04 19:00:00'),
(861, 861, 241.52, '2026-07-05 20:00:00'),
(862, 862, 454.11, '2026-07-06 21:00:00'),
(863, 863, 267.47, '2026-07-07 22:00:00'),
(864, 864, 238.27, '2026-07-08 23:00:00'),
(865, 865, 132.41, '2026-07-10 00:00:00'),
(866, 866, 257.04, '2026-07-11 01:00:00'),
(867, 867, 250.69, '2026-07-12 02:00:00'),
(868, 868, 337.72, '2026-07-13 03:00:00'),
(869, 869, 165.99, '2026-07-14 04:00:00'),
(870, 870, 116.58, '2026-07-15 05:00:00'),
(871, 871, 107.71, '2026-07-16 06:00:00'),
(872, 872, 285.37, '2026-07-17 07:00:00'),
(873, 873, 492.84, '2026-07-18 08:00:00'),
(874, 874, 116.08, '2026-07-19 09:00:00'),
(875, 875, 266.68, '2026-07-20 10:00:00'),
(876, 876, 185.72, '2026-07-21 11:00:00'),
(877, 877, 422.52, '2026-07-22 12:00:00'),
(878, 878, 380.64, '2026-07-23 13:00:00'),
(879, 879, 126.51, '2026-07-24 14:00:00'),
(880, 880, 285.73, '2026-07-25 15:00:00'),
(881, 881, 226.35, '2026-07-26 16:00:00'),
(882, 882, 276.29, '2026-07-27 17:00:00'),
(883, 883, 197.5, '2026-07-28 18:00:00'),
(884, 884, 227.24, '2026-07-29 19:00:00'),
(885, 885, 363.61, '2026-07-30 20:00:00'),
(886, 886, 294.28, '2026-07-31 21:00:00'),
(887, 887, 103.28, '2026-08-01 22:00:00'),
(888, 888, 394.15, '2026-08-02 23:00:00'),
(889, 889, 193.22, '2026-08-04 00:00:00'),
(890, 890, 124.98, '2026-08-05 01:00:00'),
(891, 891, 233.7, '2026-08-06 02:00:00'),
(892, 892, 237.79, '2026-08-07 03:00:00'),
(893, 893, 489.49, '2026-08-08 04:00:00'),
(894, 894, 248.27, '2026-08-09 05:00:00'),
(895, 895, 479.04, '2026-08-10 06:00:00'),
(896, 896, 221.93, '2026-08-11 07:00:00'),
(897, 897, 127.49, '2026-08-12 08:00:00'),
(898, 898, 261.17, '2026-08-13 09:00:00'),
(899, 899, 143.94, '2026-08-14 10:00:00'),
(900, 900, 415.8, '2026-08-15 11:00:00'),
(901, 901, 308.74, '2026-08-16 12:00:00'),
(902, 902, 451.5, '2026-08-17 13:00:00'),
(903, 903, 142.29, '2026-08-18 14:00:00'),
(904, 904, 218.47, '2026-08-19 15:00:00'),
(905, 905, 240.91, '2026-08-20 16:00:00'),
(906, 906, 103.01, '2026-08-21 17:00:00'),
(907, 907, 437.55, '2026-08-22 18:00:00'),
(908, 908, 443.9, '2026-08-23 19:00:00'),
(909, 909, 423.37, '2026-08-24 20:00:00'),
(910, 910, 191.87, '2026-08-25 21:00:00'),
(911, 911, 167.52, '2026-08-26 22:00:00'),
(912, 912, 146.86, '2026-08-27 23:00:00'),
(913, 913, 321.04, '2026-08-29 00:00:00'),
(914, 914, 467.76, '2026-08-30 01:00:00'),
(915, 915, 338.99, '2026-08-31 02:00:00'),
(916, 916, 344.34, '2026-09-01 03:00:00'),
(917, 917, 334, '2026-09-02 04:00:00'),
(918, 918, 131.26, '2026-09-03 05:00:00'),
(919, 919, 235.26, '2026-09-04 06:00:00'),
(920, 920, 366.46, '2026-09-05 07:00:00'),
(921, 921, 479.59, '2026-09-06 08:00:00'),
(922, 922, 130.3, '2026-09-07 09:00:00'),
(923, 923, 271.76, '2026-09-08 10:00:00'),
(924, 924, 348.54, '2026-09-09 11:00:00'),
(925, 925, 499.06, '2026-09-10 12:00:00'),
(926, 926, 459.64, '2026-09-11 13:00:00'),
(927, 927, 240.47, '2026-09-12 14:00:00'),
(928, 928, 257.08, '2026-09-13 15:00:00'),
(929, 929, 449.69, '2026-09-14 16:00:00'),
(930, 930, 141.77, '2026-09-15 17:00:00'),
(931, 931, 428.03, '2026-09-16 18:00:00'),
(932, 932, 273.48, '2026-09-17 19:00:00'),
(933, 933, 328.41, '2026-09-18 20:00:00'),
(934, 934, 155.62, '2026-09-19 21:00:00'),
(935, 935, 250.5, '2026-09-20 22:00:00'),
(936, 936, 157.16, '2026-09-21 23:00:00'),
(937, 937, 326.75, '2026-09-23 00:00:00'),
(938, 938, 296.23, '2026-09-24 01:00:00'),
(939, 939, 308.85, '2026-09-25 02:00:00'),
(940, 940, 283.53, '2026-09-26 03:00:00'),
(941, 941, 478.31, '2026-09-27 04:00:00'),
(942, 942, 431.27, '2026-09-28 05:00:00'),
(943, 943, 461.9, '2026-09-29 06:00:00'),
(944, 944, 236.44, '2026-09-30 07:00:00'),
(945, 945, 427.9, '2026-10-01 08:00:00'),
(946, 946, 364.71, '2026-10-02 09:00:00'),
(947, 947, 388.33, '2026-10-03 10:00:00'),
(948, 948, 432.23, '2026-10-04 11:00:00'),
(949, 949, 301.05, '2026-10-05 12:00:00'),
(950, 950, 256.76, '2026-10-06 13:00:00'),
(951, 951, 310.07, '2026-10-07 14:00:00'),
(952, 952, 190.47, '2026-10-08 15:00:00'),
(953, 953, 340.82, '2026-10-09 16:00:00'),
(954, 954, 242.02, '2026-10-10 17:00:00'),
(955, 955, 286.45, '2026-10-11 18:00:00'),
(956, 956, 480.52, '2026-10-12 19:00:00'),
(957, 957, 447.33, '2026-10-13 20:00:00'),
(958, 958, 467.8, '2026-10-14 21:00:00'),
(959, 959, 284.45, '2026-10-15 22:00:00'),
(960, 960, 471.99, '2026-10-16 23:00:00'),
(961, 961, 291.04, '2026-10-18 00:00:00'),
(962, 962, 446.24, '2026-10-19 01:00:00'),
(963, 963, 455.44, '2026-10-20 02:00:00'),
(964, 964, 351.81, '2026-10-21 03:00:00'),
(965, 965, 140.52, '2026-10-22 04:00:00'),
(966, 966, 316.77, '2026-10-23 05:00:00'),
(967, 967, 446.25, '2026-10-24 06:00:00'),
(968, 968, 343.81, '2026-10-25 07:00:00'),
(969, 969, 311.23, '2026-10-26 08:00:00'),
(970, 970, 201.79, '2026-10-27 09:00:00'),
(971, 971, 264.34, '2026-10-28 10:00:00'),
(972, 972, 160.9, '2026-10-29 11:00:00'),
(973, 973, 499.82, '2026-10-30 12:00:00'),
(974, 974, 358.18, '2026-10-31 13:00:00'),
(975, 975, 431.17, '2026-11-01 14:00:00'),
(976, 976, 268.53, '2026-11-02 15:00:00'),
(977, 977, 486.55, '2026-11-03 16:00:00'),
(978, 978, 232.24, '2026-11-04 17:00:00'),
(979, 979, 260.37, '2026-11-05 18:00:00'),
(980, 980, 306.99, '2026-11-06 19:00:00'),
(981, 981, 408.31, '2026-11-07 20:00:00'),
(982, 982, 366.34, '2026-11-08 21:00:00'),
(983, 983, 138.25, '2026-11-09 22:00:00'),
(984, 984, 438.49, '2026-11-10 23:00:00'),
(985, 985, 137.75, '2026-11-12 00:00:00'),
(986, 986, 255.19, '2026-11-13 01:00:00'),
(987, 987, 168.16, '2026-11-14 02:00:00'),
(988, 988, 492.27, '2026-11-15 03:00:00'),
(989, 989, 295.29, '2026-11-16 04:00:00'),
(990, 990, 471.05, '2026-11-17 05:00:00'),
(991, 991, 365.44, '2026-11-18 06:00:00'),
(992, 992, 368.69, '2026-11-19 07:00:00'),
(993, 993, 154.38, '2026-11-20 08:00:00'),
(994, 994, 204.67, '2026-11-21 09:00:00'),
(995, 995, 434.76, '2026-11-22 10:00:00'),
(996, 996, 240.94, '2026-11-23 11:00:00'),
(997, 997, 311.16, '2026-11-24 12:00:00'),
(998, 998, 257.12, '2026-11-25 13:00:00'),
(999, 999, 420.66, '2026-11-26 14:00:00'),
(1000, 1000, 448.37, '2026-11-27 15:00:00'),
(1001, 1001, 457.8, '2026-11-28 16:00:00'),
(1002, 1002, 402.65, '2026-11-29 17:00:00'),
(1003, 1003, 308.33, '2026-11-30 18:00:00'),
(1004, 1004, 342, '2026-12-01 19:00:00'),
(1005, 1005, 274.88, '2026-12-02 20:00:00'),
(1006, 1006, 188.4, '2026-12-03 21:00:00'),
(1007, 1007, 390.67, '2026-12-04 22:00:00'),
(1008, 1008, 325.12, '2026-12-05 23:00:00'),
(1009, 1009, 224.94, '2026-12-07 00:00:00'),
(1010, 1010, 289.73, '2026-12-08 01:00:00'),
(1011, 1011, 374.67, '2026-12-09 02:00:00'),
(1012, 1012, 459.7, '2026-12-10 03:00:00'),
(1013, 1013, 382.24, '2026-12-11 04:00:00'),
(1014, 1014, 408.79, '2026-12-12 05:00:00'),
(1015, 1015, 280.44, '2026-12-13 06:00:00'),
(1016, 1016, 129.43, '2026-12-14 07:00:00'),
(1017, 1017, 223.73, '2026-12-15 08:00:00'),
(1018, 1018, 186.56, '2026-12-16 09:00:00'),
(1019, 1019, 144.83, '2026-12-17 10:00:00'),
(1020, 1020, 129.49, '2026-12-18 11:00:00'),
(1021, 1021, 202.54, '2026-12-19 12:00:00'),
(1022, 1022, 369.37, '2026-12-20 13:00:00'),
(1023, 1023, 373.95, '2026-12-21 14:00:00'),
(1024, 1024, 361.31, '2026-12-22 15:00:00'),
(1025, 1025, 123.64, '2026-12-23 16:00:00'),
(1026, 1026, 211.54, '2026-12-24 17:00:00'),
(1027, 1027, 212.09, '2026-12-25 18:00:00'),
(1028, 1028, 450.36, '2026-12-26 19:00:00'),
(1029, 1029, 168.99, '2026-12-27 20:00:00'),
(1030, 1030, 291.88, '2026-12-28 21:00:00'),
(1031, 1031, 257.08, '2026-12-29 22:00:00'),
(1032, 1032, 463.85, '2026-12-30 23:00:00'),
(1033, 1033, 200.79, '2027-01-01 00:00:00'),
(1034, 1034, 135.64, '2027-01-02 01:00:00'),
(1035, 1035, 210.27, '2027-01-03 02:00:00'),
(1036, 1036, 485.38, '2027-01-04 03:00:00'),
(1037, 1037, 426.21, '2027-01-05 04:00:00'),
(1038, 1038, 238.54, '2027-01-06 05:00:00'),
(1039, 1039, 311.76, '2027-01-07 06:00:00'),
(1040, 1040, 178.73, '2027-01-08 07:00:00'),
(1041, 1041, 389.41, '2027-01-09 08:00:00'),
(1042, 1042, 254.62, '2027-01-10 09:00:00'),
(1043, 1043, 212.67, '2027-01-11 10:00:00'),
(1044, 1044, 145.3, '2027-01-12 11:00:00'),
(1045, 1045, 460.15, '2027-01-13 12:00:00'),
(1046, 1046, 255.94, '2027-01-14 13:00:00'),
(1047, 1047, 373.08, '2027-01-15 14:00:00'),
(1048, 1048, 252.09, '2027-01-16 15:00:00'),
(1049, 1049, 463.72, '2027-01-17 16:00:00'),
(1050, 1050, 389.2, '2027-01-18 17:00:00'),
(1051, 1051, 351.13, '2027-01-19 18:00:00'),
(1052, 1052, 398.84, '2027-01-20 19:00:00'),
(1053, 1053, 235.21, '2027-01-21 20:00:00'),
(1054, 1054, 195.66, '2027-01-22 21:00:00'),
(1055, 1055, 347.97, '2027-01-23 22:00:00'),
(1056, 1056, 435.12, '2027-01-24 23:00:00'),
(1057, 1057, 298.48, '2027-01-26 00:00:00'),
(1058, 1058, 243.64, '2027-01-27 01:00:00'),
(1059, 1059, 416.48, '2027-01-28 02:00:00'),
(1060, 1060, 190.17, '2027-01-29 03:00:00'),
(1061, 1061, 110.85, '2027-01-30 04:00:00'),
(1062, 1062, 328.18, '2027-01-31 05:00:00'),
(1063, 1063, 212.65, '2027-02-01 06:00:00'),
(1064, 1064, 126.07, '2027-02-02 07:00:00'),
(1065, 1065, 424.41, '2027-02-03 08:00:00'),
(1066, 1066, 374.47, '2027-02-04 09:00:00'),
(1067, 1067, 228.25, '2027-02-05 10:00:00'),
(1068, 1068, 427.35, '2027-02-06 11:00:00'),
(1069, 1069, 244.33, '2027-02-07 12:00:00'),
(1070, 1070, 497.44, '2027-02-08 13:00:00'),
(1071, 1071, 263.5, '2027-02-09 14:00:00'),
(1072, 1072, 147.03, '2027-02-10 15:00:00'),
(1073, 1073, 183.86, '2027-02-11 16:00:00'),
(1074, 1074, 144.99, '2027-02-12 17:00:00'),
(1075, 1075, 496.2, '2027-02-13 18:00:00'),
(1076, 1076, 323.62, '2027-02-14 19:00:00'),
(1077, 1077, 343.92, '2027-02-15 20:00:00'),
(1078, 1078, 471.74, '2027-02-16 21:00:00'),
(1079, 1079, 488.44, '2027-02-17 22:00:00'),
(1080, 1080, 370.05, '2027-02-18 23:00:00'),
(1081, 1081, 377.66, '2027-02-20 00:00:00'),
(1082, 1082, 149.77, '2027-02-21 01:00:00'),
(1083, 1083, 320.51, '2027-02-22 02:00:00'),
(1084, 1084, 338.11, '2027-02-23 03:00:00'),
(1085, 1085, 404.04, '2027-02-24 04:00:00'),
(1086, 1086, 283.48, '2027-02-25 05:00:00'),
(1087, 1087, 125.56, '2027-02-26 06:00:00'),
(1088, 1088, 449.7, '2027-02-27 07:00:00'),
(1089, 1089, 233.61, '2027-02-28 08:00:00'),
(1090, 1090, 158.35, '2027-03-01 09:00:00'),
(1091, 1091, 340.16, '2027-03-02 10:00:00'),
(1092, 1092, 155.99, '2027-03-03 11:00:00'),
(1093, 1093, 443.9, '2027-03-04 12:00:00'),
(1094, 1094, 134.51, '2027-03-05 13:00:00'),
(1095, 1095, 270.6, '2027-03-06 14:00:00'),
(1096, 1096, 416.07, '2027-03-07 15:00:00'),
(1097, 1097, 295.45, '2027-03-08 16:00:00'),
(1098, 1098, 460.02, '2027-03-09 17:00:00'),
(1099, 1099, 128.37, '2027-03-10 18:00:00'),
(1100, 1100, 488.13, '2027-03-11 19:00:00'),
(1101, 1101, 444.03, '2027-03-12 20:00:00'),
(1102, 1102, 124.76, '2027-03-13 21:00:00'),
(1103, 1103, 412.03, '2027-03-14 22:00:00'),
(1104, 1104, 258.72, '2027-03-15 23:00:00'),
(1105, 1105, 258.16, '2027-03-17 00:00:00');

INSERT INTO `assurance` (`id_assurance`, `id_facture`, `description`) VALUES
(1, 1, 'Assurance maladie'),
(2, 2, 'Assurance privée'),
(3, 3, 'Assurance internationale'),
(4, 4, 'Assurance étudiante'),
(5, 5, 'Assurance privée'),
(6, 6, 'Assurance maladie'),
(7, 7, 'Assurance privée'),
(8, 8, 'Assurance internationale'),
(9, 9, 'Assurance étudiante'),
(10, 10, 'Assurance privée'),
(11, 11, 'Assurance maladie'),
(12, 12, 'Assurance privée'),
(13, 13, 'Assurance internationale'),
(14, 14, 'Assurance étudiante'),
(15, 15, 'Assurance privée'),
(16, 16, 'Assurance maladie'),
(17, 17, 'Assurance privée'),
(18, 18, 'Assurance internationale'),
(19, 19, 'Assurance étudiante'),
(20, 20, 'Assurance privée'),
(21, 21, 'Assurance maladie'),
(22, 22, 'Assurance privée'),
(23, 23, 'Assurance internationale'),
(24, 24, 'Assurance étudiante'),
(25, 25, 'Assurance privée'),
(26, 26, 'Assurance maladie'),
(27, 27, 'Assurance privée'),
(28, 28, 'Assurance internationale'),
(29, 29, 'Assurance étudiante'),
(30, 30, 'Assurance privée'),
(31, 31, 'Assurance maladie'),
(32, 32, 'Assurance privée'),
(33, 33, 'Assurance internationale'),
(34, 34, 'Assurance étudiante'),
(35, 35, 'Assurance privée'),
(36, 36, 'Assurance maladie'),
(37, 37, 'Assurance privée'),
(38, 38, 'Assurance internationale'),
(39, 39, 'Assurance étudiante'),
(40, 40, 'Assurance privée'),
(41, 41, 'Assurance maladie'),
(42, 42, 'Assurance privée'),
(43, 43, 'Assurance internationale'),
(44, 44, 'Assurance étudiante'),
(45, 45, 'Assurance privée'),
(46, 46, 'Assurance maladie'),
(47, 47, 'Assurance privée'),
(48, 48, 'Assurance internationale'),
(49, 49, 'Assurance étudiante'),
(50, 50, 'Assurance privée'),
(51, 51, 'Assurance maladie'),
(52, 52, 'Assurance privée'),
(53, 53, 'Assurance internationale'),
(54, 54, 'Assurance étudiante'),
(55, 55, 'Assurance privée'),
(56, 56, 'Assurance maladie'),
(57, 57, 'Assurance privée'),
(58, 58, 'Assurance internationale'),
(59, 59, 'Assurance étudiante'),
(60, 60, 'Assurance privée'),
(61, 61, 'Assurance maladie'),
(62, 62, 'Assurance privée'),
(63, 63, 'Assurance internationale'),
(64, 64, 'Assurance étudiante'),
(65, 65, 'Assurance privée'),
(66, 66, 'Assurance maladie'),
(67, 67, 'Assurance privée'),
(68, 68, 'Assurance internationale'),
(69, 69, 'Assurance étudiante'),
(70, 70, 'Assurance privée'),
(71, 71, 'Assurance maladie'),
(72, 72, 'Assurance privée'),
(73, 73, 'Assurance internationale'),
(74, 74, 'Assurance étudiante'),
(75, 75, 'Assurance privée'),
(76, 76, 'Assurance maladie'),
(77, 77, 'Assurance privée'),
(78, 78, 'Assurance internationale'),
(79, 79, 'Assurance étudiante'),
(80, 80, 'Assurance privée'),
(81, 81, 'Assurance maladie'),
(82, 82, 'Assurance privée'),
(83, 83, 'Assurance internationale'),
(84, 84, 'Assurance étudiante'),
(85, 85, 'Assurance privée'),
(86, 86, 'Assurance maladie'),
(87, 87, 'Assurance privée'),
(88, 88, 'Assurance internationale'),
(89, 89, 'Assurance étudiante'),
(90, 90, 'Assurance privée'),
(91, 91, 'Assurance maladie'),
(92, 92, 'Assurance privée'),
(93, 93, 'Assurance internationale'),
(94, 94, 'Assurance étudiante'),
(95, 95, 'Assurance privée'),
(96, 96, 'Assurance maladie'),
(97, 97, 'Assurance privée'),
(98, 98, 'Assurance internationale'),
(99, 99, 'Assurance étudiante'),
(100, 100, 'Assurance privée'),
(101, 101, 'Assurance maladie'),
(102, 102, 'Assurance privée'),
(103, 103, 'Assurance internationale'),
(104, 104, 'Assurance étudiante'),
(105, 105, 'Assurance privée'),
(106, 106, 'Assurance maladie'),
(107, 107, 'Assurance privée'),
(108, 108, 'Assurance internationale'),
(109, 109, 'Assurance étudiante'),
(110, 110, 'Assurance privée'),
(111, 111, 'Assurance maladie'),
(112, 112, 'Assurance privée'),
(113, 113, 'Assurance internationale'),
(114, 114, 'Assurance étudiante'),
(115, 115, 'Assurance privée'),
(116, 116, 'Assurance maladie'),
(117, 117, 'Assurance privée'),
(118, 118, 'Assurance internationale'),
(119, 119, 'Assurance étudiante'),
(120, 120, 'Assurance privée'),
(121, 121, 'Assurance maladie'),
(122, 122, 'Assurance privée'),
(123, 123, 'Assurance internationale'),
(124, 124, 'Assurance étudiante'),
(125, 125, 'Assurance privée'),
(126, 126, 'Assurance maladie'),
(127, 127, 'Assurance privée'),
(128, 128, 'Assurance internationale'),
(129, 129, 'Assurance étudiante'),
(130, 130, 'Assurance privée'),
(131, 131, 'Assurance maladie'),
(132, 132, 'Assurance privée'),
(133, 133, 'Assurance internationale'),
(134, 134, 'Assurance étudiante'),
(135, 135, 'Assurance privée'),
(136, 136, 'Assurance maladie'),
(137, 137, 'Assurance privée'),
(138, 138, 'Assurance internationale'),
(139, 139, 'Assurance étudiante'),
(140, 140, 'Assurance privée'),
(141, 141, 'Assurance maladie'),
(142, 142, 'Assurance privée'),
(143, 143, 'Assurance internationale'),
(144, 144, 'Assurance étudiante'),
(145, 145, 'Assurance privée'),
(146, 146, 'Assurance maladie'),
(147, 147, 'Assurance privée'),
(148, 148, 'Assurance internationale'),
(149, 149, 'Assurance étudiante'),
(150, 150, 'Assurance privée'),
(151, 151, 'Assurance maladie'),
(152, 152, 'Assurance privée'),
(153, 153, 'Assurance internationale'),
(154, 154, 'Assurance étudiante'),
(155, 155, 'Assurance privée'),
(156, 156, 'Assurance maladie'),
(157, 157, 'Assurance privée'),
(158, 158, 'Assurance internationale'),
(159, 159, 'Assurance étudiante'),
(160, 160, 'Assurance privée'),
(161, 161, 'Assurance maladie'),
(162, 162, 'Assurance privée'),
(163, 163, 'Assurance internationale'),
(164, 164, 'Assurance étudiante'),
(165, 165, 'Assurance privée'),
(166, 166, 'Assurance maladie'),
(167, 167, 'Assurance privée'),
(168, 168, 'Assurance internationale'),
(169, 169, 'Assurance étudiante'),
(170, 170, 'Assurance privée'),
(171, 171, 'Assurance maladie'),
(172, 172, 'Assurance privée'),
(173, 173, 'Assurance internationale'),
(174, 174, 'Assurance étudiante'),
(175, 175, 'Assurance privée'),
(176, 176, 'Assurance maladie'),
(177, 177, 'Assurance privée'),
(178, 178, 'Assurance internationale'),
(179, 179, 'Assurance étudiante'),
(180, 180, 'Assurance privée'),
(181, 181, 'Assurance maladie'),
(182, 182, 'Assurance privée'),
(183, 183, 'Assurance internationale'),
(184, 184, 'Assurance étudiante'),
(185, 185, 'Assurance privée'),
(186, 186, 'Assurance maladie'),
(187, 187, 'Assurance privée'),
(188, 188, 'Assurance internationale'),
(189, 189, 'Assurance étudiante'),
(190, 190, 'Assurance privée'),
(191, 191, 'Assurance maladie'),
(192, 192, 'Assurance privée'),
(193, 193, 'Assurance internationale'),
(194, 194, 'Assurance étudiante'),
(195, 195, 'Assurance privée'),
(196, 196, 'Assurance maladie'),
(197, 197, 'Assurance privée'),
(198, 198, 'Assurance internationale'),
(199, 199, 'Assurance étudiante'),
(200, 200, 'Assurance privée'),
(201, 201, 'Assurance maladie'),
(202, 202, 'Assurance privée'),
(203, 203, 'Assurance internationale'),
(204, 204, 'Assurance étudiante'),
(205, 205, 'Assurance privée'),
(206, 206, 'Assurance maladie'),
(207, 207, 'Assurance privée'),
(208, 208, 'Assurance internationale'),
(209, 209, 'Assurance étudiante'),
(210, 210, 'Assurance privée'),
(211, 211, 'Assurance maladie'),
(212, 212, 'Assurance privée'),
(213, 213, 'Assurance internationale'),
(214, 214, 'Assurance étudiante'),
(215, 215, 'Assurance privée'),
(216, 216, 'Assurance maladie'),
(217, 217, 'Assurance privée'),
(218, 218, 'Assurance internationale'),
(219, 219, 'Assurance étudiante'),
(220, 220, 'Assurance privée'),
(221, 221, 'Assurance maladie'),
(222, 222, 'Assurance privée'),
(223, 223, 'Assurance internationale'),
(224, 224, 'Assurance étudiante'),
(225, 225, 'Assurance privée'),
(226, 226, 'Assurance maladie'),
(227, 227, 'Assurance privée'),
(228, 228, 'Assurance internationale'),
(229, 229, 'Assurance étudiante'),
(230, 230, 'Assurance privée'),
(231, 231, 'Assurance maladie'),
(232, 232, 'Assurance privée'),
(233, 233, 'Assurance internationale'),
(234, 234, 'Assurance étudiante'),
(235, 235, 'Assurance privée'),
(236, 236, 'Assurance maladie'),
(237, 237, 'Assurance privée'),
(238, 238, 'Assurance internationale'),
(239, 239, 'Assurance étudiante'),
(240, 240, 'Assurance privée'),
(241, 241, 'Assurance maladie'),
(242, 242, 'Assurance privée'),
(243, 243, 'Assurance internationale'),
(244, 244, 'Assurance étudiante'),
(245, 245, 'Assurance privée'),
(246, 246, 'Assurance maladie'),
(247, 247, 'Assurance privée'),
(248, 248, 'Assurance internationale'),
(249, 249, 'Assurance étudiante'),
(250, 250, 'Assurance privée'),
(251, 251, 'Assurance maladie'),
(252, 252, 'Assurance privée'),
(253, 253, 'Assurance internationale'),
(254, 254, 'Assurance étudiante'),
(255, 255, 'Assurance privée'),
(256, 256, 'Assurance maladie'),
(257, 257, 'Assurance privée'),
(258, 258, 'Assurance internationale'),
(259, 259, 'Assurance étudiante'),
(260, 260, 'Assurance privée'),
(261, 261, 'Assurance maladie'),
(262, 262, 'Assurance privée'),
(263, 263, 'Assurance internationale'),
(264, 264, 'Assurance étudiante'),
(265, 265, 'Assurance privée'),
(266, 266, 'Assurance maladie'),
(267, 267, 'Assurance privée'),
(268, 268, 'Assurance internationale'),
(269, 269, 'Assurance étudiante'),
(270, 270, 'Assurance privée'),
(271, 271, 'Assurance maladie'),
(272, 272, 'Assurance privée'),
(273, 273, 'Assurance internationale'),
(274, 274, 'Assurance étudiante'),
(275, 275, 'Assurance privée'),
(276, 276, 'Assurance maladie'),
(277, 277, 'Assurance privée'),
(278, 278, 'Assurance internationale'),
(279, 279, 'Assurance étudiante'),
(280, 280, 'Assurance privée'),
(281, 281, 'Assurance maladie'),
(282, 282, 'Assurance privée'),
(283, 283, 'Assurance internationale'),
(284, 284, 'Assurance étudiante'),
(285, 285, 'Assurance privée'),
(286, 286, 'Assurance maladie'),
(287, 287, 'Assurance privée'),
(288, 288, 'Assurance internationale'),
(289, 289, 'Assurance étudiante'),
(290, 290, 'Assurance privée'),
(291, 291, 'Assurance maladie'),
(292, 292, 'Assurance privée'),
(293, 293, 'Assurance internationale'),
(294, 294, 'Assurance étudiante'),
(295, 295, 'Assurance privée'),
(296, 296, 'Assurance maladie'),
(297, 297, 'Assurance privée'),
(298, 298, 'Assurance internationale'),
(299, 299, 'Assurance étudiante'),
(300, 300, 'Assurance privée'),
(301, 301, 'Assurance maladie'),
(302, 302, 'Assurance privée'),
(303, 303, 'Assurance internationale'),
(304, 304, 'Assurance étudiante'),
(305, 305, 'Assurance privée'),
(306, 306, 'Assurance maladie'),
(307, 307, 'Assurance privée'),
(308, 308, 'Assurance internationale'),
(309, 309, 'Assurance étudiante'),
(310, 310, 'Assurance privée'),
(311, 311, 'Assurance maladie'),
(312, 312, 'Assurance privée'),
(313, 313, 'Assurance internationale'),
(314, 314, 'Assurance étudiante'),
(315, 315, 'Assurance privée'),
(316, 316, 'Assurance maladie'),
(317, 317, 'Assurance privée'),
(318, 318, 'Assurance internationale'),
(319, 319, 'Assurance étudiante'),
(320, 320, 'Assurance privée'),
(321, 321, 'Assurance maladie'),
(322, 322, 'Assurance privée'),
(323, 323, 'Assurance internationale'),
(324, 324, 'Assurance étudiante'),
(325, 325, 'Assurance privée'),
(326, 326, 'Assurance maladie'),
(327, 327, 'Assurance privée'),
(328, 328, 'Assurance internationale'),
(329, 329, 'Assurance étudiante'),
(330, 330, 'Assurance privée'),
(331, 331, 'Assurance maladie'),
(332, 332, 'Assurance privée'),
(333, 333, 'Assurance internationale'),
(334, 334, 'Assurance étudiante'),
(335, 335, 'Assurance privée'),
(336, 336, 'Assurance maladie'),
(337, 337, 'Assurance privée'),
(338, 338, 'Assurance internationale'),
(339, 339, 'Assurance étudiante'),
(340, 340, 'Assurance privée'),
(341, 341, 'Assurance maladie'),
(342, 342, 'Assurance privée'),
(343, 343, 'Assurance internationale'),
(344, 344, 'Assurance étudiante'),
(345, 345, 'Assurance privée'),
(346, 346, 'Assurance maladie'),
(347, 347, 'Assurance privée'),
(348, 348, 'Assurance internationale'),
(349, 349, 'Assurance étudiante'),
(350, 350, 'Assurance privée'),
(351, 351, 'Assurance maladie'),
(352, 352, 'Assurance privée'),
(353, 353, 'Assurance internationale'),
(354, 354, 'Assurance étudiante'),
(355, 355, 'Assurance privée'),
(356, 356, 'Assurance maladie'),
(357, 357, 'Assurance privée'),
(358, 358, 'Assurance internationale'),
(359, 359, 'Assurance étudiante'),
(360, 360, 'Assurance privée'),
(361, 361, 'Assurance maladie'),
(362, 362, 'Assurance privée'),
(363, 363, 'Assurance internationale'),
(364, 364, 'Assurance étudiante'),
(365, 365, 'Assurance privée'),
(366, 366, 'Assurance maladie'),
(367, 367, 'Assurance privée'),
(368, 368, 'Assurance internationale'),
(369, 369, 'Assurance étudiante'),
(370, 370, 'Assurance privée'),
(371, 371, 'Assurance maladie'),
(372, 372, 'Assurance privée'),
(373, 373, 'Assurance internationale'),
(374, 374, 'Assurance étudiante'),
(375, 375, 'Assurance privée'),
(376, 376, 'Assurance maladie'),
(377, 377, 'Assurance privée'),
(378, 378, 'Assurance internationale'),
(379, 379, 'Assurance étudiante'),
(380, 380, 'Assurance privée'),
(381, 381, 'Assurance maladie'),
(382, 382, 'Assurance privée'),
(383, 383, 'Assurance internationale'),
(384, 384, 'Assurance étudiante'),
(385, 385, 'Assurance privée'),
(386, 386, 'Assurance maladie'),
(387, 387, 'Assurance privée'),
(388, 388, 'Assurance internationale'),
(389, 389, 'Assurance étudiante'),
(390, 390, 'Assurance privée'),
(391, 391, 'Assurance maladie'),
(392, 392, 'Assurance privée'),
(393, 393, 'Assurance internationale'),
(394, 394, 'Assurance étudiante'),
(395, 395, 'Assurance privée'),
(396, 396, 'Assurance maladie'),
(397, 397, 'Assurance privée'),
(398, 398, 'Assurance internationale'),
(399, 399, 'Assurance étudiante'),
(400, 400, 'Assurance privée'),
(401, 401, 'Assurance maladie'),
(402, 402, 'Assurance privée'),
(403, 403, 'Assurance internationale'),
(404, 404, 'Assurance étudiante'),
(405, 405, 'Assurance privée'),
(406, 406, 'Assurance maladie'),
(407, 407, 'Assurance privée'),
(408, 408, 'Assurance internationale'),
(409, 409, 'Assurance étudiante'),
(410, 410, 'Assurance privée'),
(411, 411, 'Assurance maladie'),
(412, 412, 'Assurance privée'),
(413, 413, 'Assurance internationale'),
(414, 414, 'Assurance étudiante'),
(415, 415, 'Assurance privée'),
(416, 416, 'Assurance maladie'),
(417, 417, 'Assurance privée'),
(418, 418, 'Assurance internationale'),
(419, 419, 'Assurance étudiante'),
(420, 420, 'Assurance privée'),
(421, 421, 'Assurance maladie'),
(422, 422, 'Assurance privée'),
(423, 423, 'Assurance internationale'),
(424, 424, 'Assurance étudiante'),
(425, 425, 'Assurance privée'),
(426, 426, 'Assurance maladie'),
(427, 427, 'Assurance privée'),
(428, 428, 'Assurance internationale'),
(429, 429, 'Assurance étudiante'),
(430, 430, 'Assurance privée'),
(431, 431, 'Assurance maladie'),
(432, 432, 'Assurance privée'),
(433, 433, 'Assurance internationale'),
(434, 434, 'Assurance étudiante'),
(435, 435, 'Assurance privée'),
(436, 436, 'Assurance maladie'),
(437, 437, 'Assurance privée'),
(438, 438, 'Assurance internationale'),
(439, 439, 'Assurance étudiante'),
(440, 440, 'Assurance privée'),
(441, 441, 'Assurance maladie'),
(442, 442, 'Assurance privée'),
(443, 443, 'Assurance internationale'),
(444, 444, 'Assurance étudiante'),
(445, 445, 'Assurance privée'),
(446, 446, 'Assurance maladie'),
(447, 447, 'Assurance privée'),
(448, 448, 'Assurance internationale'),
(449, 449, 'Assurance étudiante'),
(450, 450, 'Assurance privée'),
(451, 451, 'Assurance maladie'),
(452, 452, 'Assurance privée'),
(453, 453, 'Assurance internationale'),
(454, 454, 'Assurance étudiante'),
(455, 455, 'Assurance privée'),
(456, 456, 'Assurance maladie'),
(457, 457, 'Assurance privée'),
(458, 458, 'Assurance internationale'),
(459, 459, 'Assurance étudiante'),
(460, 460, 'Assurance privée'),
(461, 461, 'Assurance maladie'),
(462, 462, 'Assurance privée'),
(463, 463, 'Assurance internationale'),
(464, 464, 'Assurance étudiante'),
(465, 465, 'Assurance privée'),
(466, 466, 'Assurance maladie'),
(467, 467, 'Assurance privée'),
(468, 468, 'Assurance internationale'),
(469, 469, 'Assurance étudiante'),
(470, 470, 'Assurance privée'),
(471, 471, 'Assurance maladie'),
(472, 472, 'Assurance privée'),
(473, 473, 'Assurance internationale'),
(474, 474, 'Assurance étudiante'),
(475, 475, 'Assurance privée'),
(476, 476, 'Assurance maladie'),
(477, 477, 'Assurance privée'),
(478, 478, 'Assurance internationale'),
(479, 479, 'Assurance étudiante'),
(480, 480, 'Assurance privée'),
(481, 481, 'Assurance maladie'),
(482, 482, 'Assurance privée'),
(483, 483, 'Assurance internationale'),
(484, 484, 'Assurance étudiante'),
(485, 485, 'Assurance privée'),
(486, 486, 'Assurance maladie'),
(487, 487, 'Assurance privée'),
(488, 488, 'Assurance internationale'),
(489, 489, 'Assurance étudiante'),
(490, 490, 'Assurance privée'),
(491, 491, 'Assurance maladie'),
(492, 492, 'Assurance privée'),
(493, 493, 'Assurance internationale'),
(494, 494, 'Assurance étudiante'),
(495, 495, 'Assurance privée'),
(496, 496, 'Assurance maladie'),
(497, 497, 'Assurance privée'),
(498, 498, 'Assurance internationale'),
(499, 499, 'Assurance étudiante'),
(500, 500, 'Assurance privée'),
(501, 501, 'Assurance maladie'),
(502, 502, 'Assurance privée'),
(503, 503, 'Assurance internationale'),
(504, 504, 'Assurance étudiante'),
(505, 505, 'Assurance privée'),
(506, 506, 'Assurance maladie'),
(507, 507, 'Assurance privée'),
(508, 508, 'Assurance internationale'),
(509, 509, 'Assurance étudiante'),
(510, 510, 'Assurance privée'),
(511, 511, 'Assurance maladie'),
(512, 512, 'Assurance privée'),
(513, 513, 'Assurance internationale'),
(514, 514, 'Assurance étudiante'),
(515, 515, 'Assurance privée'),
(516, 516, 'Assurance maladie'),
(517, 517, 'Assurance privée'),
(518, 518, 'Assurance internationale'),
(519, 519, 'Assurance étudiante'),
(520, 520, 'Assurance privée'),
(521, 521, 'Assurance maladie'),
(522, 522, 'Assurance privée'),
(523, 523, 'Assurance internationale'),
(524, 524, 'Assurance étudiante'),
(525, 525, 'Assurance privée'),
(526, 526, 'Assurance maladie'),
(527, 527, 'Assurance privée'),
(528, 528, 'Assurance internationale'),
(529, 529, 'Assurance étudiante'),
(530, 530, 'Assurance privée'),
(531, 531, 'Assurance maladie'),
(532, 532, 'Assurance privée'),
(533, 533, 'Assurance internationale'),
(534, 534, 'Assurance étudiante'),
(535, 535, 'Assurance privée'),
(536, 536, 'Assurance maladie'),
(537, 537, 'Assurance privée'),
(538, 538, 'Assurance internationale'),
(539, 539, 'Assurance étudiante'),
(540, 540, 'Assurance privée'),
(541, 541, 'Assurance maladie'),
(542, 542, 'Assurance privée'),
(543, 543, 'Assurance internationale'),
(544, 544, 'Assurance étudiante'),
(545, 545, 'Assurance privée'),
(546, 546, 'Assurance maladie'),
(547, 547, 'Assurance privée'),
(548, 548, 'Assurance internationale'),
(549, 549, 'Assurance étudiante'),
(550, 550, 'Assurance privée'),
(551, 551, 'Assurance maladie'),
(552, 552, 'Assurance privée'),
(553, 553, 'Assurance internationale'),
(554, 554, 'Assurance étudiante'),
(555, 555, 'Assurance privée'),
(556, 556, 'Assurance maladie'),
(557, 557, 'Assurance privée'),
(558, 558, 'Assurance internationale'),
(559, 559, 'Assurance étudiante'),
(560, 560, 'Assurance privée'),
(561, 561, 'Assurance maladie'),
(562, 562, 'Assurance privée'),
(563, 563, 'Assurance internationale'),
(564, 564, 'Assurance étudiante'),
(565, 565, 'Assurance privée'),
(566, 566, 'Assurance maladie'),
(567, 567, 'Assurance privée'),
(568, 568, 'Assurance internationale'),
(569, 569, 'Assurance étudiante'),
(570, 570, 'Assurance privée'),
(571, 571, 'Assurance maladie'),
(572, 572, 'Assurance privée'),
(573, 573, 'Assurance internationale'),
(574, 574, 'Assurance étudiante'),
(575, 575, 'Assurance privée'),
(576, 576, 'Assurance maladie'),
(577, 577, 'Assurance privée'),
(578, 578, 'Assurance internationale'),
(579, 579, 'Assurance étudiante'),
(580, 580, 'Assurance privée'),
(581, 581, 'Assurance maladie'),
(582, 582, 'Assurance privée'),
(583, 583, 'Assurance internationale'),
(584, 584, 'Assurance étudiante'),
(585, 585, 'Assurance privée'),
(586, 586, 'Assurance maladie'),
(587, 587, 'Assurance privée'),
(588, 588, 'Assurance internationale'),
(589, 589, 'Assurance étudiante'),
(590, 590, 'Assurance privée'),
(591, 591, 'Assurance maladie'),
(592, 592, 'Assurance privée'),
(593, 593, 'Assurance internationale'),
(594, 594, 'Assurance étudiante'),
(595, 595, 'Assurance privée'),
(596, 596, 'Assurance maladie'),
(597, 597, 'Assurance privée'),
(598, 598, 'Assurance internationale'),
(599, 599, 'Assurance étudiante'),
(600, 600, 'Assurance privée'),
(601, 601, 'Assurance maladie'),
(602, 602, 'Assurance privée'),
(603, 603, 'Assurance internationale'),
(604, 604, 'Assurance étudiante'),
(605, 605, 'Assurance privée'),
(606, 606, 'Assurance maladie'),
(607, 607, 'Assurance privée'),
(608, 608, 'Assurance internationale'),
(609, 609, 'Assurance étudiante'),
(610, 610, 'Assurance privée'),
(611, 611, 'Assurance maladie'),
(612, 612, 'Assurance privée'),
(613, 613, 'Assurance internationale'),
(614, 614, 'Assurance étudiante'),
(615, 615, 'Assurance privée'),
(616, 616, 'Assurance maladie'),
(617, 617, 'Assurance privée'),
(618, 618, 'Assurance internationale'),
(619, 619, 'Assurance étudiante'),
(620, 620, 'Assurance privée'),
(621, 621, 'Assurance maladie'),
(622, 622, 'Assurance privée'),
(623, 623, 'Assurance internationale'),
(624, 624, 'Assurance étudiante'),
(625, 625, 'Assurance privée'),
(626, 626, 'Assurance maladie'),
(627, 627, 'Assurance privée'),
(628, 628, 'Assurance internationale'),
(629, 629, 'Assurance étudiante'),
(630, 630, 'Assurance privée'),
(631, 631, 'Assurance maladie'),
(632, 632, 'Assurance privée'),
(633, 633, 'Assurance internationale'),
(634, 634, 'Assurance étudiante'),
(635, 635, 'Assurance privée'),
(636, 636, 'Assurance maladie'),
(637, 637, 'Assurance privée'),
(638, 638, 'Assurance internationale'),
(639, 639, 'Assurance étudiante'),
(640, 640, 'Assurance privée'),
(641, 641, 'Assurance maladie'),
(642, 642, 'Assurance privée'),
(643, 643, 'Assurance internationale'),
(644, 644, 'Assurance étudiante'),
(645, 645, 'Assurance privée'),
(646, 646, 'Assurance maladie'),
(647, 647, 'Assurance privée'),
(648, 648, 'Assurance internationale'),
(649, 649, 'Assurance étudiante'),
(650, 650, 'Assurance privée'),
(651, 651, 'Assurance maladie'),
(652, 652, 'Assurance privée'),
(653, 653, 'Assurance internationale'),
(654, 654, 'Assurance étudiante'),
(655, 655, 'Assurance privée'),
(656, 656, 'Assurance maladie'),
(657, 657, 'Assurance privée'),
(658, 658, 'Assurance internationale'),
(659, 659, 'Assurance étudiante'),
(660, 660, 'Assurance privée'),
(661, 661, 'Assurance maladie'),
(662, 662, 'Assurance privée'),
(663, 663, 'Assurance internationale'),
(664, 664, 'Assurance étudiante'),
(665, 665, 'Assurance privée'),
(666, 666, 'Assurance maladie'),
(667, 667, 'Assurance privée'),
(668, 668, 'Assurance internationale'),
(669, 669, 'Assurance étudiante'),
(670, 670, 'Assurance privée'),
(671, 671, 'Assurance maladie'),
(672, 672, 'Assurance privée'),
(673, 673, 'Assurance internationale'),
(674, 674, 'Assurance étudiante'),
(675, 675, 'Assurance privée'),
(676, 676, 'Assurance maladie'),
(677, 677, 'Assurance privée'),
(678, 678, 'Assurance internationale'),
(679, 679, 'Assurance étudiante'),
(680, 680, 'Assurance privée'),
(681, 681, 'Assurance maladie'),
(682, 682, 'Assurance privée'),
(683, 683, 'Assurance internationale'),
(684, 684, 'Assurance étudiante'),
(685, 685, 'Assurance privée'),
(686, 686, 'Assurance maladie'),
(687, 687, 'Assurance privée'),
(688, 688, 'Assurance internationale'),
(689, 689, 'Assurance étudiante'),
(690, 690, 'Assurance privée'),
(691, 691, 'Assurance maladie'),
(692, 692, 'Assurance privée'),
(693, 693, 'Assurance internationale'),
(694, 694, 'Assurance étudiante'),
(695, 695, 'Assurance privée'),
(696, 696, 'Assurance maladie'),
(697, 697, 'Assurance privée'),
(698, 698, 'Assurance internationale'),
(699, 699, 'Assurance étudiante'),
(700, 700, 'Assurance privée'),
(701, 701, 'Assurance maladie'),
(702, 702, 'Assurance privée'),
(703, 703, 'Assurance internationale'),
(704, 704, 'Assurance étudiante'),
(705, 705, 'Assurance privée'),
(706, 706, 'Assurance maladie'),
(707, 707, 'Assurance privée'),
(708, 708, 'Assurance internationale'),
(709, 709, 'Assurance étudiante'),
(710, 710, 'Assurance privée'),
(711, 711, 'Assurance maladie'),
(712, 712, 'Assurance privée'),
(713, 713, 'Assurance internationale'),
(714, 714, 'Assurance étudiante'),
(715, 715, 'Assurance privée'),
(716, 716, 'Assurance maladie'),
(717, 717, 'Assurance privée'),
(718, 718, 'Assurance internationale'),
(719, 719, 'Assurance étudiante'),
(720, 720, 'Assurance privée'),
(721, 721, 'Assurance maladie'),
(722, 722, 'Assurance privée'),
(723, 723, 'Assurance internationale'),
(724, 724, 'Assurance étudiante'),
(725, 725, 'Assurance privée'),
(726, 726, 'Assurance maladie'),
(727, 727, 'Assurance privée'),
(728, 728, 'Assurance internationale'),
(729, 729, 'Assurance étudiante'),
(730, 730, 'Assurance privée'),
(731, 731, 'Assurance maladie'),
(732, 732, 'Assurance privée'),
(733, 733, 'Assurance internationale'),
(734, 734, 'Assurance étudiante'),
(735, 735, 'Assurance privée'),
(736, 736, 'Assurance maladie'),
(737, 737, 'Assurance privée'),
(738, 738, 'Assurance internationale'),
(739, 739, 'Assurance étudiante'),
(740, 740, 'Assurance privée'),
(741, 741, 'Assurance maladie'),
(742, 742, 'Assurance privée'),
(743, 743, 'Assurance internationale'),
(744, 744, 'Assurance étudiante'),
(745, 745, 'Assurance privée'),
(746, 746, 'Assurance maladie'),
(747, 747, 'Assurance privée'),
(748, 748, 'Assurance internationale'),
(749, 749, 'Assurance étudiante'),
(750, 750, 'Assurance privée'),
(751, 751, 'Assurance maladie'),
(752, 752, 'Assurance privée'),
(753, 753, 'Assurance internationale'),
(754, 754, 'Assurance étudiante'),
(755, 755, 'Assurance privée'),
(756, 756, 'Assurance maladie'),
(757, 757, 'Assurance privée'),
(758, 758, 'Assurance internationale'),
(759, 759, 'Assurance étudiante'),
(760, 760, 'Assurance privée'),
(761, 761, 'Assurance maladie'),
(762, 762, 'Assurance privée'),
(763, 763, 'Assurance internationale'),
(764, 764, 'Assurance étudiante'),
(765, 765, 'Assurance privée'),
(766, 766, 'Assurance maladie'),
(767, 767, 'Assurance privée'),
(768, 768, 'Assurance internationale'),
(769, 769, 'Assurance étudiante'),
(770, 770, 'Assurance privée'),
(771, 771, 'Assurance maladie'),
(772, 772, 'Assurance privée'),
(773, 773, 'Assurance internationale'),
(774, 774, 'Assurance étudiante'),
(775, 775, 'Assurance privée'),
(776, 776, 'Assurance maladie'),
(777, 777, 'Assurance privée'),
(778, 778, 'Assurance internationale'),
(779, 779, 'Assurance étudiante'),
(780, 780, 'Assurance privée'),
(781, 781, 'Assurance maladie'),
(782, 782, 'Assurance privée'),
(783, 783, 'Assurance internationale'),
(784, 784, 'Assurance étudiante'),
(785, 785, 'Assurance privée'),
(786, 786, 'Assurance maladie'),
(787, 787, 'Assurance privée'),
(788, 788, 'Assurance internationale'),
(789, 789, 'Assurance étudiante'),
(790, 790, 'Assurance privée'),
(791, 791, 'Assurance maladie'),
(792, 792, 'Assurance privée'),
(793, 793, 'Assurance internationale'),
(794, 794, 'Assurance étudiante'),
(795, 795, 'Assurance privée'),
(796, 796, 'Assurance maladie'),
(797, 797, 'Assurance privée'),
(798, 798, 'Assurance internationale'),
(799, 799, 'Assurance étudiante'),
(800, 800, 'Assurance privée'),
(801, 801, 'Assurance maladie'),
(802, 802, 'Assurance privée'),
(803, 803, 'Assurance internationale'),
(804, 804, 'Assurance étudiante'),
(805, 805, 'Assurance privée'),
(806, 806, 'Assurance maladie'),
(807, 807, 'Assurance privée'),
(808, 808, 'Assurance internationale'),
(809, 809, 'Assurance étudiante'),
(810, 810, 'Assurance privée'),
(811, 811, 'Assurance maladie'),
(812, 812, 'Assurance privée'),
(813, 813, 'Assurance internationale'),
(814, 814, 'Assurance étudiante'),
(815, 815, 'Assurance privée'),
(816, 816, 'Assurance maladie'),
(817, 817, 'Assurance privée'),
(818, 818, 'Assurance internationale'),
(819, 819, 'Assurance étudiante'),
(820, 820, 'Assurance privée'),
(821, 821, 'Assurance maladie'),
(822, 822, 'Assurance privée'),
(823, 823, 'Assurance internationale'),
(824, 824, 'Assurance étudiante'),
(825, 825, 'Assurance privée'),
(826, 826, 'Assurance maladie'),
(827, 827, 'Assurance privée'),
(828, 828, 'Assurance internationale'),
(829, 829, 'Assurance étudiante'),
(830, 830, 'Assurance privée'),
(831, 831, 'Assurance maladie'),
(832, 832, 'Assurance privée'),
(833, 833, 'Assurance internationale'),
(834, 834, 'Assurance étudiante'),
(835, 835, 'Assurance privée'),
(836, 836, 'Assurance maladie'),
(837, 837, 'Assurance privée'),
(838, 838, 'Assurance internationale'),
(839, 839, 'Assurance étudiante'),
(840, 840, 'Assurance privée'),
(841, 841, 'Assurance maladie'),
(842, 842, 'Assurance privée'),
(843, 843, 'Assurance internationale'),
(844, 844, 'Assurance étudiante'),
(845, 845, 'Assurance privée'),
(846, 846, 'Assurance maladie'),
(847, 847, 'Assurance privée'),
(848, 848, 'Assurance internationale'),
(849, 849, 'Assurance étudiante'),
(850, 850, 'Assurance privée'),
(851, 851, 'Assurance maladie'),
(852, 852, 'Assurance privée'),
(853, 853, 'Assurance internationale'),
(854, 854, 'Assurance étudiante'),
(855, 855, 'Assurance privée'),
(856, 856, 'Assurance maladie'),
(857, 857, 'Assurance privée'),
(858, 858, 'Assurance internationale'),
(859, 859, 'Assurance étudiante'),
(860, 860, 'Assurance privée'),
(861, 861, 'Assurance maladie'),
(862, 862, 'Assurance privée'),
(863, 863, 'Assurance internationale'),
(864, 864, 'Assurance étudiante'),
(865, 865, 'Assurance privée'),
(866, 866, 'Assurance maladie'),
(867, 867, 'Assurance privée'),
(868, 868, 'Assurance internationale'),
(869, 869, 'Assurance étudiante'),
(870, 870, 'Assurance privée'),
(871, 871, 'Assurance maladie'),
(872, 872, 'Assurance privée'),
(873, 873, 'Assurance internationale'),
(874, 874, 'Assurance étudiante'),
(875, 875, 'Assurance privée'),
(876, 876, 'Assurance maladie'),
(877, 877, 'Assurance privée'),
(878, 878, 'Assurance internationale'),
(879, 879, 'Assurance étudiante'),
(880, 880, 'Assurance privée'),
(881, 881, 'Assurance maladie'),
(882, 882, 'Assurance privée'),
(883, 883, 'Assurance internationale'),
(884, 884, 'Assurance étudiante'),
(885, 885, 'Assurance privée'),
(886, 886, 'Assurance maladie'),
(887, 887, 'Assurance privée'),
(888, 888, 'Assurance internationale'),
(889, 889, 'Assurance étudiante'),
(890, 890, 'Assurance privée'),
(891, 891, 'Assurance maladie'),
(892, 892, 'Assurance privée'),
(893, 893, 'Assurance internationale'),
(894, 894, 'Assurance étudiante'),
(895, 895, 'Assurance privée'),
(896, 896, 'Assurance maladie'),
(897, 897, 'Assurance privée'),
(898, 898, 'Assurance internationale'),
(899, 899, 'Assurance étudiante'),
(900, 900, 'Assurance privée'),
(901, 901, 'Assurance maladie'),
(902, 902, 'Assurance privée'),
(903, 903, 'Assurance internationale'),
(904, 904, 'Assurance étudiante'),
(905, 905, 'Assurance privée'),
(906, 906, 'Assurance maladie'),
(907, 907, 'Assurance privée'),
(908, 908, 'Assurance internationale'),
(909, 909, 'Assurance étudiante'),
(910, 910, 'Assurance privée'),
(911, 911, 'Assurance maladie'),
(912, 912, 'Assurance privée'),
(913, 913, 'Assurance internationale'),
(914, 914, 'Assurance étudiante'),
(915, 915, 'Assurance privée'),
(916, 916, 'Assurance maladie'),
(917, 917, 'Assurance privée'),
(918, 918, 'Assurance internationale'),
(919, 919, 'Assurance étudiante'),
(920, 920, 'Assurance privée'),
(921, 921, 'Assurance maladie'),
(922, 922, 'Assurance privée'),
(923, 923, 'Assurance internationale'),
(924, 924, 'Assurance étudiante'),
(925, 925, 'Assurance privée'),
(926, 926, 'Assurance maladie'),
(927, 927, 'Assurance privée'),
(928, 928, 'Assurance internationale'),
(929, 929, 'Assurance étudiante'),
(930, 930, 'Assurance privée'),
(931, 931, 'Assurance maladie'),
(932, 932, 'Assurance privée'),
(933, 933, 'Assurance internationale'),
(934, 934, 'Assurance étudiante'),
(935, 935, 'Assurance privée'),
(936, 936, 'Assurance maladie'),
(937, 937, 'Assurance privée'),
(938, 938, 'Assurance internationale'),
(939, 939, 'Assurance étudiante'),
(940, 940, 'Assurance privée'),
(941, 941, 'Assurance maladie'),
(942, 942, 'Assurance privée'),
(943, 943, 'Assurance internationale'),
(944, 944, 'Assurance étudiante'),
(945, 945, 'Assurance privée'),
(946, 946, 'Assurance maladie'),
(947, 947, 'Assurance privée'),
(948, 948, 'Assurance internationale'),
(949, 949, 'Assurance étudiante'),
(950, 950, 'Assurance privée'),
(951, 951, 'Assurance maladie'),
(952, 952, 'Assurance privée'),
(953, 953, 'Assurance internationale'),
(954, 954, 'Assurance étudiante'),
(955, 955, 'Assurance privée'),
(956, 956, 'Assurance maladie'),
(957, 957, 'Assurance privée'),
(958, 958, 'Assurance internationale'),
(959, 959, 'Assurance étudiante'),
(960, 960, 'Assurance privée'),
(961, 961, 'Assurance maladie'),
(962, 962, 'Assurance privée'),
(963, 963, 'Assurance internationale'),
(964, 964, 'Assurance étudiante'),
(965, 965, 'Assurance privée'),
(966, 966, 'Assurance maladie'),
(967, 967, 'Assurance privée'),
(968, 968, 'Assurance internationale'),
(969, 969, 'Assurance étudiante'),
(970, 970, 'Assurance privée'),
(971, 971, 'Assurance maladie'),
(972, 972, 'Assurance privée'),
(973, 973, 'Assurance internationale'),
(974, 974, 'Assurance étudiante'),
(975, 975, 'Assurance privée'),
(976, 976, 'Assurance maladie'),
(977, 977, 'Assurance privée'),
(978, 978, 'Assurance internationale'),
(979, 979, 'Assurance étudiante'),
(980, 980, 'Assurance privée'),
(981, 981, 'Assurance maladie'),
(982, 982, 'Assurance privée'),
(983, 983, 'Assurance internationale'),
(984, 984, 'Assurance étudiante'),
(985, 985, 'Assurance privée'),
(986, 986, 'Assurance maladie'),
(987, 987, 'Assurance privée'),
(988, 988, 'Assurance internationale'),
(989, 989, 'Assurance étudiante'),
(990, 990, 'Assurance privée'),
(991, 991, 'Assurance maladie'),
(992, 992, 'Assurance privée'),
(993, 993, 'Assurance internationale'),
(994, 994, 'Assurance étudiante'),
(995, 995, 'Assurance privée'),
(996, 996, 'Assurance maladie'),
(997, 997, 'Assurance privée'),
(998, 998, 'Assurance internationale'),
(999, 999, 'Assurance étudiante'),
(1000, 1000, 'Assurance privée'),
(1001, 1001, 'Assurance maladie'),
(1002, 1002, 'Assurance privée'),
(1003, 1003, 'Assurance internationale'),
(1004, 1004, 'Assurance étudiante'),
(1005, 1005, 'Assurance privée'),
(1006, 1006, 'Assurance maladie'),
(1007, 1007, 'Assurance privée'),
(1008, 1008, 'Assurance internationale'),
(1009, 1009, 'Assurance étudiante'),
(1010, 1010, 'Assurance privée'),
(1011, 1011, 'Assurance maladie'),
(1012, 1012, 'Assurance privée'),
(1013, 1013, 'Assurance internationale'),
(1014, 1014, 'Assurance étudiante'),
(1015, 1015, 'Assurance privée'),
(1016, 1016, 'Assurance maladie'),
(1017, 1017, 'Assurance privée'),
(1018, 1018, 'Assurance internationale'),
(1019, 1019, 'Assurance étudiante'),
(1020, 1020, 'Assurance privée'),
(1021, 1021, 'Assurance maladie'),
(1022, 1022, 'Assurance privée'),
(1023, 1023, 'Assurance internationale'),
(1024, 1024, 'Assurance étudiante'),
(1025, 1025, 'Assurance privée'),
(1026, 1026, 'Assurance maladie'),
(1027, 1027, 'Assurance privée'),
(1028, 1028, 'Assurance internationale'),
(1029, 1029, 'Assurance étudiante'),
(1030, 1030, 'Assurance privée'),
(1031, 1031, 'Assurance maladie'),
(1032, 1032, 'Assurance privée'),
(1033, 1033, 'Assurance internationale'),
(1034, 1034, 'Assurance étudiante'),
(1035, 1035, 'Assurance privée'),
(1036, 1036, 'Assurance maladie'),
(1037, 1037, 'Assurance privée'),
(1038, 1038, 'Assurance internationale'),
(1039, 1039, 'Assurance étudiante'),
(1040, 1040, 'Assurance privée'),
(1041, 1041, 'Assurance maladie'),
(1042, 1042, 'Assurance privée'),
(1043, 1043, 'Assurance internationale'),
(1044, 1044, 'Assurance étudiante'),
(1045, 1045, 'Assurance privée'),
(1046, 1046, 'Assurance maladie'),
(1047, 1047, 'Assurance privée'),
(1048, 1048, 'Assurance internationale'),
(1049, 1049, 'Assurance étudiante'),
(1050, 1050, 'Assurance privée'),
(1051, 1051, 'Assurance maladie'),
(1052, 1052, 'Assurance privée'),
(1053, 1053, 'Assurance internationale'),
(1054, 1054, 'Assurance étudiante'),
(1055, 1055, 'Assurance privée'),
(1056, 1056, 'Assurance maladie'),
(1057, 1057, 'Assurance privée'),
(1058, 1058, 'Assurance internationale'),
(1059, 1059, 'Assurance étudiante'),
(1060, 1060, 'Assurance privée'),
(1061, 1061, 'Assurance maladie'),
(1062, 1062, 'Assurance privée'),
(1063, 1063, 'Assurance internationale'),
(1064, 1064, 'Assurance étudiante'),
(1065, 1065, 'Assurance privée'),
(1066, 1066, 'Assurance maladie'),
(1067, 1067, 'Assurance privée'),
(1068, 1068, 'Assurance internationale'),
(1069, 1069, 'Assurance étudiante'),
(1070, 1070, 'Assurance privée'),
(1071, 1071, 'Assurance maladie'),
(1072, 1072, 'Assurance privée'),
(1073, 1073, 'Assurance internationale'),
(1074, 1074, 'Assurance étudiante'),
(1075, 1075, 'Assurance privée'),
(1076, 1076, 'Assurance maladie'),
(1077, 1077, 'Assurance privée'),
(1078, 1078, 'Assurance internationale'),
(1079, 1079, 'Assurance étudiante'),
(1080, 1080, 'Assurance privée'),
(1081, 1081, 'Assurance maladie'),
(1082, 1082, 'Assurance privée'),
(1083, 1083, 'Assurance internationale'),
(1084, 1084, 'Assurance étudiante'),
(1085, 1085, 'Assurance privée'),
(1086, 1086, 'Assurance maladie'),
(1087, 1087, 'Assurance privée'),
(1088, 1088, 'Assurance internationale'),
(1089, 1089, 'Assurance étudiante'),
(1090, 1090, 'Assurance privée'),
(1091, 1091, 'Assurance maladie'),
(1092, 1092, 'Assurance privée'),
(1093, 1093, 'Assurance internationale'),
(1094, 1094, 'Assurance étudiante'),
(1095, 1095, 'Assurance privée'),
(1096, 1096, 'Assurance maladie'),
(1097, 1097, 'Assurance privée'),
(1098, 1098, 'Assurance internationale'),
(1099, 1099, 'Assurance étudiante'),
(1100, 1100, 'Assurance privée'),
(1101, 1101, 'Assurance maladie'),
(1102, 1102, 'Assurance privée'),
(1103, 1103, 'Assurance internationale'),
(1104, 1104, 'Assurance étudiante'),
(1105, 1105, 'Assurance privée');







INSERT INTO `antécédents` (`id_antecedent`, `id_profil_médical`, `traitements`) VALUES
(1, 1, 'Allergie pénicilline'),
(2, 2, 'Asthme'),
(3, 3, 'Hypertension'),
(4, 4, 'Aucun'),
(5, 5, 'Diabète type 2'),
(6, 6, 'Allergie pénicilline'),
(7, 7, 'Asthme'),
(8, 8, 'Hypertension'),
(9, 9, 'Aucun'),
(10, 10, 'Diabète type 2'),
(11, 11, 'Allergie pénicilline'),
(12, 12, 'Asthme'),
(13, 13, 'Hypertension'),
(14, 14, 'Aucun'),
(15, 15, 'Diabète type 2'),
(16, 16, 'Allergie pénicilline'),
(17, 17, 'Asthme'),
(18, 18, 'Hypertension'),
(19, 19, 'Aucun'),
(20, 20, 'Diabète type 2'),
(21, 21, 'Allergie pénicilline'),
(22, 22, 'Asthme'),
(23, 23, 'Hypertension'),
(24, 24, 'Aucun'),
(25, 25, 'Diabète type 2'),
(26, 26, 'Allergie pénicilline'),
(27, 27, 'Asthme'),
(28, 28, 'Hypertension'),
(29, 29, 'Aucun'),
(30, 30, 'Diabète type 2'),
(31, 31, 'Allergie pénicilline'),
(32, 32, 'Asthme'),
(33, 33, 'Hypertension'),
(34, 34, 'Aucun'),
(35, 35, 'Diabète type 2'),
(36, 36, 'Allergie pénicilline'),
(37, 37, 'Asthme'),
(38, 38, 'Hypertension'),
(39, 39, 'Aucun'),
(40, 40, 'Diabète type 2'),
(41, 41, 'Allergie pénicilline'),
(42, 42, 'Asthme'),
(43, 43, 'Hypertension'),
(44, 44, 'Aucun'),
(45, 45, 'Diabète type 2'),
(46, 46, 'Allergie pénicilline'),
(47, 47, 'Asthme'),
(48, 48, 'Hypertension'),
(49, 49, 'Aucun'),
(50, 50, 'Diabète type 2'),
(51, 51, 'Allergie pénicilline'),
(52, 52, 'Asthme'),
(53, 53, 'Hypertension'),
(54, 54, 'Aucun'),
(55, 55, 'Diabète type 2'),
(56, 56, 'Allergie pénicilline'),
(57, 57, 'Asthme'),
(58, 58, 'Hypertension'),
(59, 59, 'Aucun'),
(60, 60, 'Diabète type 2'),
(61, 61, 'Allergie pénicilline'),
(62, 62, 'Asthme'),
(63, 63, 'Hypertension'),
(64, 64, 'Aucun'),
(65, 65, 'Diabète type 2'),
(66, 66, 'Allergie pénicilline'),
(67, 67, 'Asthme'),
(68, 68, 'Hypertension'),
(69, 69, 'Aucun'),
(70, 70, 'Diabète type 2'),
(71, 71, 'Allergie pénicilline'),
(72, 72, 'Asthme'),
(73, 73, 'Hypertension'),
(74, 74, 'Aucun'),
(75, 75, 'Diabète type 2'),
(76, 76, 'Allergie pénicilline'),
(77, 77, 'Asthme'),
(78, 78, 'Hypertension'),
(79, 79, 'Aucun'),
(80, 80, 'Diabète type 2'),
(81, 81, 'Allergie pénicilline'),
(82, 82, 'Asthme'),
(83, 83, 'Hypertension'),
(84, 84, 'Aucun'),
(85, 85, 'Diabète type 2'),
(86, 86, 'Allergie pénicilline'),
(87, 87, 'Asthme'),
(88, 88, 'Hypertension'),
(89, 89, 'Aucun'),
(90, 90, 'Diabète type 2'),
(91, 91, 'Allergie pénicilline'),
(92, 92, 'Asthme'),
(93, 93, 'Hypertension'),
(94, 94, 'Aucun'),
(95, 95, 'Diabète type 2'),
(96, 96, 'Allergie pénicilline'),
(97, 97, 'Asthme'),
(98, 98, 'Hypertension'),
(99, 99, 'Aucun'),
(100, 100, 'Diabète type 2'),
(101, 101, 'Allergie pénicilline'),
(102, 102, 'Asthme'),
(103, 103, 'Hypertension'),
(104, 104, 'Aucun'),
(105, 105, 'Diabète type 2'),
(106, 106, 'Allergie pénicilline'),
(107, 107, 'Asthme'),
(108, 108, 'Hypertension'),
(109, 109, 'Aucun'),
(110, 110, 'Diabète type 2'),
(111, 111, 'Allergie pénicilline'),
(112, 112, 'Asthme'),
(113, 113, 'Hypertension'),
(114, 114, 'Aucun'),
(115, 115, 'Diabète type 2'),
(116, 116, 'Allergie pénicilline'),
(117, 117, 'Asthme'),
(118, 118, 'Hypertension'),
(119, 119, 'Aucun'),
(120, 120, 'Diabète type 2'),
(121, 121, 'Allergie pénicilline'),
(122, 122, 'Asthme'),
(123, 123, 'Hypertension'),
(124, 124, 'Aucun'),
(125, 125, 'Diabète type 2'),
(126, 126, 'Allergie pénicilline'),
(127, 127, 'Asthme'),
(128, 128, 'Hypertension'),
(129, 129, 'Aucun'),
(130, 130, 'Diabète type 2'),
(131, 131, 'Allergie pénicilline'),
(132, 132, 'Asthme'),
(133, 133, 'Hypertension'),
(134, 134, 'Aucun'),
(135, 135, 'Diabète type 2'),
(136, 136, 'Allergie pénicilline'),
(137, 137, 'Asthme'),
(138, 138, 'Hypertension'),
(139, 139, 'Aucun'),
(140, 140, 'Diabète type 2'),
(141, 141, 'Allergie pénicilline'),
(142, 142, 'Asthme'),
(143, 143, 'Hypertension'),
(144, 144, 'Aucun'),
(145, 145, 'Diabète type 2'),
(146, 146, 'Allergie pénicilline'),
(147, 147, 'Asthme'),
(148, 148, 'Hypertension'),
(149, 149, 'Aucun'),
(150, 150, 'Diabète type 2'),
(151, 151, 'Allergie pénicilline'),
(152, 152, 'Asthme'),
(153, 153, 'Hypertension'),
(154, 154, 'Aucun'),
(155, 155, 'Diabète type 2'),
(156, 156, 'Allergie pénicilline'),
(157, 157, 'Asthme'),
(158, 158, 'Hypertension'),
(159, 159, 'Aucun'),
(160, 160, 'Diabète type 2'),
(161, 161, 'Allergie pénicilline'),
(162, 162, 'Asthme'),
(163, 163, 'Hypertension'),
(164, 164, 'Aucun'),
(165, 165, 'Diabète type 2'),
(166, 166, 'Allergie pénicilline'),
(167, 167, 'Asthme'),
(168, 168, 'Hypertension'),
(169, 169, 'Aucun'),
(170, 170, 'Diabète type 2'),
(171, 171, 'Allergie pénicilline'),
(172, 172, 'Asthme'),
(173, 173, 'Hypertension'),
(174, 174, 'Aucun'),
(175, 175, 'Diabète type 2'),
(176, 176, 'Allergie pénicilline'),
(177, 177, 'Asthme'),
(178, 178, 'Hypertension'),
(179, 179, 'Aucun'),
(180, 180, 'Diabète type 2'),
(181, 181, 'Allergie pénicilline'),
(182, 182, 'Asthme'),
(183, 183, 'Hypertension'),
(184, 184, 'Aucun'),
(185, 185, 'Diabète type 2'),
(186, 186, 'Allergie pénicilline'),
(187, 187, 'Asthme'),
(188, 188, 'Hypertension'),
(189, 189, 'Aucun'),
(190, 190, 'Diabète type 2'),
(191, 191, 'Allergie pénicilline'),
(192, 192, 'Asthme'),
(193, 193, 'Hypertension'),
(194, 194, 'Aucun'),
(195, 195, 'Diabète type 2'),
(196, 196, 'Allergie pénicilline'),
(197, 197, 'Asthme'),
(198, 198, 'Hypertension'),
(199, 199, 'Aucun'),
(200, 200, 'Diabète type 2'),
(201, 201, 'Allergie pénicilline'),
(202, 202, 'Asthme'),
(203, 203, 'Hypertension'),
(204, 204, 'Aucun'),
(205, 205, 'Diabète type 2'),
(206, 206, 'Allergie pénicilline'),
(207, 207, 'Asthme'),
(208, 208, 'Hypertension'),
(209, 209, 'Aucun'),
(210, 210, 'Diabète type 2'),
(211, 211, 'Allergie pénicilline'),
(212, 212, 'Asthme'),
(213, 213, 'Hypertension'),
(214, 214, 'Aucun'),
(215, 215, 'Diabète type 2'),
(216, 216, 'Allergie pénicilline'),
(217, 217, 'Asthme'),
(218, 218, 'Hypertension'),
(219, 219, 'Aucun'),
(220, 220, 'Diabète type 2'),
(221, 221, 'Allergie pénicilline'),
(222, 222, 'Asthme'),
(223, 223, 'Hypertension'),
(224, 224, 'Aucun'),
(225, 225, 'Diabète type 2'),
(226, 226, 'Allergie pénicilline'),
(227, 227, 'Asthme'),
(228, 228, 'Hypertension'),
(229, 229, 'Aucun'),
(230, 230, 'Diabète type 2'),
(231, 231, 'Allergie pénicilline'),
(232, 232, 'Asthme'),
(233, 233, 'Hypertension'),
(234, 234, 'Aucun'),
(235, 235, 'Diabète type 2'),
(236, 236, 'Allergie pénicilline'),
(237, 237, 'Asthme'),
(238, 238, 'Hypertension'),
(239, 239, 'Aucun'),
(240, 240, 'Diabète type 2'),
(241, 241, 'Allergie pénicilline'),
(242, 242, 'Asthme'),
(243, 243, 'Hypertension'),
(244, 244, 'Aucun'),
(245, 245, 'Diabète type 2'),
(246, 246, 'Allergie pénicilline'),
(247, 247, 'Asthme'),
(248, 248, 'Hypertension'),
(249, 249, 'Aucun'),
(250, 250, 'Diabète type 2'),
(251, 251, 'Allergie pénicilline'),
(252, 252, 'Asthme'),
(253, 253, 'Hypertension'),
(254, 254, 'Aucun'),
(255, 255, 'Diabète type 2'),
(256, 256, 'Allergie pénicilline'),
(257, 257, 'Asthme'),
(258, 258, 'Hypertension'),
(259, 259, 'Aucun'),
(260, 260, 'Diabète type 2'),
(261, 261, 'Allergie pénicilline'),
(262, 262, 'Asthme'),
(263, 263, 'Hypertension'),
(264, 264, 'Aucun'),
(265, 265, 'Diabète type 2'),
(266, 266, 'Allergie pénicilline'),
(267, 267, 'Asthme'),
(268, 268, 'Hypertension'),
(269, 269, 'Aucun'),
(270, 270, 'Diabète type 2'),
(271, 271, 'Allergie pénicilline'),
(272, 272, 'Asthme'),
(273, 273, 'Hypertension'),
(274, 274, 'Aucun'),
(275, 275, 'Diabète type 2'),
(276, 276, 'Allergie pénicilline'),
(277, 277, 'Asthme'),
(278, 278, 'Hypertension'),
(279, 279, 'Aucun'),
(280, 280, 'Diabète type 2'),
(281, 281, 'Allergie pénicilline'),
(282, 282, 'Asthme'),
(283, 283, 'Hypertension'),
(284, 284, 'Aucun'),
(285, 285, 'Diabète type 2'),
(286, 286, 'Allergie pénicilline'),
(287, 287, 'Asthme'),
(288, 288, 'Hypertension'),
(289, 289, 'Aucun'),
(290, 290, 'Diabète type 2'),
(291, 291, 'Allergie pénicilline'),
(292, 292, 'Asthme'),
(293, 293, 'Hypertension'),
(294, 294, 'Aucun'),
(295, 295, 'Diabète type 2'),
(296, 296, 'Allergie pénicilline'),
(297, 297, 'Asthme'),
(298, 298, 'Hypertension'),
(299, 299, 'Aucun'),
(300, 300, 'Diabète type 2'),
(301, 301, 'Allergie pénicilline'),
(302, 302, 'Asthme'),
(303, 303, 'Hypertension'),
(304, 304, 'Aucun'),
(305, 305, 'Diabète type 2'),
(306, 306, 'Allergie pénicilline'),
(307, 307, 'Asthme'),
(308, 308, 'Hypertension'),
(309, 309, 'Aucun'),
(310, 310, 'Diabète type 2'),
(311, 311, 'Allergie pénicilline'),
(312, 312, 'Asthme'),
(313, 313, 'Hypertension'),
(314, 314, 'Aucun'),
(315, 315, 'Diabète type 2'),
(316, 316, 'Allergie pénicilline'),
(317, 317, 'Asthme'),
(318, 318, 'Hypertension'),
(319, 319, 'Aucun'),
(320, 320, 'Diabète type 2'),
(321, 321, 'Allergie pénicilline'),
(322, 322, 'Asthme'),
(323, 323, 'Hypertension'),
(324, 324, 'Aucun'),
(325, 325, 'Diabète type 2'),
(326, 326, 'Allergie pénicilline'),
(327, 327, 'Asthme'),
(328, 328, 'Hypertension'),
(329, 329, 'Aucun'),
(330, 330, 'Diabète type 2'),
(331, 331, 'Allergie pénicilline'),
(332, 332, 'Asthme'),
(333, 333, 'Hypertension'),
(334, 334, 'Aucun'),
(335, 335, 'Diabète type 2'),
(336, 336, 'Allergie pénicilline'),
(337, 337, 'Asthme'),
(338, 338, 'Hypertension'),
(339, 339, 'Aucun'),
(340, 340, 'Diabète type 2'),
(341, 341, 'Allergie pénicilline'),
(342, 342, 'Asthme'),
(343, 343, 'Hypertension'),
(344, 344, 'Aucun'),
(345, 345, 'Diabète type 2'),
(346, 346, 'Allergie pénicilline'),
(347, 347, 'Asthme'),
(348, 348, 'Hypertension'),
(349, 349, 'Aucun'),
(350, 350, 'Diabète type 2'),
(351, 351, 'Allergie pénicilline'),
(352, 352, 'Asthme'),
(353, 353, 'Hypertension'),
(354, 354, 'Aucun'),
(355, 355, 'Diabète type 2'),
(356, 356, 'Allergie pénicilline'),
(357, 357, 'Asthme'),
(358, 358, 'Hypertension'),
(359, 359, 'Aucun'),
(360, 360, 'Diabète type 2'),
(361, 361, 'Allergie pénicilline'),
(362, 362, 'Asthme'),
(363, 363, 'Hypertension'),
(364, 364, 'Aucun'),
(365, 365, 'Diabète type 2'),
(366, 366, 'Allergie pénicilline'),
(367, 367, 'Asthme'),
(368, 368, 'Hypertension'),
(369, 369, 'Aucun'),
(370, 370, 'Diabète type 2'),
(371, 371, 'Allergie pénicilline'),
(372, 372, 'Asthme'),
(373, 373, 'Hypertension'),
(374, 374, 'Aucun'),
(375, 375, 'Diabète type 2'),
(376, 376, 'Allergie pénicilline'),
(377, 377, 'Asthme'),
(378, 378, 'Hypertension'),
(379, 379, 'Aucun'),
(380, 380, 'Diabète type 2'),
(381, 381, 'Allergie pénicilline'),
(382, 382, 'Asthme'),
(383, 383, 'Hypertension'),
(384, 384, 'Aucun'),
(385, 385, 'Diabète type 2'),
(386, 386, 'Allergie pénicilline'),
(387, 387, 'Asthme'),
(388, 388, 'Hypertension'),
(389, 389, 'Aucun'),
(390, 390, 'Diabète type 2'),
(391, 391, 'Allergie pénicilline'),
(392, 392, 'Asthme'),
(393, 393, 'Hypertension'),
(394, 394, 'Aucun'),
(395, 395, 'Diabète type 2'),
(396, 396, 'Allergie pénicilline'),
(397, 397, 'Asthme'),
(398, 398, 'Hypertension'),
(399, 399, 'Aucun'),
(400, 400, 'Diabète type 2'),
(401, 401, 'Allergie pénicilline'),
(402, 402, 'Asthme'),
(403, 403, 'Hypertension'),
(404, 404, 'Aucun'),
(405, 405, 'Diabète type 2'),
(406, 406, 'Allergie pénicilline'),
(407, 407, 'Asthme'),
(408, 408, 'Hypertension'),
(409, 409, 'Aucun'),
(410, 410, 'Diabète type 2'),
(411, 411, 'Allergie pénicilline'),
(412, 412, 'Asthme'),
(413, 413, 'Hypertension'),
(414, 414, 'Aucun'),
(415, 415, 'Diabète type 2'),
(416, 416, 'Allergie pénicilline'),
(417, 417, 'Asthme'),
(418, 418, 'Hypertension'),
(419, 419, 'Aucun'),
(420, 420, 'Diabète type 2'),
(421, 421, 'Allergie pénicilline'),
(422, 422, 'Asthme'),
(423, 423, 'Hypertension'),
(424, 424, 'Aucun'),
(425, 425, 'Diabète type 2'),
(426, 426, 'Allergie pénicilline'),
(427, 427, 'Asthme'),
(428, 428, 'Hypertension'),
(429, 429, 'Aucun'),
(430, 430, 'Diabète type 2'),
(431, 431, 'Allergie pénicilline'),
(432, 432, 'Asthme'),
(433, 433, 'Hypertension'),
(434, 434, 'Aucun'),
(435, 435, 'Diabète type 2'),
(436, 436, 'Allergie pénicilline'),
(437, 437, 'Asthme'),
(438, 438, 'Hypertension'),
(439, 439, 'Aucun'),
(440, 440, 'Diabète type 2'),
(441, 441, 'Allergie pénicilline'),
(442, 442, 'Asthme'),
(443, 443, 'Hypertension'),
(444, 444, 'Aucun'),
(445, 445, 'Diabète type 2'),
(446, 446, 'Allergie pénicilline'),
(447, 447, 'Asthme'),
(448, 448, 'Hypertension'),
(449, 449, 'Aucun'),
(450, 450, 'Diabète type 2'),
(451, 451, 'Allergie pénicilline'),
(452, 452, 'Asthme'),
(453, 453, 'Hypertension'),
(454, 454, 'Aucun'),
(455, 455, 'Diabète type 2'),
(456, 456, 'Allergie pénicilline'),
(457, 457, 'Asthme'),
(458, 458, 'Hypertension'),
(459, 459, 'Aucun'),
(460, 460, 'Diabète type 2'),
(461, 461, 'Allergie pénicilline'),
(462, 462, 'Asthme'),
(463, 463, 'Hypertension'),
(464, 464, 'Aucun'),
(465, 465, 'Diabète type 2'),
(466, 466, 'Allergie pénicilline'),
(467, 467, 'Asthme'),
(468, 468, 'Hypertension'),
(469, 469, 'Aucun'),
(470, 470, 'Diabète type 2'),
(471, 471, 'Allergie pénicilline'),
(472, 472, 'Asthme'),
(473, 473, 'Hypertension'),
(474, 474, 'Aucun'),
(475, 475, 'Diabète type 2'),
(476, 476, 'Allergie pénicilline'),
(477, 477, 'Asthme'),
(478, 478, 'Hypertension'),
(479, 479, 'Aucun'),
(480, 480, 'Diabète type 2'),
(481, 481, 'Allergie pénicilline'),
(482, 482, 'Asthme'),
(483, 483, 'Hypertension'),
(484, 484, 'Aucun'),
(485, 485, 'Diabète type 2'),
(486, 486, 'Allergie pénicilline'),
(487, 487, 'Asthme'),
(488, 488, 'Hypertension'),
(489, 489, 'Aucun'),
(490, 490, 'Diabète type 2'),
(491, 491, 'Allergie pénicilline'),
(492, 492, 'Asthme'),
(493, 493, 'Hypertension'),
(494, 494, 'Aucun'),
(495, 495, 'Diabète type 2'),
(496, 496, 'Allergie pénicilline'),
(497, 497, 'Asthme'),
(498, 498, 'Hypertension'),
(499, 499, 'Aucun'),
(500, 500, 'Diabète type 2'),
(501, 501, 'Allergie pénicilline'),
(502, 502, 'Asthme'),
(503, 503, 'Hypertension'),
(504, 504, 'Aucun'),
(505, 505, 'Diabète type 2'),
(506, 506, 'Allergie pénicilline'),
(507, 507, 'Asthme'),
(508, 508, 'Hypertension'),
(509, 509, 'Aucun'),
(510, 510, 'Diabète type 2'),
(511, 511, 'Allergie pénicilline'),
(512, 512, 'Asthme'),
(513, 513, 'Hypertension'),
(514, 514, 'Aucun'),
(515, 515, 'Diabète type 2'),
(516, 516, 'Allergie pénicilline'),
(517, 517, 'Asthme'),
(518, 518, 'Hypertension'),
(519, 519, 'Aucun'),
(520, 520, 'Diabète type 2'),
(521, 521, 'Allergie pénicilline'),
(522, 522, 'Asthme'),
(523, 523, 'Hypertension'),
(524, 524, 'Aucun'),
(525, 525, 'Diabète type 2'),
(526, 526, 'Allergie pénicilline'),
(527, 527, 'Asthme'),
(528, 528, 'Hypertension'),
(529, 529, 'Aucun'),
(530, 530, 'Diabète type 2'),
(531, 531, 'Allergie pénicilline'),
(532, 532, 'Asthme'),
(533, 533, 'Hypertension'),
(534, 534, 'Aucun'),
(535, 535, 'Diabète type 2'),
(536, 536, 'Allergie pénicilline'),
(537, 537, 'Asthme'),
(538, 538, 'Hypertension'),
(539, 539, 'Aucun'),
(540, 540, 'Diabète type 2'),
(541, 541, 'Allergie pénicilline'),
(542, 542, 'Asthme'),
(543, 543, 'Hypertension'),
(544, 544, 'Aucun'),
(545, 545, 'Diabète type 2'),
(546, 546, 'Allergie pénicilline'),
(547, 547, 'Asthme'),
(548, 548, 'Hypertension'),
(549, 549, 'Aucun'),
(550, 550, 'Diabète type 2'),
(551, 551, 'Allergie pénicilline'),
(552, 552, 'Asthme'),
(553, 553, 'Hypertension'),
(554, 554, 'Aucun'),
(555, 555, 'Diabète type 2'),
(556, 556, 'Allergie pénicilline'),
(557, 557, 'Asthme'),
(558, 558, 'Hypertension'),
(559, 559, 'Aucun'),
(560, 560, 'Diabète type 2'),
(561, 561, 'Allergie pénicilline'),
(562, 562, 'Asthme'),
(563, 563, 'Hypertension'),
(564, 564, 'Aucun'),
(565, 565, 'Diabète type 2'),
(566, 566, 'Allergie pénicilline'),
(567, 567, 'Asthme'),
(568, 568, 'Hypertension'),
(569, 569, 'Aucun'),
(570, 570, 'Diabète type 2'),
(571, 571, 'Allergie pénicilline'),
(572, 572, 'Asthme'),
(573, 573, 'Hypertension'),
(574, 574, 'Aucun'),
(575, 575, 'Diabète type 2'),
(576, 576, 'Allergie pénicilline'),
(577, 577, 'Asthme'),
(578, 578, 'Hypertension'),
(579, 579, 'Aucun'),
(580, 580, 'Diabète type 2'),
(581, 581, 'Allergie pénicilline'),
(582, 582, 'Asthme'),
(583, 583, 'Hypertension'),
(584, 584, 'Aucun'),
(585, 585, 'Diabète type 2'),
(586, 586, 'Allergie pénicilline'),
(587, 587, 'Asthme'),
(588, 588, 'Hypertension'),
(589, 589, 'Aucun'),
(590, 590, 'Diabète type 2'),
(591, 591, 'Allergie pénicilline'),
(592, 592, 'Asthme'),
(593, 593, 'Hypertension'),
(594, 594, 'Aucun'),
(595, 595, 'Diabète type 2'),
(596, 596, 'Allergie pénicilline'),
(597, 597, 'Asthme'),
(598, 598, 'Hypertension'),
(599, 599, 'Aucun'),
(600, 600, 'Diabète type 2'),
(601, 601, 'Allergie pénicilline'),
(602, 602, 'Asthme'),
(603, 603, 'Hypertension'),
(604, 604, 'Aucun'),
(605, 605, 'Diabète type 2'),
(606, 606, 'Allergie pénicilline'),
(607, 607, 'Asthme'),
(608, 608, 'Hypertension'),
(609, 609, 'Aucun'),
(610, 610, 'Diabète type 2'),
(611, 611, 'Allergie pénicilline'),
(612, 612, 'Asthme'),
(613, 613, 'Hypertension'),
(614, 614, 'Aucun'),
(615, 615, 'Diabète type 2'),
(616, 616, 'Allergie pénicilline'),
(617, 617, 'Asthme'),
(618, 618, 'Hypertension'),
(619, 619, 'Aucun'),
(620, 620, 'Diabète type 2'),
(621, 621, 'Allergie pénicilline'),
(622, 622, 'Asthme'),
(623, 623, 'Hypertension'),
(624, 624, 'Aucun'),
(625, 625, 'Diabète type 2'),
(626, 626, 'Allergie pénicilline'),
(627, 627, 'Asthme'),
(628, 628, 'Hypertension'),
(629, 629, 'Aucun'),
(630, 630, 'Diabète type 2'),
(631, 631, 'Allergie pénicilline'),
(632, 632, 'Asthme'),
(633, 633, 'Hypertension'),
(634, 634, 'Aucun'),
(635, 635, 'Diabète type 2'),
(636, 636, 'Allergie pénicilline'),
(637, 637, 'Asthme'),
(638, 638, 'Hypertension'),
(639, 639, 'Aucun'),
(640, 640, 'Diabète type 2'),
(641, 641, 'Allergie pénicilline'),
(642, 642, 'Asthme'),
(643, 643, 'Hypertension'),
(644, 644, 'Aucun'),
(645, 645, 'Diabète type 2'),
(646, 646, 'Allergie pénicilline'),
(647, 647, 'Asthme'),
(648, 648, 'Hypertension'),
(649, 649, 'Aucun'),
(650, 650, 'Diabète type 2'),
(651, 651, 'Allergie pénicilline'),
(652, 652, 'Asthme'),
(653, 653, 'Hypertension'),
(654, 654, 'Aucun'),
(655, 655, 'Diabète type 2'),
(656, 656, 'Allergie pénicilline'),
(657, 657, 'Asthme'),
(658, 658, 'Hypertension'),
(659, 659, 'Aucun'),
(660, 660, 'Diabète type 2'),
(661, 661, 'Allergie pénicilline'),
(662, 662, 'Asthme'),
(663, 663, 'Hypertension'),
(664, 664, 'Aucun'),
(665, 665, 'Diabète type 2'),
(666, 666, 'Allergie pénicilline'),
(667, 667, 'Asthme'),
(668, 668, 'Hypertension'),
(669, 669, 'Aucun'),
(670, 670, 'Diabète type 2'),
(671, 671, 'Allergie pénicilline'),
(672, 672, 'Asthme'),
(673, 673, 'Hypertension'),
(674, 674, 'Aucun'),
(675, 675, 'Diabète type 2'),
(676, 676, 'Allergie pénicilline'),
(677, 677, 'Asthme'),
(678, 678, 'Hypertension'),
(679, 679, 'Aucun'),
(680, 680, 'Diabète type 2'),
(681, 681, 'Allergie pénicilline'),
(682, 682, 'Asthme'),
(683, 683, 'Hypertension'),
(684, 684, 'Aucun'),
(685, 685, 'Diabète type 2'),
(686, 686, 'Allergie pénicilline'),
(687, 687, 'Asthme'),
(688, 688, 'Hypertension'),
(689, 689, 'Aucun'),
(690, 690, 'Diabète type 2'),
(691, 691, 'Allergie pénicilline'),
(692, 692, 'Asthme'),
(693, 693, 'Hypertension'),
(694, 694, 'Aucun'),
(695, 695, 'Diabète type 2'),
(696, 696, 'Allergie pénicilline'),
(697, 697, 'Asthme'),
(698, 698, 'Hypertension'),
(699, 699, 'Aucun'),
(700, 700, 'Diabète type 2'),
(701, 701, 'Allergie pénicilline'),
(702, 702, 'Asthme'),
(703, 703, 'Hypertension'),
(704, 704, 'Aucun'),
(705, 705, 'Diabète type 2'),
(706, 706, 'Allergie pénicilline'),
(707, 707, 'Asthme'),
(708, 708, 'Hypertension'),
(709, 709, 'Aucun'),
(710, 710, 'Diabète type 2'),
(711, 711, 'Allergie pénicilline'),
(712, 712, 'Asthme'),
(713, 713, 'Hypertension'),
(714, 714, 'Aucun'),
(715, 715, 'Diabète type 2'),
(716, 716, 'Allergie pénicilline'),
(717, 717, 'Asthme'),
(718, 718, 'Hypertension'),
(719, 719, 'Aucun'),
(720, 720, 'Diabète type 2'),
(721, 721, 'Allergie pénicilline'),
(722, 722, 'Asthme'),
(723, 723, 'Hypertension'),
(724, 724, 'Aucun'),
(725, 725, 'Diabète type 2'),
(726, 726, 'Allergie pénicilline'),
(727, 727, 'Asthme'),
(728, 728, 'Hypertension'),
(729, 729, 'Aucun'),
(730, 730, 'Diabète type 2'),
(731, 731, 'Allergie pénicilline'),
(732, 732, 'Asthme'),
(733, 733, 'Hypertension'),
(734, 734, 'Aucun'),
(735, 735, 'Diabète type 2'),
(736, 736, 'Allergie pénicilline'),
(737, 737, 'Asthme'),
(738, 738, 'Hypertension'),
(739, 739, 'Aucun'),
(740, 740, 'Diabète type 2'),
(741, 741, 'Allergie pénicilline'),
(742, 742, 'Asthme'),
(743, 743, 'Hypertension'),
(744, 744, 'Aucun'),
(745, 745, 'Diabète type 2'),
(746, 746, 'Allergie pénicilline'),
(747, 747, 'Asthme'),
(748, 748, 'Hypertension'),
(749, 749, 'Aucun'),
(750, 750, 'Diabète type 2'),
(751, 751, 'Allergie pénicilline'),
(752, 752, 'Asthme'),
(753, 753, 'Hypertension'),
(754, 754, 'Aucun'),
(755, 755, 'Diabète type 2'),
(756, 756, 'Allergie pénicilline'),
(757, 757, 'Asthme'),
(758, 758, 'Hypertension'),
(759, 759, 'Aucun'),
(760, 760, 'Diabète type 2'),
(761, 761, 'Allergie pénicilline'),
(762, 762, 'Asthme'),
(763, 763, 'Hypertension'),
(764, 764, 'Aucun'),
(765, 765, 'Diabète type 2'),
(766, 766, 'Allergie pénicilline'),
(767, 767, 'Asthme'),
(768, 768, 'Hypertension'),
(769, 769, 'Aucun'),
(770, 770, 'Diabète type 2'),
(771, 771, 'Allergie pénicilline'),
(772, 772, 'Asthme'),
(773, 773, 'Hypertension'),
(774, 774, 'Aucun'),
(775, 775, 'Diabète type 2'),
(776, 776, 'Allergie pénicilline'),
(777, 777, 'Asthme'),
(778, 778, 'Hypertension'),
(779, 779, 'Aucun'),
(780, 780, 'Diabète type 2'),
(781, 781, 'Allergie pénicilline'),
(782, 782, 'Asthme'),
(783, 783, 'Hypertension'),
(784, 784, 'Aucun'),
(785, 785, 'Diabète type 2'),
(786, 786, 'Allergie pénicilline'),
(787, 787, 'Asthme'),
(788, 788, 'Hypertension'),
(789, 789, 'Aucun'),
(790, 790, 'Diabète type 2'),
(791, 791, 'Allergie pénicilline'),
(792, 792, 'Asthme'),
(793, 793, 'Hypertension'),
(794, 794, 'Aucun'),
(795, 795, 'Diabète type 2'),
(796, 796, 'Allergie pénicilline'),
(797, 797, 'Asthme'),
(798, 798, 'Hypertension'),
(799, 799, 'Aucun'),
(800, 800, 'Diabète type 2'),
(801, 801, 'Allergie pénicilline'),
(802, 802, 'Asthme'),
(803, 803, 'Hypertension'),
(804, 804, 'Aucun'),
(805, 805, 'Diabète type 2'),
(806, 806, 'Allergie pénicilline'),
(807, 807, 'Asthme'),
(808, 808, 'Hypertension'),
(809, 809, 'Aucun'),
(810, 810, 'Diabète type 2'),
(811, 811, 'Allergie pénicilline'),
(812, 812, 'Asthme'),
(813, 813, 'Hypertension'),
(814, 814, 'Aucun'),
(815, 815, 'Diabète type 2'),
(816, 816, 'Allergie pénicilline'),
(817, 817, 'Asthme'),
(818, 818, 'Hypertension'),
(819, 819, 'Aucun'),
(820, 820, 'Diabète type 2'),
(821, 821, 'Allergie pénicilline'),
(822, 822, 'Asthme'),
(823, 823, 'Hypertension'),
(824, 824, 'Aucun'),
(825, 825, 'Diabète type 2'),
(826, 826, 'Allergie pénicilline'),
(827, 827, 'Asthme'),
(828, 828, 'Hypertension'),
(829, 829, 'Aucun'),
(830, 830, 'Diabète type 2'),
(831, 831, 'Allergie pénicilline'),
(832, 832, 'Asthme'),
(833, 833, 'Hypertension'),
(834, 834, 'Aucun'),
(835, 835, 'Diabète type 2'),
(836, 836, 'Allergie pénicilline'),
(837, 837, 'Asthme'),
(838, 838, 'Hypertension'),
(839, 839, 'Aucun'),
(840, 840, 'Diabète type 2'),
(841, 841, 'Allergie pénicilline'),
(842, 842, 'Asthme'),
(843, 843, 'Hypertension'),
(844, 844, 'Aucun'),
(845, 845, 'Diabète type 2'),
(846, 846, 'Allergie pénicilline'),
(847, 847, 'Asthme'),
(848, 848, 'Hypertension'),
(849, 849, 'Aucun'),
(850, 850, 'Diabète type 2'),
(851, 851, 'Allergie pénicilline'),
(852, 852, 'Asthme'),
(853, 853, 'Hypertension'),
(854, 854, 'Aucun'),
(855, 855, 'Diabète type 2'),
(856, 856, 'Allergie pénicilline'),
(857, 857, 'Asthme'),
(858, 858, 'Hypertension'),
(859, 859, 'Aucun'),
(860, 860, 'Diabète type 2'),
(861, 861, 'Allergie pénicilline'),
(862, 862, 'Asthme'),
(863, 863, 'Hypertension'),
(864, 864, 'Aucun'),
(865, 865, 'Diabète type 2'),
(866, 866, 'Allergie pénicilline'),
(867, 867, 'Asthme'),
(868, 868, 'Hypertension'),
(869, 869, 'Aucun'),
(870, 870, 'Diabète type 2'),
(871, 871, 'Allergie pénicilline'),
(872, 872, 'Asthme'),
(873, 873, 'Hypertension'),
(874, 874, 'Aucun'),
(875, 875, 'Diabète type 2'),
(876, 876, 'Allergie pénicilline'),
(877, 877, 'Asthme'),
(878, 878, 'Hypertension'),
(879, 879, 'Aucun'),
(880, 880, 'Diabète type 2'),
(881, 881, 'Allergie pénicilline'),
(882, 882, 'Asthme'),
(883, 883, 'Hypertension'),
(884, 884, 'Aucun'),
(885, 885, 'Diabète type 2'),
(886, 886, 'Allergie pénicilline'),
(887, 887, 'Asthme'),
(888, 888, 'Hypertension'),
(889, 889, 'Aucun'),
(890, 890, 'Diabète type 2'),
(891, 891, 'Allergie pénicilline'),
(892, 892, 'Asthme'),
(893, 893, 'Hypertension'),
(894, 894, 'Aucun'),
(895, 895, 'Diabète type 2'),
(896, 896, 'Allergie pénicilline'),
(897, 897, 'Asthme'),
(898, 898, 'Hypertension'),
(899, 899, 'Aucun'),
(900, 900, 'Diabète type 2'),
(901, 901, 'Allergie pénicilline'),
(902, 902, 'Asthme'),
(903, 903, 'Hypertension'),
(904, 904, 'Aucun'),
(905, 905, 'Diabète type 2'),
(906, 906, 'Allergie pénicilline'),
(907, 907, 'Asthme'),
(908, 908, 'Hypertension'),
(909, 909, 'Aucun'),
(910, 910, 'Diabète type 2'),
(911, 911, 'Allergie pénicilline'),
(912, 912, 'Asthme'),
(913, 913, 'Hypertension'),
(914, 914, 'Aucun'),
(915, 915, 'Diabète type 2'),
(916, 916, 'Allergie pénicilline'),
(917, 917, 'Asthme'),
(918, 918, 'Hypertension'),
(919, 919, 'Aucun'),
(920, 920, 'Diabète type 2'),
(921, 921, 'Allergie pénicilline'),
(922, 922, 'Asthme'),
(923, 923, 'Hypertension'),
(924, 924, 'Aucun'),
(925, 925, 'Diabète type 2'),
(926, 926, 'Allergie pénicilline'),
(927, 927, 'Asthme'),
(928, 928, 'Hypertension'),
(929, 929, 'Aucun'),
(930, 930, 'Diabète type 2'),
(931, 931, 'Allergie pénicilline'),
(932, 932, 'Asthme'),
(933, 933, 'Hypertension'),
(934, 934, 'Aucun'),
(935, 935, 'Diabète type 2'),
(936, 936, 'Allergie pénicilline'),
(937, 937, 'Asthme'),
(938, 938, 'Hypertension'),
(939, 939, 'Aucun'),
(940, 940, 'Diabète type 2'),
(941, 941, 'Allergie pénicilline'),
(942, 942, 'Asthme'),
(943, 943, 'Hypertension'),
(944, 944, 'Aucun'),
(945, 945, 'Diabète type 2'),
(946, 946, 'Allergie pénicilline'),
(947, 947, 'Asthme'),
(948, 948, 'Hypertension'),
(949, 949, 'Aucun'),
(950, 950, 'Diabète type 2'),
(951, 951, 'Allergie pénicilline'),
(952, 952, 'Asthme'),
(953, 953, 'Hypertension'),
(954, 954, 'Aucun'),
(955, 955, 'Diabète type 2'),
(956, 956, 'Allergie pénicilline'),
(957, 957, 'Asthme'),
(958, 958, 'Hypertension'),
(959, 959, 'Aucun'),
(960, 960, 'Diabète type 2'),
(961, 961, 'Allergie pénicilline'),
(962, 962, 'Asthme'),
(963, 963, 'Hypertension'),
(964, 964, 'Aucun'),
(965, 965, 'Diabète type 2'),
(966, 966, 'Allergie pénicilline'),
(967, 967, 'Asthme'),
(968, 968, 'Hypertension'),
(969, 969, 'Aucun'),
(970, 970, 'Diabète type 2'),
(971, 971, 'Allergie pénicilline'),
(972, 972, 'Asthme'),
(973, 973, 'Hypertension'),
(974, 974, 'Aucun'),
(975, 975, 'Diabète type 2'),
(976, 976, 'Allergie pénicilline'),
(977, 977, 'Asthme'),
(978, 978, 'Hypertension'),
(979, 979, 'Aucun'),
(980, 980, 'Diabète type 2'),
(981, 981, 'Allergie pénicilline'),
(982, 982, 'Asthme'),
(983, 983, 'Hypertension'),
(984, 984, 'Aucun'),
(985, 985, 'Diabète type 2'),
(986, 986, 'Allergie pénicilline'),
(987, 987, 'Asthme'),
(988, 988, 'Hypertension'),
(989, 989, 'Aucun'),
(990, 990, 'Diabète type 2'),
(991, 991, 'Allergie pénicilline'),
(992, 992, 'Asthme'),
(993, 993, 'Hypertension'),
(994, 994, 'Aucun'),
(995, 995, 'Diabète type 2'),
(996, 996, 'Allergie pénicilline'),
(997, 997, 'Asthme'),
(998, 998, 'Hypertension'),
(999, 999, 'Aucun'),
(1000, 1000, 'Diabète type 2'),
(1001, 1001, 'Allergie pénicilline'),
(1002, 1002, 'Asthme'),
(1003, 1003, 'Hypertension'),
(1004, 1004, 'Aucun'),
(1005, 1005, 'Diabète type 2'),
(1006, 1006, 'Allergie pénicilline'),
(1007, 1007, 'Asthme'),
(1008, 1008, 'Hypertension'),
(1009, 1009, 'Aucun'),
(1010, 1010, 'Diabète type 2'),
(1011, 1011, 'Allergie pénicilline'),
(1012, 1012, 'Asthme'),
(1013, 1013, 'Hypertension'),
(1014, 1014, 'Aucun'),
(1015, 1015, 'Diabète type 2'),
(1016, 1016, 'Allergie pénicilline'),
(1017, 1017, 'Asthme'),
(1018, 1018, 'Hypertension'),
(1019, 1019, 'Aucun'),
(1020, 1020, 'Diabète type 2'),
(1021, 1021, 'Allergie pénicilline'),
(1022, 1022, 'Asthme'),
(1023, 1023, 'Hypertension'),
(1024, 1024, 'Aucun'),
(1025, 1025, 'Diabète type 2'),
(1026, 1026, 'Allergie pénicilline'),
(1027, 1027, 'Asthme'),
(1028, 1028, 'Hypertension'),
(1029, 1029, 'Aucun'),
(1030, 1030, 'Diabète type 2'),
(1031, 1031, 'Allergie pénicilline'),
(1032, 1032, 'Asthme'),
(1033, 1033, 'Hypertension'),
(1034, 1034, 'Aucun'),
(1035, 1035, 'Diabète type 2'),
(1036, 1036, 'Allergie pénicilline'),
(1037, 1037, 'Asthme'),
(1038, 1038, 'Hypertension'),
(1039, 1039, 'Aucun'),
(1040, 1040, 'Diabète type 2'),
(1041, 1041, 'Allergie pénicilline'),
(1042, 1042, 'Asthme'),
(1043, 1043, 'Hypertension'),
(1044, 1044, 'Aucun'),
(1045, 1045, 'Diabète type 2'),
(1046, 1046, 'Allergie pénicilline'),
(1047, 1047, 'Asthme'),
(1048, 1048, 'Hypertension'),
(1049, 1049, 'Aucun'),
(1050, 1050, 'Diabète type 2'),
(1051, 1051, 'Allergie pénicilline'),
(1052, 1052, 'Asthme'),
(1053, 1053, 'Hypertension'),
(1054, 1054, 'Aucun'),
(1055, 1055, 'Diabète type 2'),
(1056, 1056, 'Allergie pénicilline'),
(1057, 1057, 'Asthme'),
(1058, 1058, 'Hypertension'),
(1059, 1059, 'Aucun'),
(1060, 1060, 'Diabète type 2'),
(1061, 1061, 'Allergie pénicilline'),
(1062, 1062, 'Asthme'),
(1063, 1063, 'Hypertension'),
(1064, 1064, 'Aucun'),
(1065, 1065, 'Diabète type 2'),
(1066, 1066, 'Allergie pénicilline'),
(1067, 1067, 'Asthme'),
(1068, 1068, 'Hypertension'),
(1069, 1069, 'Aucun'),
(1070, 1070, 'Diabète type 2'),
(1071, 1071, 'Allergie pénicilline'),
(1072, 1072, 'Asthme'),
(1073, 1073, 'Hypertension'),
(1074, 1074, 'Aucun'),
(1075, 1075, 'Diabète type 2'),
(1076, 1076, 'Allergie pénicilline'),
(1077, 1077, 'Asthme'),
(1078, 1078, 'Hypertension'),
(1079, 1079, 'Aucun'),
(1080, 1080, 'Diabète type 2'),
(1081, 1081, 'Allergie pénicilline'),
(1082, 1082, 'Asthme'),
(1083, 1083, 'Hypertension'),
(1084, 1084, 'Aucun'),
(1085, 1085, 'Diabète type 2'),
(1086, 1086, 'Allergie pénicilline'),
(1087, 1087, 'Asthme'),
(1088, 1088, 'Hypertension'),
(1089, 1089, 'Aucun'),
(1090, 1090, 'Diabète type 2'),
(1091, 1091, 'Allergie pénicilline'),
(1092, 1092, 'Asthme'),
(1093, 1093, 'Hypertension'),
(1094, 1094, 'Aucun'),
(1095, 1095, 'Diabète type 2'),
(1096, 1096, 'Allergie pénicilline'),
(1097, 1097, 'Asthme'),
(1098, 1098, 'Hypertension'),
(1099, 1099, 'Aucun'),
(1100, 1100, 'Diabète type 2'),
(1101, 1101, 'Allergie pénicilline'),
(1102, 1102, 'Asthme'),
(1103, 1103, 'Hypertension'),
(1104, 1104, 'Aucun'),
(1105, 1105, 'Diabète type 2');

-- --------------------------------------------------------

--


--
-- Dumping data for table `assurance`
--


-- --------------------------------------------------------

--
-- Table structure for table `chambre`
--
INSERT INTO `personnel` (`id_personnel`, `nom`, `prenom`, `DATE_embauche`, `salaire`, `affectation_specialite`, `langue`, `responsable`) VALUES
(1, 'Martin', 'Paul', '2010-01-01', 3500, 'Radiologie', 'Français', 'Dr. House'),
(2, 'Durand', 'Sophie', '2015-03-15', 2800, 'Urgences', 'Français', 'Dr. House'),
(3, 'Lemoine', 'Pierre', '2018-06-20', 2000, 'Intendance', 'Français', 'Mme. Martin'),
(4, 'Bernard', 'Luc', '2012-09-10', 3700, 'Cardiologie', 'Français', 'Dr. Wilson'),
(5, 'Petit', 'Claire', '2016-11-05', 3200, 'Pédiatrie', 'Français', 'Dr. House'),
(6, 'Roux', 'Julie', '2019-02-18', 3100, 'Chirurgie', 'Français', 'Dr. Wilson'),
(7, 'Moreau', 'Alice', '2017-07-12', 2500, 'Urgences', 'Français', 'Dr. House'),
(8, 'Dubois', 'Marc', '2020-04-22', 2300, 'Chirurgie', 'Français', 'Dr. Wilson'),
(9, 'Leroy', 'Nathalie', '2014-10-30', 2100, 'Intendance', 'Français', 'Mme. Martin'),
(10, 'Simon', 'David', '2021-01-15', 2050, 'Intendance', 'Français', 'Mme. Martin');

-- --------------------------------------------------------



INSERT INTO `médecin` (`id_personnel`, `num_licence`) VALUES
(1, 'LIC12345'),
(4, 'LIC67890'),
(5, 'LIC54321'),
(6, 'LIC98765');

--
-- Dumping data for table `infirmier`
--

INSERT INTO `infirmier` (`id_personnel`, `niveau_certification`) VALUES
(2, 'CertifA'),
(7, 'CertifB'),
(8, 'CertifC');

-- --------------------------------------------------------

--
-- Table structure for table `intendance`


--
-- Dumping data for table `intendance`
--

INSERT INTO `intendance` (`id_personnel`, `zone_attribuee`, `fonction`) VALUES
(3, 'Zone 1', 'Nettoyage'),
(9, 'Zone 2', 'Maintenance'),
(10, 'Zone 3', 'Sécurité');


--
-- Dumping data for table `chambre`
--



-- --------------------------------------------------------

--
-- Table structure for table `commande`
--

INSERT INTO `médicament` (`id_médicament`, `nom`, `description`) VALUES
(1, 'Paracétamol', 'Antidouleur'),
(2, 'Ibuprofène', 'Anti-inflammatoire'),
(3, 'Amoxicilline', 'Antibiotique'),
(4, 'Aspirine', 'Antipyrétique'),
(5, 'Metformine', 'Antidiabétique'),
(6, 'Loratadine', 'Antihistaminique'),
(7, 'Oméprazole', 'Inhibiteur de la pompe à protons'),
(8, 'Salbutamol', 'Bronchodilatateur'),
(9, 'Simvastatine', 'Hypocholestérolémiant'),
(10, 'Diazépam', 'Anxiolytique');
--
-- Dumping data for table `commande`
--
INSERT INTO `consultation` (`id_consultation`, `id_patient`, `id_médecin`, `date`, `id_consultation_ref`, `motif`) VALUES
(0, 517, 4, '2020-04-03 20:17:16', NULL, 'Contrôle annuel'),
(1, 301, 6, '2020-11-18 11:51:49', NULL, 'Suivi diabète'),
(2, 764, 1, '2020-04-13 05:43:50', NULL, 'Consultation post-opératoire'),
(3, 1021, 6, '2025-02-22 19:31:28', NULL, 'Douleur chronique'),
(4, 955, 5, '2024-06-07 02:50:04', NULL, 'Vaccination'),
(5, 310, 6, '2021-06-30 17:44:36', NULL, 'Bilan sanguin'),
(6, 1036, 4, '2020-11-13 11:14:21', NULL, 'Prescription renouvellement'),
(7, 2, 4, '2024-03-12 00:03:29', NULL, 'Conseil nutritionnel'),
(8, 347, 5, '2020-02-24 05:53:52', NULL, 'Examen préventif'),
(9, 844, 4, '2020-01-03 18:31:44', NULL, 'Consultation générale'),
(10, 44, 5, '2020-04-01 20:01:25', NULL, 'Contrôle annuel'),
(11, 830, 6, '2021-06-04 20:30:19', NULL, 'Suivi diabète'),
(12, 121, 1, '2021-02-10 01:14:35', NULL, 'Consultation post-opératoire'),
(13, 139, 1, '2024-10-18 14:34:03', NULL, 'Douleur chronique'),
(14, 1058, 5, '2022-10-19 16:15:41', NULL, 'Vaccination'),
(15, 785, 6, '2021-02-14 15:38:26', NULL, 'Bilan sanguin'),
(16, 526, 5, '2022-06-20 06:00:42', NULL, 'Prescription renouvellement'),
(17, 851, 4, '2021-04-12 14:13:43', NULL, 'Conseil nutritionnel'),
(18, 681, 1, '2023-02-08 17:43:14', NULL, 'Examen préventif'),
(19, 616, 5, '2021-04-12 15:30:44', NULL, 'Consultation générale'),
(20, 580, 4, '2022-07-28 19:43:14', NULL, 'Contrôle annuel'),
(21, 902, 5, '2025-01-12 19:28:45', NULL, 'Suivi diabète'),
(22, 778, 5, '2021-12-23 11:30:54', NULL, 'Consultation post-opératoire'),
(23, 584, 4, '2022-02-08 13:34:27', NULL, 'Douleur chronique'),
(24, 550, 1, '2020-01-30 11:50:10', NULL, 'Vaccination'),
(25, 167, 4, '2024-01-05 05:57:24', NULL, 'Bilan sanguin'),
(26, 591, 1, '2021-09-29 14:05:44', NULL, 'Prescription renouvellement'),
(27, 362, 6, '2024-09-24 21:51:27', NULL, 'Conseil nutritionnel'),
(28, 693, 4, '2025-04-12 15:16:26', NULL, 'Examen préventif'),
(29, 885, 5, '2024-06-16 18:49:35', NULL, 'Consultation générale'),
(30, 211, 1, '2022-12-15 02:39:58', NULL, 'Contrôle annuel'),
(31, 807, 1, '2022-12-11 22:47:47', NULL, 'Suivi diabète'),
(32, 1086, 4, '2022-04-03 01:22:51', NULL, 'Consultation post-opératoire'),
(33, 804, 6, '2024-02-22 05:55:42', NULL, 'Douleur chronique'),
(34, 346, 6, '2021-10-23 02:13:21', NULL, 'Vaccination'),
(35, 80, 5, '2020-11-07 12:48:00', NULL, 'Bilan sanguin'),
(36, 250, 6, '2020-09-29 05:48:58', NULL, 'Prescription renouvellement'),
(37, 783, 4, '2020-12-17 23:55:59', NULL, 'Conseil nutritionnel'),
(38, 1078, 5, '2024-08-29 10:58:25', NULL, 'Examen préventif'),
(39, 106, 4, '2022-11-23 07:11:59', NULL, 'Consultation générale'),
(40, 796, 1, '2021-07-24 21:17:30', NULL, 'Contrôle annuel'),
(41, 603, 6, '2022-09-19 08:22:35', NULL, 'Suivi diabète'),
(42, 1085, 4, '2020-04-06 07:17:43', NULL, 'Consultation post-opératoire'),
(43, 37, 4, '2023-02-01 13:38:59', NULL, 'Douleur chronique'),
(44, 438, 5, '2024-08-16 10:20:05', NULL, 'Vaccination'),
(45, 466, 1, '2024-03-07 13:42:22', NULL, 'Bilan sanguin'),
(46, 1023, 6, '2023-01-27 21:22:23', NULL, 'Prescription renouvellement'),
(47, 242, 4, '2024-03-28 10:23:26', NULL, 'Conseil nutritionnel'),
(48, 1076, 6, '2020-11-26 15:29:46', NULL, 'Examen préventif'),
(49, 468, 4, '2024-09-25 13:18:05', NULL, 'Consultation générale'),
(50, 347, 5, '2022-05-22 23:19:21', NULL, 'Contrôle annuel'),
(51, 976, 5, '2020-12-11 22:34:21', NULL, 'Suivi diabète'),
(52, 1016, 6, '2023-04-06 16:33:42', NULL, 'Consultation post-opératoire'),
(53, 376, 1, '2021-11-21 17:07:39', NULL, 'Douleur chronique'),
(54, 911, 6, '2022-10-29 15:42:37', NULL, 'Vaccination'),
(55, 398, 6, '2024-03-19 14:40:29', NULL, 'Bilan sanguin'),
(56, 735, 5, '2024-10-09 03:29:45', NULL, 'Prescription renouvellement'),
(57, 418, 5, '2021-04-04 00:55:38', NULL, 'Conseil nutritionnel'),
(58, 509, 1, '2025-02-01 01:07:20', NULL, 'Examen préventif'),
(59, 1034, 1, '2023-12-13 14:01:58', NULL, 'Consultation générale'),
(60, 456, 1, '2021-03-04 00:35:11', NULL, 'Contrôle annuel'),
(61, 119, 4, '2023-03-26 16:25:07', NULL, 'Suivi diabète'),
(62, 284, 6, '2021-05-04 13:51:57', NULL, 'Consultation post-opératoire'),
(63, 909, 5, '2023-06-14 15:45:10', NULL, 'Douleur chronique'),
(64, 197, 5, '2022-01-20 13:06:17', NULL, 'Vaccination'),
(65, 689, 6, '2022-06-11 20:45:30', NULL, 'Bilan sanguin'),
(66, 158, 4, '2023-08-28 07:28:06', NULL, 'Prescription renouvellement'),
(67, 1014, 1, '2020-05-29 21:59:52', NULL, 'Conseil nutritionnel'),
(68, 983, 6, '2022-09-18 21:57:03', NULL, 'Examen préventif'),
(69, 961, 4, '2024-04-02 05:45:25', NULL, 'Consultation générale'),
(70, 238, 6, '2020-01-20 12:32:18', NULL, 'Contrôle annuel'),
(71, 83, 5, '2024-08-06 00:12:36', NULL, 'Suivi diabète'),
(72, 724, 6, '2020-04-05 22:56:27', NULL, 'Consultation post-opératoire'),
(73, 158, 5, '2024-04-09 08:05:40', NULL, 'Douleur chronique'),
(74, 699, 5, '2020-11-30 01:39:27', NULL, 'Vaccination'),
(75, 991, 4, '2021-12-08 19:31:05', NULL, 'Bilan sanguin'),
(76, 993, 4, '2023-06-05 13:36:11', NULL, 'Prescription renouvellement'),
(77, 207, 1, '2022-04-10 07:44:44', NULL, 'Conseil nutritionnel'),
(78, 182, 1, '2021-04-26 05:22:36', NULL, 'Examen préventif'),
(79, 238, 6, '2023-06-23 14:49:58', NULL, 'Consultation générale'),
(80, 183, 1, '2022-08-07 19:54:01', NULL, 'Contrôle annuel'),
(81, 656, 1, '2021-07-03 18:29:40', NULL, 'Suivi diabète'),
(82, 49, 1, '2023-07-07 00:31:36', NULL, 'Consultation post-opératoire'),
(83, 729, 4, '2024-04-14 23:36:27', NULL, 'Douleur chronique'),
(84, 758, 4, '2024-02-19 06:19:50', NULL, 'Vaccination'),
(85, 119, 4, '2021-02-22 10:36:50', NULL, 'Bilan sanguin'),
(86, 993, 6, '2023-06-24 20:46:38', NULL, 'Prescription renouvellement'),
(87, 208, 6, '2025-04-29 03:38:39', NULL, 'Conseil nutritionnel'),
(88, 141, 1, '2024-10-26 20:45:27', NULL, 'Examen préventif'),
(89, 534, 5, '2022-06-18 05:19:26', NULL, 'Consultation générale'),
(90, 286, 4, '2021-05-17 16:52:55', NULL, 'Contrôle annuel'),
(91, 212, 1, '2020-05-03 04:32:45', NULL, 'Suivi diabète'),
(92, 366, 4, '2023-10-09 13:18:39', NULL, 'Consultation post-opératoire'),
(93, 648, 4, '2024-04-21 22:53:30', NULL, 'Douleur chronique'),
(94, 853, 4, '2020-02-20 03:17:33', NULL, 'Vaccination'),
(95, 645, 1, '2023-02-12 21:35:56', NULL, 'Bilan sanguin'),
(96, 736, 6, '2024-03-07 05:27:44', NULL, 'Prescription renouvellement'),
(97, 1031, 4, '2022-11-28 08:55:51', NULL, 'Conseil nutritionnel'),
(98, 468, 5, '2021-01-17 12:14:12', NULL, 'Examen préventif'),
(99, 1078, 6, '2024-06-12 00:25:33', NULL, 'Consultation générale'),
(100, 764, 1, '2021-01-23 04:51:17', NULL, 'Contrôle annuel'),
(101, 501, 6, '2023-02-25 12:07:41', NULL, 'Suivi diabète'),
(102, 340, 1, '2020-07-02 13:18:38', NULL, 'Consultation post-opératoire'),
(103, 1016, 5, '2021-10-08 13:43:09', NULL, 'Douleur chronique'),
(104, 514, 6, '2025-02-01 17:47:33', NULL, 'Vaccination'),
(105, 179, 5, '2024-06-15 20:06:14', NULL, 'Bilan sanguin'),
(106, 228, 6, '2024-12-30 22:20:21', NULL, 'Prescription renouvellement'),
(107, 393, 4, '2024-03-18 04:51:10', NULL, 'Conseil nutritionnel'),
(108, 152, 5, '2020-11-05 11:32:40', NULL, 'Examen préventif'),
(109, 1032, 1, '2020-09-14 13:05:32', NULL, 'Consultation générale'),
(110, 393, 6, '2022-02-10 02:01:25', NULL, 'Contrôle annuel'),
(111, 185, 4, '2024-07-20 10:48:35', NULL, 'Suivi diabète'),
(112, 1080, 4, '2024-02-14 16:58:57', NULL, 'Consultation post-opératoire'),
(113, 402, 1, '2020-05-17 01:38:20', NULL, 'Douleur chronique'),
(114, 370, 6, '2024-02-26 12:17:05', NULL, 'Vaccination'),
(115, 271, 1, '2024-05-06 23:15:02', NULL, 'Bilan sanguin'),
(116, 802, 5, '2020-03-10 18:09:45', NULL, 'Prescription renouvellement'),
(117, 760, 1, '2020-08-16 20:21:00', NULL, 'Conseil nutritionnel'),
(118, 421, 4, '2021-09-24 23:39:29', NULL, 'Examen préventif'),
(119, 56, 1, '2025-04-16 06:14:04', NULL, 'Consultation générale'),
(120, 573, 5, '2024-08-15 04:13:16', NULL, 'Contrôle annuel'),
(121, 163, 5, '2022-09-24 10:06:07', NULL, 'Suivi diabète'),
(122, 1054, 4, '2023-08-01 01:20:29', NULL, 'Consultation post-opératoire'),
(123, 841, 5, '2024-04-20 03:37:50', NULL, 'Douleur chronique'),
(124, 327, 6, '2024-12-16 10:39:00', NULL, 'Vaccination'),
(125, 460, 4, '2021-12-20 21:12:00', NULL, 'Bilan sanguin'),
(126, 994, 1, '2024-08-16 13:40:09', NULL, 'Prescription renouvellement'),
(127, 473, 6, '2022-12-06 21:11:02', NULL, 'Conseil nutritionnel'),
(128, 830, 1, '2021-02-04 21:31:56', NULL, 'Examen préventif'),
(129, 1041, 1, '2023-06-07 08:29:36', NULL, 'Consultation générale'),
(130, 466, 1, '2023-09-13 11:30:56', NULL, 'Contrôle annuel'),
(131, 135, 6, '2024-09-28 10:45:13', NULL, 'Suivi diabète'),
(132, 879, 6, '2024-06-24 04:47:11', NULL, 'Consultation post-opératoire'),
(133, 1035, 6, '2021-08-21 17:42:28', NULL, 'Douleur chronique'),
(134, 1080, 4, '2023-08-28 22:07:06', NULL, 'Vaccination'),
(135, 352, 4, '2020-10-29 16:38:24', NULL, 'Bilan sanguin'),
(136, 556, 6, '2024-05-08 23:20:16', NULL, 'Prescription renouvellement'),
(137, 108, 5, '2022-06-16 04:08:45', NULL, 'Conseil nutritionnel'),
(138, 822, 5, '2020-01-17 03:47:06', NULL, 'Examen préventif'),
(139, 377, 1, '2024-04-25 19:24:19', NULL, 'Consultation générale'),
(140, 839, 6, '2023-05-17 13:35:11', NULL, 'Contrôle annuel'),
(141, 988, 5, '2020-06-17 17:17:43', NULL, 'Suivi diabète'),
(142, 29, 5, '2020-05-31 16:03:08', NULL, 'Consultation post-opératoire'),
(143, 428, 1, '2025-01-14 12:58:53', NULL, 'Douleur chronique'),
(144, 576, 5, '2020-08-12 15:24:55', NULL, 'Vaccination'),
(145, 86, 4, '2021-04-08 10:01:45', NULL, 'Bilan sanguin'),
(146, 1001, 5, '2021-11-21 21:52:07', NULL, 'Prescription renouvellement'),
(147, 309, 1, '2021-04-16 22:08:32', NULL, 'Conseil nutritionnel'),
(148, 474, 4, '2020-08-04 03:33:58', NULL, 'Examen préventif'),
(149, 675, 5, '2022-05-06 17:53:15', NULL, 'Consultation générale'),
(150, 781, 6, '2020-01-12 16:12:30', NULL, 'Contrôle annuel'),
(151, 990, 6, '2020-11-03 16:53:50', NULL, 'Suivi diabète'),
(152, 1000, 4, '2021-03-16 09:49:09', NULL, 'Consultation post-opératoire'),
(153, 141, 1, '2024-01-03 14:44:37', NULL, 'Douleur chronique'),
(154, 396, 1, '2020-11-10 10:17:14', NULL, 'Vaccination'),
(155, 174, 5, '2022-08-06 14:31:54', NULL, 'Bilan sanguin'),
(156, 43, 5, '2023-01-16 14:45:46', NULL, 'Prescription renouvellement'),
(157, 841, 5, '2023-04-01 11:30:31', NULL, 'Conseil nutritionnel'),
(158, 870, 5, '2022-11-13 22:38:02', NULL, 'Examen préventif'),
(159, 534, 5, '2024-11-17 06:05:12', NULL, 'Consultation générale'),
(160, 7, 1, '2025-02-28 04:18:37', NULL, 'Contrôle annuel'),
(161, 937, 1, '2021-08-18 15:32:19', NULL, 'Suivi diabète'),
(162, 569, 6, '2025-04-14 16:46:15', NULL, 'Consultation post-opératoire'),
(163, 720, 1, '2021-06-20 06:23:33', NULL, 'Douleur chronique'),
(164, 660, 5, '2020-11-29 07:14:42', NULL, 'Vaccination'),
(165, 422, 1, '2023-02-13 01:30:47', NULL, 'Bilan sanguin'),
(166, 572, 4, '2024-06-03 18:54:40', NULL, 'Prescription renouvellement'),
(167, 1012, 5, '2024-03-27 13:04:07', NULL, 'Conseil nutritionnel'),
(168, 779, 1, '2023-02-20 16:02:53', NULL, 'Examen préventif'),
(169, 806, 5, '2021-02-01 00:41:50', NULL, 'Consultation générale'),
(170, 787, 4, '2023-06-21 22:35:00', NULL, 'Contrôle annuel'),
(171, 217, 6, '2023-09-05 05:37:37', NULL, 'Suivi diabète'),
(172, 343, 6, '2023-02-18 20:40:33', NULL, 'Consultation post-opératoire'),
(173, 862, 1, '2025-02-11 18:30:26', NULL, 'Douleur chronique'),
(174, 1068, 5, '2025-01-26 01:32:19', NULL, 'Vaccination'),
(175, 503, 6, '2020-04-15 04:36:03', NULL, 'Bilan sanguin'),
(176, 268, 1, '2021-08-07 11:00:32', NULL, 'Prescription renouvellement'),
(177, 782, 1, '2021-04-26 10:48:05', NULL, 'Conseil nutritionnel'),
(178, 564, 5, '2023-02-25 18:47:48', NULL, 'Examen préventif'),
(179, 1094, 1, '2024-06-14 21:57:43', NULL, 'Consultation générale'),
(180, 942, 5, '2020-03-28 10:32:24', NULL, 'Contrôle annuel'),
(181, 490, 4, '2020-08-20 21:18:16', NULL, 'Suivi diabète'),
(182, 528, 5, '2021-08-04 19:58:11', NULL, 'Consultation post-opératoire'),
(183, 974, 6, '2023-04-20 02:40:26', NULL, 'Douleur chronique'),
(184, 42, 4, '2024-08-25 00:20:59', NULL, 'Vaccination'),
(185, 707, 6, '2025-02-24 20:43:35', NULL, 'Bilan sanguin'),
(186, 845, 5, '2021-11-08 15:36:34', NULL, 'Prescription renouvellement'),
(187, 224, 1, '2022-08-21 21:16:43', NULL, 'Conseil nutritionnel'),
(188, 340, 4, '2020-08-03 14:22:03', NULL, 'Examen préventif'),
(189, 193, 5, '2023-12-09 12:13:53', NULL, 'Consultation générale'),
(190, 952, 5, '2022-01-27 09:36:20', NULL, 'Contrôle annuel'),
(191, 625, 6, '2024-01-19 22:41:39', NULL, 'Suivi diabète'),
(192, 78, 5, '2020-03-22 20:38:28', NULL, 'Consultation post-opératoire'),
(193, 342, 5, '2023-03-04 23:53:33', NULL, 'Douleur chronique'),
(194, 336, 4, '2023-08-16 07:44:18', NULL, 'Vaccination'),
(195, 306, 5, '2022-03-20 11:39:22', NULL, 'Bilan sanguin'),
(196, 77, 5, '2022-03-26 02:59:09', NULL, 'Prescription renouvellement'),
(197, 1095, 4, '2021-02-16 19:22:37', NULL, 'Conseil nutritionnel'),
(198, 684, 6, '2025-03-29 08:41:02', NULL, 'Examen préventif'),
(199, 1044, 6, '2020-02-20 22:50:49', NULL, 'Consultation générale'),
(200, 407, 4, '2020-10-22 13:04:35', NULL, 'Contrôle annuel'),
(201, 1031, 6, '2024-07-29 12:53:39', NULL, 'Suivi diabète'),
(202, 875, 4, '2022-04-16 08:20:37', NULL, 'Consultation post-opératoire'),
(203, 352, 1, '2021-05-04 15:24:32', NULL, 'Douleur chronique'),
(204, 412, 4, '2024-03-09 03:53:21', NULL, 'Vaccination'),
(205, 20, 6, '2022-01-31 09:31:45', NULL, 'Bilan sanguin'),
(206, 208, 1, '2020-02-04 11:26:38', NULL, 'Prescription renouvellement'),
(207, 528, 5, '2024-12-11 17:59:36', NULL, 'Conseil nutritionnel'),
(208, 271, 4, '2025-05-19 22:54:10', NULL, 'Examen préventif'),
(209, 230, 4, '2021-04-27 03:39:27', NULL, 'Consultation générale'),
(210, 1076, 1, '2020-05-30 13:40:55', NULL, 'Contrôle annuel'),
(211, 146, 6, '2024-09-29 16:31:10', NULL, 'Suivi diabète'),
(212, 740, 1, '2021-07-18 03:55:44', NULL, 'Consultation post-opératoire'),
(213, 1004, 1, '2024-04-21 19:42:06', NULL, 'Douleur chronique'),
(214, 810, 6, '2023-08-12 01:49:16', NULL, 'Vaccination'),
(215, 338, 5, '2023-09-09 19:38:42', NULL, 'Bilan sanguin'),
(216, 59, 1, '2025-01-11 06:06:37', NULL, 'Prescription renouvellement'),
(217, 1092, 6, '2022-11-18 21:19:09', NULL, 'Conseil nutritionnel'),
(218, 274, 5, '2024-03-10 21:46:31', NULL, 'Examen préventif'),
(219, 446, 4, '2024-09-06 12:54:57', NULL, 'Consultation générale'),
(220, 410, 1, '2025-03-21 20:28:39', NULL, 'Contrôle annuel'),
(221, 849, 1, '2025-02-19 17:51:54', NULL, 'Suivi diabète'),
(222, 177, 6, '2024-10-27 11:57:19', NULL, 'Consultation post-opératoire'),
(223, 807, 5, '2021-12-24 17:44:21', NULL, 'Douleur chronique'),
(224, 432, 6, '2024-01-04 04:35:08', NULL, 'Vaccination'),
(225, 484, 1, '2022-04-21 19:40:38', NULL, 'Bilan sanguin'),
(226, 517, 4, '2024-07-22 13:07:18', NULL, 'Prescription renouvellement'),
(227, 392, 1, '2024-05-10 06:47:51', NULL, 'Conseil nutritionnel'),
(228, 103, 4, '2022-08-05 03:55:06', NULL, 'Examen préventif'),
(229, 300, 1, '2025-05-03 15:47:50', NULL, 'Consultation générale'),
(230, 812, 4, '2021-06-02 21:37:24', NULL, 'Contrôle annuel'),
(231, 714, 1, '2021-07-27 08:27:27', NULL, 'Suivi diabète'),
(232, 789, 6, '2024-05-03 05:30:41', NULL, 'Consultation post-opératoire'),
(233, 793, 5, '2023-07-16 05:57:04', NULL, 'Douleur chronique'),
(234, 627, 5, '2020-10-24 12:37:52', NULL, 'Vaccination'),
(235, 242, 5, '2025-04-22 20:41:56', NULL, 'Bilan sanguin'),
(236, 909, 5, '2023-04-24 02:19:19', NULL, 'Prescription renouvellement'),
(237, 583, 5, '2023-02-26 02:42:06', NULL, 'Conseil nutritionnel'),
(238, 593, 5, '2020-09-05 08:50:46', NULL, 'Examen préventif'),
(239, 466, 5, '2023-03-09 01:03:38', NULL, 'Consultation générale'),
(240, 336, 4, '2021-12-28 19:28:44', NULL, 'Contrôle annuel'),
(241, 1009, 6, '2021-12-05 09:32:41', NULL, 'Suivi diabète'),
(242, 327, 5, '2022-01-18 15:14:36', NULL, 'Consultation post-opératoire'),
(243, 387, 1, '2024-04-21 16:52:07', NULL, 'Douleur chronique'),
(244, 519, 4, '2022-03-30 15:43:50', NULL, 'Vaccination'),
(245, 579, 6, '2024-03-31 00:52:47', NULL, 'Bilan sanguin'),
(246, 610, 1, '2020-08-01 06:14:51', NULL, 'Prescription renouvellement'),
(247, 859, 5, '2022-03-06 16:38:18', NULL, 'Conseil nutritionnel'),
(248, 245, 5, '2025-04-29 17:10:13', NULL, 'Examen préventif'),
(249, 977, 1, '2021-06-26 18:56:34', NULL, 'Consultation générale'),
(250, 192, 5, '2020-09-17 15:39:00', NULL, 'Contrôle annuel'),
(251, 995, 6, '2020-12-20 17:23:00', NULL, 'Suivi diabète'),
(252, 69, 5, '2025-02-18 10:44:03', NULL, 'Consultation post-opératoire'),
(253, 399, 5, '2020-04-09 12:49:24', NULL, 'Douleur chronique'),
(254, 298, 5, '2021-06-23 06:01:04', NULL, 'Vaccination'),
(255, 424, 4, '2023-11-16 08:26:22', NULL, 'Bilan sanguin'),
(256, 173, 6, '2022-02-27 17:44:45', NULL, 'Prescription renouvellement'),
(257, 635, 5, '2023-06-04 18:55:53', NULL, 'Conseil nutritionnel'),
(258, 265, 1, '2023-06-08 05:46:53', NULL, 'Examen préventif'),
(259, 611, 5, '2021-10-29 23:56:20', NULL, 'Consultation générale'),
(260, 552, 6, '2024-08-04 11:55:52', NULL, 'Contrôle annuel'),
(261, 45, 5, '2020-07-14 17:42:48', NULL, 'Suivi diabète'),
(262, 835, 5, '2020-05-06 04:40:42', NULL, 'Consultation post-opératoire'),
(263, 125, 1, '2024-07-24 04:14:55', NULL, 'Douleur chronique'),
(264, 2, 5, '2023-09-27 14:21:07', NULL, 'Vaccination'),
(265, 1086, 5, '2021-01-07 06:07:53', NULL, 'Bilan sanguin'),
(266, 410, 4, '2022-03-11 10:07:55', NULL, 'Prescription renouvellement'),
(267, 456, 1, '2022-05-10 22:01:14', NULL, 'Conseil nutritionnel'),
(268, 752, 4, '2023-04-24 10:58:32', NULL, 'Examen préventif'),
(269, 282, 1, '2025-02-11 16:25:27', NULL, 'Consultation générale'),
(270, 938, 1, '2022-07-05 14:14:51', NULL, 'Contrôle annuel'),
(271, 52, 4, '2022-02-07 04:20:00', NULL, 'Suivi diabète'),
(272, 530, 4, '2025-04-07 11:17:16', NULL, 'Consultation post-opératoire'),
(273, 404, 5, '2020-04-30 09:09:31', NULL, 'Douleur chronique'),
(274, 392, 1, '2023-03-05 05:00:26', NULL, 'Vaccination'),
(275, 954, 1, '2024-08-19 06:24:50', NULL, 'Bilan sanguin'),
(276, 595, 1, '2024-12-22 09:10:49', NULL, 'Prescription renouvellement'),
(277, 177, 1, '2021-10-29 14:37:18', NULL, 'Conseil nutritionnel'),
(278, 1017, 4, '2021-07-02 02:24:19', NULL, 'Examen préventif'),
(279, 226, 5, '2022-07-07 15:24:46', NULL, 'Consultation générale'),
(280, 469, 4, '2022-11-25 08:46:30', NULL, 'Contrôle annuel'),
(281, 74, 1, '2024-07-13 21:16:23', NULL, 'Suivi diabète'),
(282, 350, 4, '2021-11-17 20:34:28', NULL, 'Consultation post-opératoire'),
(283, 300, 4, '2020-11-04 01:28:00', NULL, 'Douleur chronique'),
(284, 408, 4, '2024-05-16 19:15:29', NULL, 'Vaccination'),
(285, 539, 4, '2021-06-11 03:16:20', NULL, 'Bilan sanguin'),
(286, 255, 4, '2021-07-04 10:50:05', NULL, 'Prescription renouvellement'),
(287, 377, 6, '2025-03-10 18:27:13', NULL, 'Conseil nutritionnel'),
(288, 1066, 6, '2023-12-10 09:18:10', NULL, 'Examen préventif'),
(289, 960, 5, '2021-02-28 11:59:32', NULL, 'Consultation générale'),
(290, 622, 4, '2020-12-28 01:23:07', NULL, 'Contrôle annuel'),
(291, 271, 6, '2023-02-11 10:42:41', NULL, 'Suivi diabète'),
(292, 747, 4, '2023-07-27 08:57:05', NULL, 'Consultation post-opératoire'),
(293, 908, 5, '2024-10-28 01:46:11', NULL, 'Douleur chronique'),
(294, 267, 5, '2023-12-10 10:43:38', NULL, 'Vaccination'),
(295, 288, 5, '2022-08-27 07:06:40', NULL, 'Bilan sanguin'),
(296, 259, 5, '2021-05-30 23:37:08', NULL, 'Prescription renouvellement'),
(297, 1048, 4, '2024-10-18 05:09:46', NULL, 'Conseil nutritionnel'),
(298, 265, 5, '2024-09-09 08:49:06', NULL, 'Examen préventif'),
(299, 920, 5, '2021-01-15 14:52:21', NULL, 'Consultation générale'),
(300, 458, 4, '2023-12-06 07:29:53', NULL, 'Contrôle annuel'),
(301, 115, 4, '2023-02-03 20:03:34', NULL, 'Suivi diabète'),
(302, 382, 5, '2021-08-12 18:15:30', NULL, 'Consultation post-opératoire'),
(303, 856, 6, '2021-06-06 10:01:34', NULL, 'Douleur chronique'),
(304, 380, 6, '2023-03-28 21:57:33', NULL, 'Vaccination'),
(305, 457, 5, '2020-09-18 19:33:23', NULL, 'Bilan sanguin'),
(306, 548, 6, '2020-01-07 10:48:00', NULL, 'Prescription renouvellement'),
(307, 859, 6, '2024-09-27 23:39:58', NULL, 'Conseil nutritionnel'),
(308, 838, 1, '2024-02-18 07:18:08', NULL, 'Examen préventif'),
(309, 852, 1, '2024-09-13 16:39:49', NULL, 'Consultation générale'),
(310, 852, 5, '2024-05-29 03:02:30', NULL, 'Contrôle annuel'),
(311, 1050, 1, '2024-09-22 22:22:25', NULL, 'Suivi diabète'),
(312, 120, 5, '2023-10-30 15:42:02', NULL, 'Consultation post-opératoire'),
(313, 931, 6, '2022-08-20 20:14:12', NULL, 'Douleur chronique'),
(314, 276, 4, '2022-01-24 06:53:27', NULL, 'Vaccination'),
(315, 469, 5, '2021-03-16 07:23:08', NULL, 'Bilan sanguin'),
(316, 847, 4, '2024-01-13 16:18:39', NULL, 'Prescription renouvellement'),
(317, 685, 5, '2024-07-26 18:24:47', NULL, 'Conseil nutritionnel'),
(318, 892, 1, '2023-07-22 13:57:39', NULL, 'Examen préventif'),
(319, 995, 4, '2021-11-15 18:00:18', NULL, 'Consultation générale'),
(320, 166, 4, '2024-08-10 08:04:14', NULL, 'Contrôle annuel'),
(321, 570, 6, '2022-02-05 03:43:15', NULL, 'Suivi diabète'),
(322, 792, 5, '2023-06-06 02:31:40', NULL, 'Consultation post-opératoire'),
(323, 154, 1, '2022-03-13 03:50:46', NULL, 'Douleur chronique'),
(324, 916, 6, '2024-10-01 11:42:59', NULL, 'Vaccination'),
(325, 136, 6, '2020-04-01 03:57:47', NULL, 'Bilan sanguin'),
(326, 751, 4, '2025-04-19 18:45:37', NULL, 'Prescription renouvellement'),
(327, 89, 5, '2020-02-15 23:53:53', NULL, 'Conseil nutritionnel'),
(328, 896, 5, '2020-09-07 10:24:11', NULL, 'Examen préventif'),
(329, 798, 5, '2020-05-08 07:42:29', NULL, 'Consultation générale'),
(330, 701, 1, '2023-07-14 07:00:58', NULL, 'Contrôle annuel'),
(331, 444, 5, '2020-05-21 17:40:00', NULL, 'Suivi diabète'),
(332, 741, 5, '2023-05-01 13:57:00', NULL, 'Consultation post-opératoire'),
(333, 625, 6, '2025-05-03 06:36:22', NULL, 'Douleur chronique'),
(334, 880, 5, '2022-08-23 13:12:40', NULL, 'Vaccination'),
(335, 513, 5, '2020-02-28 09:29:59', NULL, 'Bilan sanguin'),
(336, 828, 1, '2024-08-16 20:51:41', NULL, 'Prescription renouvellement'),
(337, 920, 4, '2023-01-27 04:34:34', NULL, 'Conseil nutritionnel'),
(338, 770, 5, '2024-10-25 08:58:41', NULL, 'Examen préventif'),
(339, 798, 4, '2022-06-23 12:16:49', NULL, 'Consultation générale'),
(340, 710, 4, '2022-06-28 01:12:58', NULL, 'Contrôle annuel'),
(341, 399, 1, '2021-09-25 19:58:32', NULL, 'Suivi diabète'),
(342, 477, 6, '2023-07-21 14:40:51', NULL, 'Consultation post-opératoire'),
(343, 838, 5, '2020-12-09 04:41:57', NULL, 'Douleur chronique'),
(344, 432, 6, '2023-11-03 08:35:39', NULL, 'Vaccination'),
(345, 1018, 6, '2022-04-24 09:01:41', NULL, 'Bilan sanguin'),
(346, 857, 6, '2020-07-20 04:20:41', NULL, 'Prescription renouvellement'),
(347, 616, 6, '2022-02-14 15:57:41', NULL, 'Conseil nutritionnel'),
(348, 16, 6, '2023-07-29 08:57:58', NULL, 'Examen préventif'),
(349, 640, 5, '2021-08-02 07:43:13', NULL, 'Consultation générale'),
(350, 330, 4, '2021-05-26 20:59:58', NULL, 'Contrôle annuel'),
(351, 156, 4, '2023-02-16 14:16:10', NULL, 'Suivi diabète'),
(352, 14, 1, '2024-04-25 05:02:15', NULL, 'Consultation post-opératoire'),
(353, 410, 4, '2020-04-28 13:49:30', NULL, 'Douleur chronique'),
(354, 599, 4, '2024-09-06 06:55:34', NULL, 'Vaccination'),
(355, 14, 6, '2023-07-17 20:22:51', NULL, 'Bilan sanguin'),
(356, 543, 1, '2020-03-11 10:20:01', NULL, 'Prescription renouvellement'),
(357, 497, 6, '2024-02-23 12:47:56', NULL, 'Conseil nutritionnel'),
(358, 763, 6, '2025-02-08 05:21:06', NULL, 'Examen préventif'),
(359, 369, 5, '2023-06-29 13:25:32', NULL, 'Consultation générale'),
(360, 649, 1, '2020-06-22 15:33:31', NULL, 'Contrôle annuel'),
(361, 440, 1, '2025-01-08 23:08:26', NULL, 'Suivi diabète'),
(362, 1059, 4, '2022-04-06 08:05:03', NULL, 'Consultation post-opératoire'),
(363, 965, 6, '2023-08-27 05:00:51', NULL, 'Douleur chronique'),
(364, 482, 4, '2021-12-26 22:01:44', NULL, 'Vaccination'),
(365, 349, 1, '2022-09-29 17:22:45', NULL, 'Bilan sanguin'),
(366, 974, 5, '2024-07-01 02:15:10', NULL, 'Prescription renouvellement'),
(367, 863, 1, '2025-05-19 17:15:45', NULL, 'Conseil nutritionnel'),
(368, 150, 1, '2024-04-29 09:32:41', NULL, 'Examen préventif'),
(369, 497, 5, '2022-12-28 07:26:09', NULL, 'Consultation générale'),
(370, 41, 6, '2023-06-15 18:24:47', NULL, 'Contrôle annuel'),
(371, 402, 5, '2022-03-21 02:22:57', NULL, 'Suivi diabète'),
(372, 744, 4, '2021-04-01 16:01:16', NULL, 'Consultation post-opératoire'),
(373, 175, 1, '2021-08-27 06:44:41', NULL, 'Douleur chronique'),
(374, 368, 1, '2024-06-26 00:53:15', NULL, 'Vaccination'),
(375, 35, 1, '2021-10-10 00:58:15', NULL, 'Bilan sanguin'),
(376, 296, 1, '2025-05-09 04:03:02', NULL, 'Prescription renouvellement'),
(377, 702, 1, '2020-11-06 09:25:40', NULL, 'Conseil nutritionnel'),
(378, 660, 6, '2022-05-30 10:16:32', NULL, 'Examen préventif'),
(379, 353, 6, '2024-06-19 07:59:48', NULL, 'Consultation générale'),
(380, 918, 1, '2023-11-10 12:53:46', NULL, 'Contrôle annuel'),
(381, 630, 4, '2022-05-08 12:24:19', NULL, 'Suivi diabète'),
(382, 926, 1, '2020-01-14 18:25:18', NULL, 'Consultation post-opératoire'),
(383, 169, 5, '2023-06-25 10:41:10', NULL, 'Douleur chronique'),
(384, 371, 1, '2023-12-15 22:38:34', NULL, 'Vaccination'),
(385, 294, 5, '2021-05-16 23:30:51', NULL, 'Bilan sanguin'),
(386, 284, 4, '2020-03-15 03:50:02', NULL, 'Prescription renouvellement'),
(387, 91, 5, '2024-08-12 12:34:54', NULL, 'Conseil nutritionnel'),
(388, 649, 5, '2020-01-13 17:34:05', NULL, 'Examen préventif'),
(389, 667, 1, '2023-10-10 07:24:09', NULL, 'Consultation générale'),
(390, 653, 5, '2022-02-25 19:21:46', NULL, 'Contrôle annuel'),
(391, 543, 5, '2025-03-24 21:25:26', NULL, 'Suivi diabète'),
(392, 941, 6, '2024-01-19 16:53:28', NULL, 'Consultation post-opératoire'),
(393, 238, 6, '2025-01-31 13:54:50', NULL, 'Douleur chronique'),
(394, 1001, 4, '2022-02-23 22:33:10', NULL, 'Vaccination'),
(395, 525, 5, '2020-07-27 09:01:01', NULL, 'Bilan sanguin'),
(396, 815, 4, '2024-03-06 08:58:06', NULL, 'Prescription renouvellement'),
(397, 22, 6, '2022-06-18 15:13:32', NULL, 'Conseil nutritionnel'),
(398, 845, 6, '2021-07-03 02:06:15', NULL, 'Examen préventif'),
(399, 567, 6, '2020-09-21 01:00:18', NULL, 'Consultation générale'),
(400, 960, 5, '2023-09-26 08:01:19', NULL, 'Contrôle annuel'),
(401, 266, 4, '2021-07-01 03:18:30', NULL, 'Suivi diabète'),
(402, 548, 6, '2025-03-31 06:15:34', NULL, 'Consultation post-opératoire'),
(403, 823, 5, '2020-04-29 08:34:34', NULL, 'Douleur chronique'),
(404, 682, 4, '2025-01-03 23:50:59', NULL, 'Vaccination'),
(405, 929, 4, '2021-02-21 18:13:02', NULL, 'Bilan sanguin'),
(406, 684, 1, '2022-03-02 16:32:42', NULL, 'Prescription renouvellement'),
(407, 615, 4, '2023-10-16 02:25:59', NULL, 'Conseil nutritionnel'),
(408, 269, 4, '2023-10-02 17:15:49', NULL, 'Examen préventif'),
(409, 389, 6, '2020-04-23 16:30:23', NULL, 'Consultation générale'),
(410, 86, 6, '2023-06-06 09:44:25', NULL, 'Contrôle annuel'),
(411, 349, 6, '2021-10-25 06:22:47', NULL, 'Suivi diabète'),
(412, 286, 5, '2023-09-28 03:19:19', NULL, 'Consultation post-opératoire'),
(413, 522, 6, '2021-04-25 04:04:07', NULL, 'Douleur chronique'),
(414, 992, 5, '2023-01-13 17:20:26', NULL, 'Vaccination'),
(415, 519, 4, '2022-08-01 12:07:58', NULL, 'Bilan sanguin'),
(416, 919, 5, '2023-10-25 09:39:23', NULL, 'Prescription renouvellement'),
(417, 898, 1, '2021-08-23 22:11:15', NULL, 'Conseil nutritionnel'),
(418, 420, 4, '2023-04-02 01:49:24', NULL, 'Examen préventif'),
(419, 327, 5, '2021-09-10 19:52:35', NULL, 'Consultation générale'),
(420, 99, 4, '2020-08-01 13:36:24', NULL, 'Contrôle annuel'),
(421, 1061, 4, '2020-07-12 02:54:38', NULL, 'Suivi diabète'),
(422, 881, 5, '2023-07-19 23:21:44', NULL, 'Consultation post-opératoire'),
(423, 1034, 4, '2023-11-23 07:29:17', NULL, 'Douleur chronique'),
(424, 323, 4, '2020-01-15 18:14:40', NULL, 'Vaccination'),
(425, 114, 6, '2024-09-03 20:15:57', NULL, 'Bilan sanguin'),
(426, 1018, 5, '2024-08-13 11:22:34', NULL, 'Prescription renouvellement'),
(427, 781, 1, '2022-11-09 22:53:51', NULL, 'Conseil nutritionnel'),
(428, 5, 1, '2024-10-16 23:57:19', NULL, 'Examen préventif'),
(429, 452, 4, '2023-11-15 01:04:03', NULL, 'Consultation générale'),
(430, 254, 6, '2020-05-19 23:21:28', NULL, 'Contrôle annuel'),
(431, 302, 4, '2023-03-14 11:05:29', NULL, 'Suivi diabète'),
(432, 67, 4, '2024-11-19 15:12:41', NULL, 'Consultation post-opératoire'),
(433, 124, 1, '2021-03-09 20:20:55', NULL, 'Douleur chronique'),
(434, 35, 6, '2020-08-16 12:08:43', NULL, 'Vaccination'),
(435, 846, 5, '2022-06-04 09:50:40', NULL, 'Bilan sanguin'),
(436, 1068, 5, '2024-11-26 12:33:59', NULL, 'Prescription renouvellement'),
(437, 378, 4, '2020-10-27 20:35:30', NULL, 'Conseil nutritionnel'),
(438, 844, 6, '2023-10-18 13:11:50', NULL, 'Examen préventif'),
(439, 929, 4, '2020-05-17 10:46:42', NULL, 'Consultation générale'),
(440, 676, 4, '2021-01-10 10:12:39', NULL, 'Contrôle annuel'),
(441, 1046, 1, '2021-06-25 08:25:06', NULL, 'Suivi diabète'),
(442, 381, 6, '2023-03-17 16:46:33', NULL, 'Consultation post-opératoire'),
(443, 960, 1, '2020-10-25 12:53:53', NULL, 'Douleur chronique'),
(444, 159, 6, '2023-10-01 09:25:00', NULL, 'Vaccination'),
(445, 238, 4, '2021-08-31 11:30:47', NULL, 'Bilan sanguin'),
(446, 418, 5, '2022-03-13 14:43:54', NULL, 'Prescription renouvellement'),
(447, 424, 6, '2022-01-29 06:28:14', NULL, 'Conseil nutritionnel'),
(448, 39, 4, '2023-05-28 22:44:30', NULL, 'Examen préventif'),
(449, 837, 1, '2023-08-04 10:06:08', NULL, 'Consultation générale'),
(450, 149, 6, '2021-10-06 00:59:09', NULL, 'Contrôle annuel'),
(451, 917, 5, '2021-08-13 07:30:08', NULL, 'Suivi diabète'),
(452, 292, 5, '2021-06-18 18:17:22', NULL, 'Consultation post-opératoire'),
(453, 528, 1, '2023-09-10 15:38:54', NULL, 'Douleur chronique'),
(454, 495, 6, '2020-09-11 05:33:51', NULL, 'Vaccination'),
(455, 827, 1, '2022-11-28 18:41:52', NULL, 'Bilan sanguin'),
(456, 400, 6, '2020-11-07 20:37:03', NULL, 'Prescription renouvellement'),
(457, 842, 4, '2020-11-20 07:37:27', NULL, 'Conseil nutritionnel'),
(458, 460, 5, '2024-06-21 08:46:25', NULL, 'Examen préventif'),
(459, 236, 4, '2022-10-18 12:17:28', NULL, 'Consultation générale'),
(460, 118, 6, '2025-03-15 22:48:29', NULL, 'Contrôle annuel'),
(461, 497, 6, '2023-06-02 09:00:48', NULL, 'Suivi diabète'),
(462, 901, 6, '2020-08-29 08:20:11', NULL, 'Consultation post-opératoire'),
(463, 221, 1, '2020-11-11 01:29:58', NULL, 'Douleur chronique'),
(464, 863, 6, '2022-02-01 19:18:34', NULL, 'Vaccination'),
(465, 127, 6, '2022-01-10 00:08:26', NULL, 'Bilan sanguin'),
(466, 388, 5, '2023-07-08 00:33:21', NULL, 'Prescription renouvellement'),
(467, 513, 5, '2024-07-31 08:29:54', NULL, 'Conseil nutritionnel'),
(468, 653, 5, '2022-07-20 03:11:32', NULL, 'Examen préventif'),
(469, 956, 4, '2021-06-29 09:42:40', NULL, 'Consultation générale'),
(470, 978, 1, '2020-04-11 00:18:48', NULL, 'Contrôle annuel'),
(471, 91, 5, '2020-11-01 13:11:38', NULL, 'Suivi diabète'),
(472, 506, 5, '2020-12-11 17:38:27', NULL, 'Consultation post-opératoire'),
(473, 930, 4, '2022-09-09 11:45:11', NULL, 'Douleur chronique'),
(474, 102, 1, '2023-02-18 10:49:16', NULL, 'Vaccination'),
(475, 549, 5, '2025-05-18 09:00:48', NULL, 'Bilan sanguin'),
(476, 427, 1, '2022-11-23 22:21:43', NULL, 'Prescription renouvellement'),
(477, 815, 6, '2020-05-07 23:45:05', NULL, 'Conseil nutritionnel'),
(478, 50, 4, '2023-03-13 09:35:12', NULL, 'Examen préventif'),
(479, 757, 5, '2024-04-16 23:33:24', NULL, 'Consultation générale'),
(480, 526, 5, '2024-11-13 01:31:04', NULL, 'Contrôle annuel'),
(481, 117, 1, '2021-02-19 22:14:58', NULL, 'Suivi diabète'),
(482, 90, 6, '2024-08-02 09:38:37', NULL, 'Consultation post-opératoire'),
(483, 1048, 1, '2024-03-13 22:50:28', NULL, 'Douleur chronique'),
(484, 315, 5, '2023-09-18 12:24:05', NULL, 'Vaccination'),
(485, 943, 5, '2021-09-12 12:30:23', NULL, 'Bilan sanguin'),
(486, 747, 5, '2020-11-16 21:42:03', NULL, 'Prescription renouvellement'),
(487, 879, 1, '2022-01-16 22:02:22', NULL, 'Conseil nutritionnel'),
(488, 599, 4, '2022-01-15 22:56:39', NULL, 'Examen préventif'),
(489, 157, 6, '2023-03-16 03:48:42', NULL, 'Consultation générale'),
(490, 1088, 6, '2021-06-02 10:49:47', NULL, 'Contrôle annuel'),
(491, 210, 6, '2021-03-15 14:04:35', NULL, 'Suivi diabète'),
(492, 773, 6, '2024-04-23 04:02:49', NULL, 'Consultation post-opératoire'),
(493, 587, 1, '2022-05-25 13:49:04', NULL, 'Douleur chronique'),
(494, 116, 1, '2022-06-12 21:14:41', NULL, 'Vaccination'),
(495, 892, 5, '2022-07-24 13:06:51', NULL, 'Bilan sanguin'),
(496, 181, 1, '2023-11-29 17:03:34', NULL, 'Prescription renouvellement'),
(497, 929, 1, '2024-12-27 10:22:47', NULL, 'Conseil nutritionnel'),
(498, 1014, 1, '2024-07-25 17:15:23', NULL, 'Examen préventif'),
(499, 220, 5, '2021-12-07 07:14:33', NULL, 'Consultation générale');


INSERT INTO `prescription` (`id_prescription`, `id_consultation`, `description`) VALUES
(1, 1, 'Prendre 2x par jour'),
(2, 2, 'Prendre après repas'),
(3, 3, 'Prendre 1x par jour'),
(4, 4, 'Prendre 3x par jour'),
(5, 5, 'Prendre après repas'),
(6, 314, 'Prendre 2x par jour'),
(7, 151, 'Prendre après repas'),
(8, 96, 'Prendre 1x par jour'),
(9, 385, 'Prendre 3x par jour'),
(10, 80, 'Prendre avant coucher'),
(11, 92, 'Prendre avec beaucoup deau'),
(12, 299, 'Prendre à jeun'),
(13, 177, 'Prendre toutes les 8 heures'),
(14, 60, 'Prendre en cas de douleur'),
(15, 477, 'Prendre pendant 7 jours'),
(16, 94, 'Prendre 2x par jour'),
(17, 352, 'Prendre après repas'),
(18, 141, 'Prendre 1x par jour'),
(19, 254, 'Prendre 3x par jour'),
(20, 431, 'Prendre avant coucher'),
(21, 140, 'Prendre avec beaucoup deau'),
(22, 437, 'Prendre à jeun'),
(23, 56, 'Prendre toutes les 8 heures'),
(24, 381, 'Prendre en cas de douleur'),
(25, 327, 'Prendre pendant 7 jours'),
(26, 317, 'Prendre 2x par jour'),
(27, 69, 'Prendre après repas'),
(28, 95, 'Prendre 1x par jour'),
(29, 126, 'Prendre 3x par jour'),
(30, 427, 'Prendre avant coucher'),
(31, 441, 'Prendre avec beaucoup deau'),
(32, 436, 'Prendre à jeun'),
(33, 295, 'Prendre toutes les 8 heures'),
(34, 86, 'Prendre en cas de douleur'),
(35, 337, 'Prendre pendant 7 jours'),
(36, 67, 'Prendre 2x par jour'),
(37, 27, 'Prendre après repas'),
(38, 91, 'Prendre 1x par jour'),
(39, 454, 'Prendre 3x par jour'),
(40, 181, 'Prendre avant coucher'),
(41, 373, 'Prendre avec beaucoup deau'),
(42, 181, 'Prendre à jeun'),
(43, 408, 'Prendre toutes les 8 heures'),
(44, 130, 'Prendre en cas de douleur'),
(45, 80, 'Prendre pendant 7 jours'),
(46, 468, 'Prendre 2x par jour'),
(47, 475, 'Prendre après repas'),
(48, 230, 'Prendre 1x par jour'),
(49, 201, 'Prendre 3x par jour'),
(50, 429, 'Prendre avant coucher'),
(51, 228, 'Prendre avec beaucoup deau'),
(52, 129, 'Prendre à jeun'),
(53, 337, 'Prendre toutes les 8 heures'),
(54, 346, 'Prendre en cas de douleur'),
(55, 278, 'Prendre pendant 7 jours'),
(56, 430, 'Prendre 2x par jour'),
(57, 202, 'Prendre après repas'),
(58, 356, 'Prendre 1x par jour'),
(59, 112, 'Prendre 3x par jour'),
(60, 173, 'Prendre avant coucher'),
(61, 240, 'Prendre avec beaucoup deau'),
(62, 102, 'Prendre à jeun'),
(63, 452, 'Prendre toutes les 8 heures'),
(64, 52, 'Prendre en cas de douleur'),
(65, 17, 'Prendre pendant 7 jours'),
(66, 287, 'Prendre 2x par jour'),
(67, 403, 'Prendre après repas'),
(68, 230, 'Prendre 1x par jour'),
(69, 229, 'Prendre 3x par jour'),
(70, 86, 'Prendre avant coucher'),
(71, 339, 'Prendre avec beaucoup deau'),
(72, 14, 'Prendre à jeun'),
(73, 19, 'Prendre toutes les 8 heures'),
(74, 166, 'Prendre en cas de douleur'),
(75, 100, 'Prendre pendant 7 jours'),
(76, 289, 'Prendre 2x par jour'),
(77, 88, 'Prendre après repas'),
(78, 207, 'Prendre 1x par jour'),
(79, 84, 'Prendre 3x par jour'),
(80, 389, 'Prendre avant coucher'),
(81, 125, 'Prendre avec beaucoup deau'),
(82, 122, 'Prendre à jeun'),
(83, 441, 'Prendre toutes les 8 heures'),
(84, 42, 'Prendre en cas de douleur'),
(85, 454, 'Prendre pendant 7 jours'),
(86, 14, 'Prendre 2x par jour'),
(87, 294, 'Prendre après repas'),
(88, 308, 'Prendre 1x par jour'),
(89, 414, 'Prendre 3x par jour'),
(90, 350, 'Prendre avant coucher'),
(91, 362, 'Prendre avec beaucoup deau'),
(92, 460, 'Prendre à jeun'),
(93, 483, 'Prendre toutes les 8 heures'),
(94, 95, 'Prendre en cas de douleur'),
(95, 246, 'Prendre pendant 7 jours'),
(96, 34, 'Prendre 2x par jour'),
(97, 6, 'Prendre après repas'),
(98, 87, 'Prendre 1x par jour'),
(99, 230, 'Prendre 3x par jour'),
(100, 300, 'Prendre avant coucher'),
(101, 351, 'Prendre avec beaucoup deau'),
(102, 267, 'Prendre à jeun'),
(103, 189, 'Prendre toutes les 8 heures'),
(104, 125, 'Prendre en cas de douleur'),
(105, 423, 'Prendre pendant 7 jours'),
(106, 247, 'Prendre 2x par jour'),
(107, 356, 'Prendre après repas'),
(108, 408, 'Prendre 1x par jour'),
(109, 473, 'Prendre 3x par jour'),
(110, 112, 'Prendre avant coucher'),
(111, 90, 'Prendre avec beaucoup deau'),
(112, 143, 'Prendre à jeun'),
(113, 386, 'Prendre toutes les 8 heures'),
(114, 73, 'Prendre en cas de douleur'),
(115, 259, 'Prendre pendant 7 jours'),
(116, 102, 'Prendre 2x par jour'),
(117, 13, 'Prendre après repas'),
(118, 14, 'Prendre 1x par jour'),
(119, 128, 'Prendre 3x par jour'),
(120, 429, 'Prendre avant coucher'),
(121, 246, 'Prendre avec beaucoup deau'),
(122, 292, 'Prendre à jeun'),
(123, 376, 'Prendre toutes les 8 heures'),
(124, 117, 'Prendre en cas de douleur'),
(125, 241, 'Prendre pendant 7 jours'),
(126, 199, 'Prendre 2x par jour'),
(127, 245, 'Prendre après repas'),
(128, 336, 'Prendre 1x par jour'),
(129, 168, 'Prendre 3x par jour'),
(130, 14, 'Prendre avant coucher'),
(131, 86, 'Prendre avec beaucoup deau'),
(132, 29, 'Prendre à jeun'),
(133, 133, 'Prendre toutes les 8 heures'),
(134, 243, 'Prendre en cas de douleur'),
(135, 263, 'Prendre pendant 7 jours'),
(136, 418, 'Prendre 2x par jour'),
(137, 374, 'Prendre après repas'),
(138, 441, 'Prendre 1x par jour'),
(139, 280, 'Prendre 3x par jour'),
(140, 429, 'Prendre avant coucher'),
(141, 489, 'Prendre avec beaucoup deau'),
(142, 65, 'Prendre à jeun'),
(143, 447, 'Prendre toutes les 8 heures'),
(144, 359, 'Prendre en cas de douleur'),
(145, 13, 'Prendre pendant 7 jours'),
(146, 382, 'Prendre 2x par jour'),
(147, 153, 'Prendre après repas'),
(148, 197, 'Prendre 1x par jour'),
(149, 291, 'Prendre 3x par jour'),
(150, 71, 'Prendre avant coucher'),
(151, 39, 'Prendre avec beaucoup deau'),
(152, 348, 'Prendre à jeun'),
(153, 367, 'Prendre toutes les 8 heures'),
(154, 492, 'Prendre en cas de douleur'),
(155, 128, 'Prendre pendant 7 jours'),
(156, 484, 'Prendre 2x par jour'),
(157, 307, 'Prendre après repas'),
(158, 459, 'Prendre 1x par jour'),
(159, 80, 'Prendre 3x par jour'),
(160, 466, 'Prendre avant coucher'),
(161, 381, 'Prendre avec beaucoup deau'),
(162, 204, 'Prendre à jeun'),
(163, 37, 'Prendre toutes les 8 heures'),
(164, 348, 'Prendre en cas de douleur'),
(165, 465, 'Prendre pendant 7 jours'),
(166, 260, 'Prendre 2x par jour'),
(167, 444, 'Prendre après repas'),
(168, 230, 'Prendre 1x par jour'),
(169, 280, 'Prendre 3x par jour'),
(170, 457, 'Prendre avant coucher'),
(171, 216, 'Prendre avec beaucoup deau'),
(172, 18, 'Prendre à jeun'),
(173, 21, 'Prendre toutes les 8 heures'),
(174, 353, 'Prendre en cas de douleur'),
(175, 334, 'Prendre pendant 7 jours'),
(176, 264, 'Prendre 2x par jour'),
(177, 140, 'Prendre après repas'),
(178, 314, 'Prendre 1x par jour'),
(179, 389, 'Prendre 3x par jour'),
(180, 207, 'Prendre avant coucher'),
(181, 184, 'Prendre avec beaucoup deau'),
(182, 421, 'Prendre à jeun'),
(183, 152, 'Prendre toutes les 8 heures'),
(184, 288, 'Prendre en cas de douleur'),
(185, 347, 'Prendre pendant 7 jours'),
(186, 260, 'Prendre 2x par jour'),
(187, 176, 'Prendre après repas'),
(188, 449, 'Prendre 1x par jour'),
(189, 399, 'Prendre 3x par jour'),
(190, 388, 'Prendre avant coucher'),
(191, 370, 'Prendre avec beaucoup deau'),
(192, 231, 'Prendre à jeun'),
(193, 428, 'Prendre toutes les 8 heures'),
(194, 495, 'Prendre en cas de douleur'),
(195, 305, 'Prendre pendant 7 jours'),
(196, 278, 'Prendre 2x par jour'),
(197, 250, 'Prendre après repas'),
(198, 458, 'Prendre 1x par jour'),
(199, 114, 'Prendre 3x par jour'),
(200, 432, 'Prendre avant coucher'),
(201, 437, 'Prendre avec beaucoup deau'),
(202, 67, 'Prendre à jeun'),
(203, 434, 'Prendre toutes les 8 heures'),
(204, 15, 'Prendre en cas de douleur'),
(205, 462, 'Prendre pendant 7 jours'),
(206, 349, 'Prendre 2x par jour'),
(207, 458, 'Prendre après repas'),
(208, 22, 'Prendre 1x par jour'),
(209, 400, 'Prendre 3x par jour'),
(210, 291, 'Prendre avant coucher'),
(211, 444, 'Prendre avec beaucoup deau'),
(212, 213, 'Prendre à jeun'),
(213, 421, 'Prendre toutes les 8 heures'),
(214, 280, 'Prendre en cas de douleur'),
(215, 319, 'Prendre pendant 7 jours'),
(216, 112, 'Prendre 2x par jour'),
(217, 377, 'Prendre après repas'),
(218, 244, 'Prendre 1x par jour'),
(219, 219, 'Prendre 3x par jour'),
(220, 200, 'Prendre avant coucher'),
(221, 489, 'Prendre avec beaucoup deau'),
(222, 473, 'Prendre à jeun'),
(223, 87, 'Prendre toutes les 8 heures'),
(224, 103, 'Prendre en cas de douleur'),
(225, 383, 'Prendre pendant 7 jours'),
(226, 420, 'Prendre 2x par jour'),
(227, 452, 'Prendre après repas'),
(228, 288, 'Prendre 1x par jour'),
(229, 296, 'Prendre 3x par jour'),
(230, 362, 'Prendre avant coucher'),
(231, 237, 'Prendre avec beaucoup deau'),
(232, 351, 'Prendre à jeun'),
(233, 391, 'Prendre toutes les 8 heures'),
(234, 387, 'Prendre en cas de douleur'),
(235, 464, 'Prendre pendant 7 jours'),
(236, 211, 'Prendre 2x par jour'),
(237, 125, 'Prendre après repas'),
(238, 24, 'Prendre 1x par jour'),
(239, 70, 'Prendre 3x par jour'),
(240, 402, 'Prendre avant coucher'),
(241, 462, 'Prendre avec beaucoup deau'),
(242, 352, 'Prendre à jeun'),
(243, 397, 'Prendre toutes les 8 heures'),
(244, 401, 'Prendre en cas de douleur'),
(245, 240, 'Prendre pendant 7 jours'),
(246, 390, 'Prendre 2x par jour'),
(247, 38, 'Prendre après repas'),
(248, 461, 'Prendre 1x par jour'),
(249, 186, 'Prendre 3x par jour'),
(250, 286, 'Prendre avant coucher'),
(251, 322, 'Prendre avec beaucoup deau'),
(252, 122, 'Prendre à jeun'),
(253, 148, 'Prendre toutes les 8 heures'),
(254, 139, 'Prendre en cas de douleur'),
(255, 415, 'Prendre pendant 7 jours');


INSERT INTO `commande` (`id_commande`, `id_médicament`, `id_prescription`) VALUES
(1, 1, 1),
(2, 2, 2),
(3, 1, 3),
(4, 2, 4),
(5, 1, 5),
(6, 1, 44),
(7, 4, 89),
(8, 2, 228),
(9, 10, 144),
(10, 7, 255),
(11, 9, 174),
(12, 10, 51),
(13, 3, 72),
(14, 4, 195),
(15, 1, 70),
(16, 4, 18),
(17, 8, 249),
(18, 10, 109),
(19, 4, 129),
(20, 7, 22),
(21, 5, 134),
(22, 4, 159),
(23, 5, 36),
(24, 7, 230),
(25, 8, 207),
(26, 7, 162),
(27, 5, 13),
(28, 9, 187),
(29, 1, 165),
(30, 6, 32),
(31, 2, 48),
(32, 5, 71),
(33, 1, 154),
(34, 4, 108),
(35, 5, 192),
(36, 2, 129),
(37, 4, 220),
(38, 6, 93),
(39, 4, 193),
(40, 3, 202),
(41, 4, 133),
(42, 2, 201),
(43, 1, 198),
(44, 6, 218),
(45, 5, 50),
(46, 7, 168),
(47, 8, 67),
(48, 2, 82),
(49, 2, 181),
(50, 9, 187),
(51, 1, 64),
(52, 4, 205),
(53, 8, 37),
(54, 4, 248),
(55, 10, 238),
(56, 1, 194),
(57, 8, 139),
(58, 6, 187),
(59, 1, 68),
(60, 9, 45),
(61, 4, 3),
(62, 3, 149),
(63, 9, 200),
(64, 4, 9),
(65, 5, 28),
(66, 6, 113),
(67, 2, 249),
(68, 1, 162),
(69, 2, 30),
(70, 4, 46),
(71, 1, 24),
(72, 7, 46),
(73, 7, 219),
(74, 2, 72),
(75, 8, 233),
(76, 7, 172),
(77, 5, 1),
(78, 1, 200),
(79, 6, 150),
(80, 4, 97),
(81, 1, 8),
(82, 7, 34),
(83, 7, 108),
(84, 10, 230),
(85, 4, 32),
(86, 7, 14),
(87, 3, 185),
(88, 9, 163),
(89, 2, 114),
(90, 8, 212),
(91, 9, 62),
(92, 2, 53),
(93, 6, 144),
(94, 5, 63),
(95, 4, 149),
(96, 10, 206),
(97, 3, 79),
(98, 4, 99),
(99, 2, 196),
(100, 4, 235),
(101, 3, 60),
(102, 8, 190),
(103, 5, 96),
(104, 6, 203),
(105, 10, 89),
(106, 1, 101),
(107, 6, 131),
(108, 2, 173),
(109, 7, 204),
(110, 6, 219),
(111, 4, 132),
(112, 5, 133),
(113, 5, 137),
(114, 1, 86),
(115, 10, 178),
(116, 8, 214),
(117, 2, 35),
(118, 4, 186),
(119, 7, 60),
(120, 1, 201),
(121, 7, 226),
(122, 10, 18),
(123, 3, 141),
(124, 5, 29),
(125, 3, 243),
(126, 9, 175),
(127, 1, 8),
(128, 1, 46),
(129, 2, 94),
(130, 4, 200),
(131, 6, 146),
(132, 2, 236),
(133, 8, 82),
(134, 8, 80),
(135, 5, 192),
(136, 4, 138),
(137, 5, 149),
(138, 2, 78),
(139, 8, 55),
(140, 8, 12),
(141, 8, 154),
(142, 5, 171),
(143, 7, 129),
(144, 6, 189),
(145, 3, 5),
(146, 10, 242),
(147, 4, 139),
(148, 5, 188),
(149, 3, 94),
(150, 7, 129),
(151, 10, 51),
(152, 1, 249),
(153, 10, 203),
(154, 4, 86),
(155, 7, 41),
(156, 1, 133),
(157, 10, 245),
(158, 1, 94),
(159, 4, 208),
(160, 10, 214),
(161, 5, 7),
(162, 6, 45),
(163, 6, 152),
(164, 10, 42),
(165, 10, 48),
(166, 1, 53),
(167, 9, 1),
(168, 3, 111),
(169, 3, 128),
(170, 6, 24),
(171, 2, 183),
(172, 10, 253),
(173, 10, 69),
(174, 6, 16),
(175, 3, 253),
(176, 9, 227),
(177, 10, 252),
(178, 2, 222),
(179, 6, 203),
(180, 4, 157),
(181, 7, 206),
(182, 3, 205),
(183, 5, 19),
(184, 7, 235),
(185, 4, 73),
(186, 5, 70),
(187, 1, 44),
(188, 2, 211),
(189, 2, 147),
(190, 8, 38),
(191, 1, 36),
(192, 7, 236),
(193, 4, 182),
(194, 4, 61),
(195, 1, 133),
(196, 5, 149),
(197, 10, 12),
(198, 8, 11),
(199, 1, 62),
(200, 7, 122),
(201, 3, 52),
(202, 4, 134),
(203, 2, 97),
(204, 10, 59),
(205, 5, 158),
(206, 2, 251),
(207, 3, 5),
(208, 3, 186),
(209, 4, 95),
(210, 2, 15),
(211, 3, 81),
(212, 7, 65),
(213, 1, 148),
(214, 1, 91),
(215, 5, 152),
(216, 3, 45),
(217, 4, 18),
(218, 1, 168),
(219, 2, 145),
(220, 3, 63),
(221, 6, 28),
(222, 8, 140),
(223, 4, 145),
(224, 4, 161),
(225, 3, 152),
(226, 3, 199),
(227, 1, 51),
(228, 1, 199),
(229, 1, 54),
(230, 8, 41),
(231, 7, 143),
(232, 3, 236),
(233, 7, 38),
(234, 5, 218),
(235, 8, 158),
(236, 3, 12),
(237, 7, 19),
(238, 3, 3),
(239, 10, 138),
(240, 5, 102),
(241, 6, 249),
(242, 1, 3),
(243, 10, 231),
(244, 6, 240),
(245, 1, 56),
(246, 2, 135),
(247, 10, 136),
(248, 6, 135),
(249, 1, 137),
(250, 8, 230),
(251, 10, 241),
(252, 7, 121),
(253, 5, 197),
(254, 3, 228),
(255, 9, 82),
(256, 6, 101),
(257, 7, 185),
(258, 3, 69),
(259, 8, 230),
(260, 2, 42),
(261, 6, 236),
(262, 9, 151),
(263, 8, 131),
(264, 7, 37),
(265, 10, 57),
(266, 5, 229),
(267, 4, 192),
(268, 2, 136),
(269, 5, 27),
(270, 7, 241),
(271, 3, 121),
(272, 8, 39),
(273, 10, 131),
(274, 3, 106),
(275, 6, 251),
(276, 10, 95),
(277, 3, 132),
(278, 2, 237),
(279, 7, 100),
(280, 4, 113),
(281, 7, 201),
(282, 3, 54),
(283, 9, 31),
(284, 2, 252),
(285, 6, 62),
(286, 2, 251),
(287, 6, 114),
(288, 4, 126),
(289, 2, 134),
(290, 6, 220),
(291, 7, 58),
(292, 7, 162),
(293, 8, 26),
(294, 7, 58),
(295, 5, 170),
(296, 6, 19),
(297, 2, 110),
(298, 1, 197),
(299, 8, 10),
(300, 9, 79),
(301, 3, 179),
(302, 10, 42),
(303, 4, 120),
(304, 1, 59),
(305, 2, 61);

-- --------------------------------------------------------

--
-- Table structure for table `consultation`
--


--
-- Dumping data for table `consultation`
--

-- --------------------------------------------------------

--
-- Table structure for table `contact`
--

--
-- Dumping data for table `contact`
--

INSERT INTO `contact` (`id_contact`, `id_patient`, `adresse`, `telephone`, `num_assurance`) VALUES
(1, 1, 'Genève', '0600000001', 'ASSUR123'),
(2, 2, 'Vaud', '0600000002', 'ASSUR456'),
(3, 3, 'Valais', '0600000003', 'ASSUR789'),
(4, 4, 'Fribourg', '0600000004', 'ASSUR321'),
(5, 5, 'Neuchâtel', '0600000005', 'ASSUR654'),
(6, 6, 'Schwyz', '0663779584', 'ASSUR683'),
(7, 7, 'Zurich', '0612611130', 'ASSUR259'),
(8, 8, 'Zurich', '0675428172', 'ASSUR357'),
(9, 9, 'Glarus', '0671738557', 'ASSUR976'),
(10, 10, 'Basel-Stadt', '0619342076', 'ASSUR904'),
(11, 11, 'Zurich', '0698145467', 'ASSUR718'),
(12, 12, 'Zurich', '0657968990', 'ASSUR605'),
(13, 13, 'Vaud', '0652685642', 'ASSUR877'),
(14, 14, 'Zurich', '0673529432', 'ASSUR863'),
(15, 15, 'Bern', '0646483198', 'ASSUR672'),
(16, 16, 'Zurich', '0623212532', 'ASSUR508'),
(17, 17, 'Zurich', '0617737323', 'ASSUR751'),
(18, 18, 'Fribourg', '0672080352', 'ASSUR411'),
(19, 19, 'Zurich', '0636815334', 'ASSUR339'),
(20, 20, 'Zurich', '0611805586', 'ASSUR900'),
(21, 21, 'Neuchâtel', '0620024938', 'ASSUR859'),
(22, 22, 'Zurich', '0636895783', 'ASSUR382'),
(23, 23, 'Zurich', '0692936805', 'ASSUR248'),
(24, 24, 'Zurich', '0670187908', 'ASSUR721'),
(25, 25, 'Zug', '0667938156', 'ASSUR810'),
(26, 26, 'Zurich', '0644344789', 'ASSUR816'),
(27, 27, 'Vaud', '0632916549', 'ASSUR416'),
(28, 28, 'Zug', '0697109552', 'ASSUR669'),
(29, 29, 'Schwyz', '0651490915', 'ASSUR414'),
(30, 30, 'Aargau', '0640691824', 'ASSUR568'),
(31, 31, 'Basel-Landschaft', '0613521847', 'ASSUR385'),
(32, 32, 'Thurgau', '0693608374', 'ASSUR303'),
(33, 33, 'Zurich', '0619330766', 'ASSUR226'),
(34, 34, 'Bern', '0666426181', 'ASSUR447'),
(35, 35, 'Ticino', '0621658871', 'ASSUR525'),
(36, 36, 'St. Gallen', '0627981428', 'ASSUR653'),
(37, 37, 'Geneva', '0699155868', 'ASSUR931'),
(38, 38, 'Schwyz', '0650720836', 'ASSUR777'),
(39, 39, 'Zurich', '0625422546', 'ASSUR232'),
(40, 40, 'Thurgau', '0613957453', 'ASSUR581'),
(41, 41, 'Thurgau', '0664418246', 'ASSUR954'),
(42, 42, 'Zurich', '0694157342', 'ASSUR682'),
(43, 43, 'Appenzell Ausserrhoden', '0672403471', 'ASSUR588'),
(44, 44, 'Schwyz', '0619099601', 'ASSUR526'),
(45, 45, 'Aargau', '0653213812', 'ASSUR710'),
(46, 46, 'Bern', '0669197668', 'ASSUR229'),
(47, 47, 'Fribourg', '0622421282', 'ASSUR460'),
(48, 48, 'Zurich', '0670899355', 'ASSUR967'),
(49, 49, 'Valais', '0658358326', 'ASSUR138'),
(50, 50, 'Zurich', '0655871491', 'ASSUR643'),
(51, 51, 'Zurich', '0617791940', 'ASSUR556'),
(52, 52, 'Graubünden', '0684335861', 'ASSUR566'),
(53, 53, 'Basel-Landschaft', '0647156488', 'ASSUR924'),
(54, 54, 'Zurich', '0662064352', 'ASSUR598'),
(55, 55, 'Aargau', '0696305878', 'ASSUR169'),
(56, 56, 'Aargau', '0677171342', 'ASSUR686'),
(57, 57, 'Geneva', '0652171532', 'ASSUR658'),
(58, 58, 'Lucerne', '0698162136', 'ASSUR634'),
(59, 59, 'St. Gallen', '0661875226', 'ASSUR643'),
(60, 60, 'Thurgau', '0695989023', 'ASSUR233'),
(61, 61, 'Aargau', '0680954030', 'ASSUR123'),
(62, 62, 'Thurgau', '0659815158', 'ASSUR472'),
(63, 63, 'Aargau', '0676646631', 'ASSUR352'),
(64, 64, 'Zug', '0625665237', 'ASSUR206'),
(65, 65, 'Zurich', '0618142233', 'ASSUR707'),
(66, 66, 'Schwyz', '0674932599', 'ASSUR856'),
(67, 67, 'Schwyz', '0645562196', 'ASSUR725'),
(68, 68, 'Graubünden', '0658620425', 'ASSUR665'),
(69, 69, 'Zurich', '0654379689', 'ASSUR930'),
(70, 70, 'Zug', '0644669499', 'ASSUR601'),
(71, 71, 'Geneva', '0694007547', 'ASSUR670'),
(72, 72, 'Zurich', '0664387208', 'ASSUR656'),
(73, 73, 'Zurich', '0681534660', 'ASSUR235'),
(74, 74, 'Schwyz', '0650452869', 'ASSUR378'),
(75, 75, 'Graubünden', '0685527560', 'ASSUR622'),
(76, 76, 'Thurgau', '0688210020', 'ASSUR662'),
(77, 77, 'Zurich', '0646438027', 'ASSUR958'),
(78, 78, 'Lucerne', '0612124303', 'ASSUR889'),
(79, 79, 'Zurich', '0611830701', 'ASSUR840'),
(80, 80, 'Nidwalden', '0630237321', 'ASSUR467'),
(81, 81, 'Zurich', '0651956681', 'ASSUR233'),
(82, 82, 'St. Gallen', '0687382746', 'ASSUR771'),
(83, 83, 'St. Gallen', '0687366709', 'ASSUR792'),
(84, 84, 'Zurich', '0667937297', 'ASSUR287'),
(85, 85, 'Aargau', '0673092753', 'ASSUR115'),
(86, 86, 'Zurich', '0692169360', 'ASSUR230'),
(87, 87, 'Zurich', '0632491964', 'ASSUR386'),
(88, 88, 'Zurich', '0628574321', 'ASSUR810'),
(89, 89, 'Vaud', '0615098921', 'ASSUR460'),
(90, 90, 'Schwyz', '0640479521', 'ASSUR654'),
(91, 91, 'Aargau', '0616185389', 'ASSUR747'),
(92, 92, 'Zurich', '0618635388', 'ASSUR252'),
(93, 93, 'Zug', '0673308713', 'ASSUR570'),
(94, 94, 'St. Gallen', '0675260242', 'ASSUR902'),
(95, 95, 'Ticino', '0661323690', 'ASSUR461'),
(96, 96, 'Basel-Landschaft', '0692047381', 'ASSUR402'),
(97, 97, 'Basel-Landschaft', '0680033423', 'ASSUR576'),
(98, 98, 'Schwyz', '0682630005', 'ASSUR222'),
(99, 99, 'Bern', '0659968113', 'ASSUR905'),
(100, 100, 'Lucerne', '0634561624', 'ASSUR636'),
(101, 101, 'Zurich', '0687929442', 'ASSUR326'),
(102, 102, 'Neuchâtel', '0621318542', 'ASSUR983'),
(103, 103, 'Vaud', '0684012515', 'ASSUR929'),
(104, 104, 'Valais', '0695666897', 'ASSUR755'),
(105, 105, 'Bern', '0645329298', 'ASSUR290'),
(106, 106, 'St. Gallen', '0637950565', 'ASSUR743'),
(107, 107, 'Geneva', '0649393133', 'ASSUR653'),
(108, 108, 'Graubünden', '0651026633', 'ASSUR353'),
(109, 109, 'Schaffhausen', '0669539296', 'ASSUR136'),
(110, 110, 'Basel-Landschaft', '0647567296', 'ASSUR826'),
(111, 111, 'Geneva', '0693944331', 'ASSUR975'),
(112, 112, 'Geneva', '0641144532', 'ASSUR507'),
(113, 113, 'Zurich', '0657696508', 'ASSUR393'),
(114, 114, 'Aargau', '0632765974', 'ASSUR833'),
(115, 115, 'Aargau', '0655582729', 'ASSUR787'),
(116, 116, 'Aargau', '0650781598', 'ASSUR781'),
(117, 117, 'Nidwalden', '0691875324', 'ASSUR206'),
(118, 118, 'Geneva', '0667059715', 'ASSUR790'),
(119, 119, 'Bern', '0645885965', 'ASSUR624'),
(120, 120, 'Bern', '0668972644', 'ASSUR923'),
(121, 121, 'Schwyz', '0624965693', 'ASSUR384'),
(122, 122, 'Lucerne', '0636041061', 'ASSUR207'),
(123, 123, 'Zurich', '0675835350', 'ASSUR510'),
(124, 124, 'Aargau', '0624603294', 'ASSUR660'),
(125, 125, 'Basel-Landschaft', '0658203421', 'ASSUR223'),
(126, 126, 'Aargau', '0651524795', 'ASSUR239'),
(127, 127, 'Zug', '0621044881', 'ASSUR662'),
(128, 128, 'Thurgau', '0642501459', 'ASSUR395'),
(129, 129, 'Thurgau', '0697189293', 'ASSUR769'),
(130, 130, 'Schwyz', '0628894891', 'ASSUR571'),
(131, 131, 'Zurich', '0670274736', 'ASSUR218'),
(132, 132, 'Zurich', '0689537661', 'ASSUR946'),
(133, 133, 'Graubünden', '0613083716', 'ASSUR361'),
(134, 134, 'St. Gallen', '0641662670', 'ASSUR916'),
(135, 135, 'Zurich', '0621946350', 'ASSUR285'),
(136, 136, 'Aargau', '0687774864', 'ASSUR326'),
(137, 137, 'Appenzell Innerrhoden', '0698830431', 'ASSUR242'),
(138, 138, 'Bern', '0666036257', 'ASSUR836'),
(139, 139, 'Neuchâtel', '0625714028', 'ASSUR543'),
(140, 140, 'Vaud', '0644189816', 'ASSUR451'),
(141, 141, 'Schwyz', '0687980311', 'ASSUR597'),
(142, 142, 'St. Gallen', '0694541787', 'ASSUR575'),
(143, 143, 'Geneva', '0688937644', 'ASSUR789'),
(144, 144, 'Ticino', '0643962808', 'ASSUR962'),
(145, 145, 'Zug', '0647440868', 'ASSUR919'),
(146, 146, 'Thurgau', '0629606148', 'ASSUR581'),
(147, 147, 'Valais', '0657455987', 'ASSUR107'),
(148, 148, 'St. Gallen', '0664721146', 'ASSUR909'),
(149, 149, 'Graubünden', '0673535157', 'ASSUR776'),
(150, 150, 'Lucerne', '0665571514', 'ASSUR836'),
(151, 151, 'Zurich', '0651684432', 'ASSUR480'),
(152, 152, 'Bern', '0693912836', 'ASSUR911'),
(153, 153, 'Basel-Landschaft', '0672913919', 'ASSUR796'),
(154, 154, 'Schwyz', '0657313929', 'ASSUR152'),
(155, 155, 'Bern', '0653212473', 'ASSUR271'),
(156, 156, 'Bern', '0641516490', 'ASSUR160'),
(157, 157, 'Vaud', '0635562720', 'ASSUR955'),
(158, 158, 'Aargau', '0611483489', 'ASSUR925'),
(159, 159, 'Zurich', '0645038627', 'ASSUR861'),
(160, 160, 'Aargau', '0680890072', 'ASSUR553'),
(161, 161, 'Appenzell Innerrhoden', '0680171381', 'ASSUR707'),
(162, 162, 'Vaud', '0655618594', 'ASSUR690'),
(163, 163, 'Geneva', '0641290027', 'ASSUR428'),
(164, 164, 'Bern', '0657347222', 'ASSUR434'),
(165, 165, 'Aargau', '0626000864', 'ASSUR501'),
(166, 166, 'Bern', '0684940446', 'ASSUR371'),
(167, 167, 'Zurich', '0639739057', 'ASSUR436'),
(168, 168, 'St. Gallen', '0687229842', 'ASSUR825'),
(169, 169, 'Zurich', '0645947673', 'ASSUR803'),
(170, 170, 'Nidwalden', '0617320168', 'ASSUR922'),
(171, 171, 'Thurgau', '0674871233', 'ASSUR835'),
(172, 172, 'Aargau', '0673475622', 'ASSUR704'),
(173, 173, 'Aargau', '0694729780', 'ASSUR554'),
(174, 174, 'Zurich', '0639268569', 'ASSUR835'),
(175, 175, 'Basel-Stadt', '0662482776', 'ASSUR839'),
(176, 176, 'Vaud', '0654902565', 'ASSUR331'),
(177, 177, 'Bern', '0679895124', 'ASSUR924'),
(178, 178, 'Zurich', '0672110553', 'ASSUR190'),
(179, 179, 'Aargau', '0642311109', 'ASSUR430'),
(180, 180, 'Zug', '0669930071', 'ASSUR569'),
(181, 181, 'Zurich', '0622343453', 'ASSUR438'),
(182, 182, 'Zurich', '0617648595', 'ASSUR666'),
(183, 183, 'Zug', '0610056244', 'ASSUR809'),
(184, 184, 'Geneva', '0613845592', 'ASSUR733'),
(185, 185, 'Bern', '0683376469', 'ASSUR251'),
(186, 186, 'Lucerne', '0689606696', 'ASSUR646'),
(187, 187, 'Basel-Landschaft', '0640300806', 'ASSUR921'),
(188, 188, 'Aargau', '0658374398', 'ASSUR906'),
(189, 189, 'Vaud', '0637549818', 'ASSUR661'),
(190, 190, 'Ticino', '0615420156', 'ASSUR233'),
(191, 191, 'Zug', '0629270542', 'ASSUR182'),
(192, 192, 'Appenzell Ausserrhoden', '0667334003', 'ASSUR262'),
(193, 193, 'St. Gallen', '0632128504', 'ASSUR494'),
(194, 194, 'Ticino', '0676237006', 'ASSUR206'),
(195, 195, 'Ticino', '0670506356', 'ASSUR180'),
(196, 196, 'Graubünden', '0665694686', 'ASSUR514'),
(197, 197, 'Bern', '0630820563', 'ASSUR337'),
(198, 198, 'Graubünden', '0690656712', 'ASSUR509'),
(199, 199, 'Aargau', '0633192106', 'ASSUR330'),
(200, 200, 'Appenzell Ausserrhoden', '0668027688', 'ASSUR226'),
(201, 201, 'Lucerne', '0633690095', 'ASSUR185'),
(202, 202, 'Thurgau', '0672143687', 'ASSUR783'),
(203, 203, 'Lucerne', '0638893813', 'ASSUR752'),
(204, 204, 'Geneva', '0643030262', 'ASSUR459'),
(205, 205, 'Neuchâtel', '0650542114', 'ASSUR548'),
(206, 206, 'Zurich', '0625544916', 'ASSUR926'),
(207, 207, 'Geneva', '0614810615', 'ASSUR323'),
(208, 208, 'Bern', '0697649487', 'ASSUR118'),
(209, 209, 'Glarus', '0646124741', 'ASSUR634'),
(210, 210, 'Vaud', '0669228119', 'ASSUR152'),
(211, 211, 'Neuchâtel', '0613029615', 'ASSUR441'),
(212, 212, 'St. Gallen', '0651761807', 'ASSUR564'),
(213, 213, 'Basel-Stadt', '0680590319', 'ASSUR350'),
(214, 214, 'Ticino', '0664417994', 'ASSUR818'),
(215, 215, 'Vaud', '0628766590', 'ASSUR521'),
(216, 216, 'Schwyz', '0614076345', 'ASSUR154'),
(217, 217, 'Thurgau', '0659701331', 'ASSUR362'),
(218, 218, 'Zurich', '0683980755', 'ASSUR886'),
(219, 219, 'Zurich', '0669149775', 'ASSUR696'),
(220, 220, 'St. Gallen', '0628578539', 'ASSUR382'),
(221, 221, 'Fribourg', '0635122541', 'ASSUR543'),
(222, 222, 'Zurich', '0651000628', 'ASSUR509'),
(223, 223, 'Bern', '0640880697', 'ASSUR924'),
(224, 224, 'Solothurn', '0632606103', 'ASSUR677'),
(225, 225, 'Solothurn', '0650554796', 'ASSUR687'),
(226, 226, 'Solothurn', '0636073125', 'ASSUR621'),
(227, 227, 'Zurich', '0615988251', 'ASSUR148'),
(228, 228, 'Zurich', '0661403871', 'ASSUR128'),
(229, 229, 'Zurich', '0631309359', 'ASSUR306'),
(230, 230, 'Zurich', '0659449283', 'ASSUR788'),
(231, 231, 'Zurich', '0651817326', 'ASSUR835'),
(232, 232, 'Appenzell Innerrhoden', '0685519093', 'ASSUR536'),
(233, 233, 'Glarus', '0615826065', 'ASSUR171'),
(234, 234, 'Zurich', '0691869487', 'ASSUR694'),
(235, 235, 'Schwyz', '0687929702', 'ASSUR450'),
(236, 236, 'Solothurn', '0664801054', 'ASSUR434'),
(237, 237, 'Lucerne', '0627559968', 'ASSUR641'),
(238, 238, 'Fribourg', '0620573649', 'ASSUR110'),
(239, 239, 'St. Gallen', '0672293659', 'ASSUR241'),
(240, 240, 'Schwyz', '0683511986', 'ASSUR742'),
(241, 241, 'Zurich', '0681062271', 'ASSUR602'),
(242, 242, 'Zurich', '0634083030', 'ASSUR611'),
(243, 243, 'Zurich', '0627818717', 'ASSUR434'),
(244, 244, 'Aargau', '0681371454', 'ASSUR280'),
(245, 245, 'Valais', '0625077772', 'ASSUR578'),
(246, 246, 'Geneva', '0664961671', 'ASSUR564'),
(247, 247, 'Zurich', '0614554530', 'ASSUR981'),
(248, 248, 'Thurgau', '0653051215', 'ASSUR923'),
(249, 249, 'Zurich', '0688048806', 'ASSUR535'),
(250, 250, 'Schwyz', '0648200295', 'ASSUR386'),
(251, 251, 'Zurich', '0623689879', 'ASSUR860'),
(252, 252, 'Thurgau', '0629501204', 'ASSUR233'),
(253, 253, 'Aargau', '0699577953', 'ASSUR345'),
(254, 254, 'Bern', '0610538839', 'ASSUR318'),
(255, 255, 'Schwyz', '0672981841', 'ASSUR666'),
(256, 256, 'Aargau', '0683400678', 'ASSUR708'),
(257, 257, 'Jura', '0655433032', 'ASSUR650'),
(258, 258, 'Thurgau', '0648593050', 'ASSUR141'),
(259, 259, 'St. Gallen', '0693556976', 'ASSUR753'),
(260, 260, 'Zurich', '0659931116', 'ASSUR386'),
(261, 261, 'Zurich', '0657543635', 'ASSUR547'),
(262, 262, 'Ticino', '0679932860', 'ASSUR270'),
(263, 263, 'Solothurn', '0650773673', 'ASSUR978'),
(264, 264, 'Schaffhausen', '0619080135', 'ASSUR391'),
(265, 265, 'Zurich', '0664049507', 'ASSUR314'),
(266, 266, 'Zurich', '0646731391', 'ASSUR166'),
(267, 267, 'Ticino', '0642702529', 'ASSUR549'),
(268, 268, 'St. Gallen', '0673096602', 'ASSUR111'),
(269, 269, 'Fribourg', '0647805825', 'ASSUR594'),
(270, 270, 'St. Gallen', '0626659795', 'ASSUR136'),
(271, 271, 'Zurich', '0680810783', 'ASSUR112'),
(272, 272, 'Zurich', '0684297948', 'ASSUR976'),
(273, 273, 'Vaud', '0679809619', 'ASSUR796'),
(274, 274, 'Ticino', '0657363788', 'ASSUR442'),
(275, 275, 'Zurich', '0621772580', 'ASSUR354'),
(276, 276, 'Geneva', '0699896063', 'ASSUR986'),
(277, 277, 'Glarus', '0682965544', 'ASSUR515'),
(278, 278, 'Zurich', '0614601154', 'ASSUR832'),
(279, 279, 'Zug', '0637178579', 'ASSUR628'),
(280, 280, 'St. Gallen', '0617113088', 'ASSUR472'),
(281, 281, 'Aargau', '0664066905', 'ASSUR211'),
(282, 282, 'Bern', '0663729920', 'ASSUR676'),
(283, 283, 'Zug', '0610322941', 'ASSUR842'),
(284, 284, 'Lucerne', '0683489230', 'ASSUR180'),
(285, 285, 'Zurich', '0692970603', 'ASSUR281'),
(286, 286, 'Geneva', '0674778993', 'ASSUR322'),
(287, 287, 'Zug', '0647549864', 'ASSUR717'),
(288, 288, 'Solothurn', '0649707127', 'ASSUR127'),
(289, 289, 'Fribourg', '0629684633', 'ASSUR461'),
(290, 290, 'Vaud', '0671255159', 'ASSUR427'),
(291, 291, 'St. Gallen', '0679927389', 'ASSUR980'),
(292, 292, 'Zug', '0673699345', 'ASSUR301'),
(293, 293, 'Zug', '0623372109', 'ASSUR748'),
(294, 294, 'Zurich', '0631817169', 'ASSUR540'),
(295, 295, 'Schwyz', '0684073727', 'ASSUR942'),
(296, 296, 'Zurich', '0636828205', 'ASSUR418'),
(297, 297, 'Neuchâtel', '0688525144', 'ASSUR298'),
(298, 298, 'Aargau', '0646938982', 'ASSUR935'),
(299, 299, 'Zurich', '0659051707', 'ASSUR276'),
(300, 300, 'Zurich', '0618715390', 'ASSUR276'),
(301, 301, 'Bern', '0689169090', 'ASSUR307'),
(302, 302, 'Bern', '0675376069', 'ASSUR229'),
(303, 303, 'Zug', '0646949759', 'ASSUR418'),
(304, 304, 'Thurgau', '0696258450', 'ASSUR109'),
(305, 305, 'Aargau', '0678798904', 'ASSUR719'),
(306, 306, 'Zurich', '0693483147', 'ASSUR300'),
(307, 307, 'Basel-Landschaft', '0694542569', 'ASSUR900'),
(308, 308, 'Vaud', '0670278374', 'ASSUR932'),
(309, 309, 'Valais', '0668289893', 'ASSUR393'),
(310, 310, 'Aargau', '0668703242', 'ASSUR210'),
(311, 311, 'Zurich', '0640698504', 'ASSUR824'),
(312, 312, 'Zurich', '0690168681', 'ASSUR801'),
(313, 313, 'Thurgau', '0613362317', 'ASSUR300'),
(314, 314, 'Zurich', '0679260350', 'ASSUR249'),
(315, 315, 'Zurich', '0658867340', 'ASSUR302'),
(316, 316, 'Bern', '0618098342', 'ASSUR894'),
(317, 317, 'Zurich', '0616731608', 'ASSUR201'),
(318, 318, 'Zug', '0625995804', 'ASSUR975'),
(319, 319, 'Bern', '0677697542', 'ASSUR280'),
(320, 320, 'Zurich', '0630023629', 'ASSUR259'),
(321, 321, 'Ticino', '0664826021', 'ASSUR119'),
(322, 322, 'Basel-Landschaft', '0611346429', 'ASSUR410'),
(323, 323, 'Valais', '0612089774', 'ASSUR440'),
(324, 324, 'Zurich', '0624779771', 'ASSUR552'),
(325, 325, 'St. Gallen', '0674450841', 'ASSUR249'),
(326, 326, 'Lucerne', '0667581360', 'ASSUR999'),
(327, 327, 'Zurich', '0680569323', 'ASSUR486'),
(328, 328, 'Zug', '0668947327', 'ASSUR976'),
(329, 329, 'Zug', '0615913868', 'ASSUR488'),
(330, 330, 'St. Gallen', '0643736507', 'ASSUR191'),
(331, 331, 'Vaud', '0654220902', 'ASSUR916'),
(332, 332, 'Appenzell Ausserrhoden', '0623816912', 'ASSUR892'),
(333, 333, 'Graubünden', '0697548696', 'ASSUR809'),
(334, 334, 'Zurich', '0677134793', 'ASSUR541'),
(335, 335, 'Lucerne', '0679419899', 'ASSUR586'),
(336, 336, 'Zurich', '0680873814', 'ASSUR843'),
(337, 337, 'Zurich', '0621379074', 'ASSUR831'),
(338, 338, 'Schwyz', '0667333747', 'ASSUR377'),
(339, 339, 'Bern', '0694711193', 'ASSUR156'),
(340, 340, 'Neuchâtel', '0661373177', 'ASSUR783'),
(341, 341, 'Zurich', '0628673042', 'ASSUR974'),
(342, 342, 'Zurich', '0647260958', 'ASSUR277'),
(343, 343, 'Zurich', '0659411459', 'ASSUR328'),
(344, 344, 'Aargau', '0622361248', 'ASSUR489'),
(345, 345, 'Vaud', '0685122214', 'ASSUR279'),
(346, 346, 'Solothurn', '0678393060', 'ASSUR699'),
(347, 347, 'Zurich', '0652497891', 'ASSUR251'),
(348, 348, 'Zug', '0696338300', 'ASSUR268'),
(349, 349, 'Vaud', '0683964346', 'ASSUR839'),
(350, 350, 'Zurich', '0635625988', 'ASSUR467'),
(351, 351, 'Geneva', '0669361136', 'ASSUR716'),
(352, 352, 'Zurich', '0651552227', 'ASSUR992'),
(353, 353, 'Geneva', '0678635241', 'ASSUR481'),
(354, 354, 'Lucerne', '0617125860', 'ASSUR433'),
(355, 355, 'Zurich', '0681424405', 'ASSUR362'),
(356, 356, 'Bern', '0645471482', 'ASSUR631'),
(357, 357, 'Aargau', '0695484725', 'ASSUR110'),
(358, 358, 'St. Gallen', '0658892182', 'ASSUR334'),
(359, 359, 'Zurich', '0665387461', 'ASSUR600'),
(360, 360, 'Zurich', '0686575680', 'ASSUR615'),
(361, 361, 'Basel-Landschaft', '0639261222', 'ASSUR892'),
(362, 362, 'Zurich', '0666781290', 'ASSUR155'),
(363, 363, 'Zurich', '0626094019', 'ASSUR340'),
(364, 364, 'Lucerne', '0622601356', 'ASSUR704'),
(365, 365, 'Aargau', '0662196310', 'ASSUR536'),
(366, 366, 'Zurich', '0637883489', 'ASSUR757'),
(367, 367, 'Aargau', '0624576255', 'ASSUR799'),
(368, 368, 'Zurich', '0635904702', 'ASSUR904'),
(369, 369, 'Zurich', '0673585976', 'ASSUR399'),
(370, 370, 'Zurich', '0629321060', 'ASSUR976'),
(371, 371, 'Bern', '0646198339', 'ASSUR523'),
(372, 372, 'Bern', '0629298647', 'ASSUR580'),
(373, 373, 'Bern', '0687691868', 'ASSUR461'),
(374, 374, 'Zurich', '0650965780', 'ASSUR658'),
(375, 375, 'Lucerne', '0646305941', 'ASSUR154'),
(376, 376, 'Zurich', '0649840764', 'ASSUR797'),
(377, 377, 'Zurich', '0652285005', 'ASSUR524'),
(378, 378, 'Zurich', '0655554413', 'ASSUR727'),
(379, 379, 'Zurich', '0644629892', 'ASSUR698'),
(380, 380, 'Zurich', '0626444793', 'ASSUR957'),
(381, 381, 'Neuchâtel', '0654972477', 'ASSUR581'),
(382, 382, 'Valais', '0635211494', 'ASSUR944'),
(383, 383, 'Zurich', '0671104160', 'ASSUR980'),
(384, 384, 'Zurich', '0613390075', 'ASSUR545'),
(385, 385, 'Uri', '0659329981', 'ASSUR202'),
(386, 386, 'Bern', '0641476462', 'ASSUR368'),
(387, 387, 'Zug', '0635840668', 'ASSUR677'),
(388, 388, 'Schwyz', '0678032926', 'ASSUR883'),
(389, 389, 'Lucerne', '0648398883', 'ASSUR655'),
(390, 390, 'Appenzell Innerrhoden', '0681144160', 'ASSUR449'),
(391, 391, 'Schwyz', '0648959826', 'ASSUR761'),
(392, 392, 'Zurich', '0656921206', 'ASSUR981'),
(393, 393, 'Bern', '0699681906', 'ASSUR417'),
(394, 394, 'Zurich', '0637464388', 'ASSUR238'),
(395, 395, 'Aargau', '0650706672', 'ASSUR656'),
(396, 396, 'Zurich', '0654239126', 'ASSUR322'),
(397, 397, 'Uri', '0665853924', 'ASSUR910'),
(398, 398, 'Bern', '0632283501', 'ASSUR766'),
(399, 399, 'Bern', '0625688317', 'ASSUR964'),
(400, 400, 'Zurich', '0670883996', 'ASSUR140'),
(401, 401, 'Geneva', '0653261368', 'ASSUR477'),
(402, 402, 'Geneva', '0668165714', 'ASSUR563'),
(403, 403, 'Vaud', '0629074059', 'ASSUR611'),
(404, 404, 'Zurich', '0698533420', 'ASSUR517'),
(405, 405, 'Zurich', '0665228191', 'ASSUR113'),
(406, 406, 'Zurich', '0643048544', 'ASSUR787'),
(407, 407, 'Basel-Stadt', '0686438502', 'ASSUR648'),
(408, 408, 'Valais', '0677304737', 'ASSUR567'),
(409, 409, 'Zurich', '0617091610', 'ASSUR360'),
(410, 410, 'St. Gallen', '0694384150', 'ASSUR708'),
(411, 411, 'Lucerne', '0670290027', 'ASSUR455'),
(412, 412, 'Aargau', '0654602900', 'ASSUR980'),
(413, 413, 'Vaud', '0643022934', 'ASSUR403'),
(414, 414, 'Aargau', '0613963823', 'ASSUR601'),
(415, 415, 'Bern', '0621752391', 'ASSUR419'),
(416, 416, 'Zurich', '0627054980', 'ASSUR332'),
(417, 417, 'Thurgau', '0626796894', 'ASSUR795'),
(418, 418, 'Zurich', '0611518947', 'ASSUR372'),
(419, 419, 'Bern', '0698406435', 'ASSUR566'),
(420, 420, 'Nidwalden', '0683571652', 'ASSUR726'),
(421, 421, 'Bern', '0673888863', 'ASSUR319'),
(422, 422, 'Vaud', '0652116567', 'ASSUR958'),
(423, 423, 'Zurich', '0659906068', 'ASSUR916'),
(424, 424, 'Aargau', '0636721476', 'ASSUR689'),
(425, 425, 'Zurich', '0656574516', 'ASSUR253'),
(426, 426, 'Basel-Landschaft', '0647572003', 'ASSUR403'),
(427, 427, 'Schwyz', '0697563989', 'ASSUR882'),
(428, 428, 'Geneva', '0622586883', 'ASSUR931'),
(429, 429, 'Bern', '0623233295', 'ASSUR715'),
(430, 430, 'Aargau', '0628708589', 'ASSUR180'),
(431, 431, 'Basel-Stadt', '0617069157', 'ASSUR960'),
(432, 432, 'Zurich', '0653528489', 'ASSUR290'),
(433, 433, 'St. Gallen', '0694970688', 'ASSUR261'),
(434, 434, 'Zurich', '0637448934', 'ASSUR894'),
(435, 435, 'Zurich', '0658129736', 'ASSUR866'),
(436, 436, 'Zurich', '0610341535', 'ASSUR109'),
(437, 437, 'Zurich', '0649055738', 'ASSUR311'),
(438, 438, 'Ticino', '0677021004', 'ASSUR393'),
(439, 439, 'Zurich', '0692141435', 'ASSUR112'),
(440, 440, 'Obwalden', '0612900965', 'ASSUR220'),
(441, 441, 'Zurich', '0620320287', 'ASSUR867'),
(442, 442, 'Zurich', '0614362621', 'ASSUR138'),
(443, 443, 'Vaud', '0618951667', 'ASSUR849'),
(444, 444, 'Fribourg', '0642574659', 'ASSUR442'),
(445, 445, 'Bern', '0625125302', 'ASSUR342'),
(446, 446, 'Schwyz', '0644378279', 'ASSUR977'),
(447, 447, 'Valais', '0697615980', 'ASSUR701'),
(448, 448, 'Bern', '0631596270', 'ASSUR674'),
(449, 449, 'Appenzell Innerrhoden', '0627748667', 'ASSUR625'),
(450, 450, 'St. Gallen', '0633829928', 'ASSUR416'),
(451, 451, 'St. Gallen', '0661370529', 'ASSUR217'),
(452, 452, 'Zurich', '0654486047', 'ASSUR305'),
(453, 453, 'Zug', '0673181601', 'ASSUR164'),
(454, 454, 'Schaffhausen', '0688590071', 'ASSUR886'),
(455, 455, 'Thurgau', '0619302398', 'ASSUR961'),
(456, 456, 'Schwyz', '0685868209', 'ASSUR195'),
(457, 457, 'Ticino', '0674481145', 'ASSUR462'),
(458, 458, 'Vaud', '0669355604', 'ASSUR126'),
(459, 459, 'Basel-Stadt', '0647174876', 'ASSUR895'),
(460, 460, 'Zurich', '0666227716', 'ASSUR396'),
(461, 461, 'Aargau', '0636473852', 'ASSUR306'),
(462, 462, 'Neuchâtel', '0626266720', 'ASSUR108'),
(463, 463, 'Zurich', '0678032861', 'ASSUR567'),
(464, 464, 'Graubünden', '0643949597', 'ASSUR682'),
(465, 465, 'Appenzell Innerrhoden', '0637696588', 'ASSUR139'),
(466, 466, 'Bern', '0621801375', 'ASSUR279'),
(467, 467, 'Appenzell Ausserrhoden', '0656653186', 'ASSUR321'),
(468, 468, 'Zurich', '0625852861', 'ASSUR456'),
(469, 469, 'St. Gallen', '0648645769', 'ASSUR976'),
(470, 470, 'Schwyz', '0666778771', 'ASSUR166'),
(471, 471, 'Geneva', '0612236346', 'ASSUR879'),
(472, 472, 'Bern', '0633065855', 'ASSUR180'),
(473, 473, 'Zurich', '0666850017', 'ASSUR335'),
(474, 474, 'Lucerne', '0671415783', 'ASSUR124'),
(475, 475, 'Zurich', '0697332366', 'ASSUR533'),
(476, 476, 'Bern', '0618425666', 'ASSUR494'),
(477, 477, 'Basel-Stadt', '0666383685', 'ASSUR680'),
(478, 478, 'Zurich', '0669533413', 'ASSUR519'),
(479, 479, 'Basel-Landschaft', '0669977035', 'ASSUR695'),
(480, 480, 'Zug', '0665500552', 'ASSUR625'),
(481, 481, 'Geneva', '0626046092', 'ASSUR147'),
(482, 482, 'Valais', '0688385827', 'ASSUR650'),
(483, 483, 'Zurich', '0655624360', 'ASSUR747'),
(484, 484, 'Appenzell Innerrhoden', '0646471607', 'ASSUR646'),
(485, 485, 'Zurich', '0690929775', 'ASSUR780'),
(486, 486, 'Zurich', '0665600524', 'ASSUR324'),
(487, 487, 'Aargau', '0686787713', 'ASSUR292'),
(488, 488, 'Zurich', '0648147072', 'ASSUR747'),
(489, 489, 'Schaffhausen', '0646644029', 'ASSUR578'),
(490, 490, 'Zurich', '0637607368', 'ASSUR260'),
(491, 491, 'Zurich', '0625866985', 'ASSUR645'),
(492, 492, 'Schwyz', '0633689119', 'ASSUR321'),
(493, 493, 'Thurgau', '0695058687', 'ASSUR227'),
(494, 494, 'Schaffhausen', '0620727866', 'ASSUR381'),
(495, 495, 'Aargau', '0616893792', 'ASSUR881'),
(496, 496, 'Thurgau', '0697799474', 'ASSUR425'),
(497, 497, 'Vaud', '0663673467', 'ASSUR635'),
(498, 498, 'Aargau', '0666773171', 'ASSUR161'),
(499, 499, 'Zurich', '0613683247', 'ASSUR225'),
(500, 500, 'Zug', '0622108216', 'ASSUR897'),
(501, 501, 'Geneva', '0675932741', 'ASSUR994'),
(502, 502, 'Schwyz', '0615871907', 'ASSUR268'),
(503, 503, 'St. Gallen', '0635658029', 'ASSUR326'),
(504, 504, 'Graubünden', '0640196093', 'ASSUR671'),
(505, 505, 'Zurich', '0665710528', 'ASSUR633'),
(506, 506, 'Zurich', '0685433740', 'ASSUR720'),
(507, 507, 'Appenzell Ausserrhoden', '0696332612', 'ASSUR568'),
(508, 508, 'Zug', '0615232983', 'ASSUR562'),
(509, 509, 'Zurich', '0660719662', 'ASSUR716'),
(510, 510, 'Geneva', '0634077027', 'ASSUR773'),
(511, 511, 'Bern', '0684631887', 'ASSUR366'),
(512, 512, 'Zurich', '0637196279', 'ASSUR988'),
(513, 513, 'Bern', '0675337182', 'ASSUR204'),
(514, 514, 'Geneva', '0628914235', 'ASSUR886'),
(515, 515, 'Appenzell Ausserrhoden', '0625264643', 'ASSUR567'),
(516, 516, 'Aargau', '0615613928', 'ASSUR399'),
(517, 517, 'Zurich', '0663931675', 'ASSUR212'),
(518, 518, 'Fribourg', '0678287571', 'ASSUR169'),
(519, 519, 'Zurich', '0620827267', 'ASSUR176'),
(520, 520, 'Thurgau', '0654692606', 'ASSUR264'),
(521, 521, 'Zurich', '0623169752', 'ASSUR373'),
(522, 522, 'Glarus', '0648770828', 'ASSUR172'),
(523, 523, 'Solothurn', '0665979094', 'ASSUR193'),
(524, 524, 'Valais', '0644734328', 'ASSUR951'),
(525, 525, 'Zurich', '0639809130', 'ASSUR133'),
(526, 526, 'Zurich', '0615617441', 'ASSUR705'),
(527, 527, 'Thurgau', '0611919148', 'ASSUR281'),
(528, 528, 'Zurich', '0665231179', 'ASSUR321'),
(529, 529, 'Aargau', '0623403241', 'ASSUR848'),
(530, 530, 'Bern', '0672428603', 'ASSUR996'),
(531, 531, 'Thurgau', '0624364574', 'ASSUR630'),
(532, 532, 'Bern', '0660768478', 'ASSUR802'),
(533, 533, 'Geneva', '0638090580', 'ASSUR806'),
(534, 534, 'Nidwalden', '0632845603', 'ASSUR841'),
(535, 535, 'Schaffhausen', '0649879972', 'ASSUR572'),
(536, 536, 'Zurich', '0663539701', 'ASSUR453'),
(537, 537, 'Zurich', '0652543051', 'ASSUR528'),
(538, 538, 'Zurich', '0685554810', 'ASSUR767'),
(539, 539, 'Vaud', '0656344465', 'ASSUR673'),
(540, 540, 'Geneva', '0664187590', 'ASSUR136'),
(541, 541, 'Solothurn', '0624520570', 'ASSUR400'),
(542, 542, 'Zurich', '0647876848', 'ASSUR486'),
(543, 543, 'Schwyz', '0668396379', 'ASSUR153'),
(544, 544, 'Basel-Stadt', '0634973236', 'ASSUR433'),
(545, 545, 'Zurich', '0647523251', 'ASSUR739'),
(546, 546, 'Zurich', '0694543457', 'ASSUR443'),
(547, 547, 'Lucerne', '0669551359', 'ASSUR491'),
(548, 548, 'Bern', '0685693373', 'ASSUR463'),
(549, 549, 'Lucerne', '0635828900', 'ASSUR280'),
(550, 550, 'Vaud', '0649310023', 'ASSUR872'),
(551, 551, 'Zurich', '0620142271', 'ASSUR982'),
(552, 552, 'Obwalden', '0619948944', 'ASSUR741'),
(553, 553, 'Zug', '0694928835', 'ASSUR861'),
(554, 554, 'Zurich', '0666740036', 'ASSUR166'),
(555, 555, 'Zurich', '0672000974', 'ASSUR584'),
(556, 556, 'Zurich', '0660663384', 'ASSUR833'),
(557, 557, 'Zug', '0698745369', 'ASSUR321'),
(558, 558, 'Lucerne', '0672262129', 'ASSUR560'),
(559, 559, 'Vaud', '0639075395', 'ASSUR234'),
(560, 560, 'Zurich', '0630062215', 'ASSUR657'),
(561, 561, 'Aargau', '0637495358', 'ASSUR437'),
(562, 562, 'Bern', '0699346638', 'ASSUR117'),
(563, 563, 'Zug', '0621609785', 'ASSUR913'),
(564, 564, 'Thurgau', '0622845598', 'ASSUR947'),
(565, 565, 'Vaud', '0626941168', 'ASSUR872'),
(566, 566, 'Schwyz', '0668842439', 'ASSUR728'),
(567, 567, 'Basel-Landschaft', '0626091554', 'ASSUR597'),
(568, 568, 'Obwalden', '0687786930', 'ASSUR639'),
(569, 569, 'Zug', '0667638673', 'ASSUR217'),
(570, 570, 'Geneva', '0663264869', 'ASSUR225'),
(571, 571, 'Vaud', '0669919473', 'ASSUR644'),
(572, 572, 'Schwyz', '0685080977', 'ASSUR494'),
(573, 573, 'Valais', '0616820942', 'ASSUR583'),
(574, 574, 'Schwyz', '0669664700', 'ASSUR666'),
(575, 575, 'Bern', '0691561655', 'ASSUR872'),
(576, 576, 'Bern', '0669855736', 'ASSUR840'),
(577, 577, 'Bern', '0614221349', 'ASSUR258'),
(578, 578, 'Bern', '0649187862', 'ASSUR979'),
(579, 579, 'Bern', '0629957231', 'ASSUR370'),
(580, 580, 'Bern', '0675378037', 'ASSUR358'),
(581, 581, 'Fribourg', '0687479101', 'ASSUR469'),
(582, 582, 'Thurgau', '0615452597', 'ASSUR260'),
(583, 583, 'St. Gallen', '0617007734', 'ASSUR199'),
(584, 584, 'Jura', '0653952159', 'ASSUR364'),
(585, 585, 'Aargau', '0659480981', 'ASSUR441'),
(586, 586, 'Nidwalden', '0630550368', 'ASSUR236'),
(587, 587, 'Zurich', '0670558234', 'ASSUR301'),
(588, 588, 'Aargau', '0692384663', 'ASSUR808'),
(589, 589, 'Lucerne', '0685564472', 'ASSUR360'),
(590, 590, 'Zurich', '0661917267', 'ASSUR194'),
(591, 591, 'Basel-Stadt', '0633822092', 'ASSUR468'),
(592, 592, 'Schwyz', '0678227955', 'ASSUR172'),
(593, 593, 'Zurich', '0695813904', 'ASSUR233'),
(594, 594, 'Jura', '0624775330', 'ASSUR781'),
(595, 595, 'St. Gallen', '0644722811', 'ASSUR831'),
(596, 596, 'Lucerne', '0669542174', 'ASSUR634'),
(597, 597, 'Zurich', '0645199430', 'ASSUR842'),
(598, 598, 'Aargau', '0652121110', 'ASSUR582'),
(599, 599, 'Geneva', '0631424335', 'ASSUR760'),
(600, 600, 'Schaffhausen', '0675004932', 'ASSUR652'),
(601, 601, 'Zurich', '0650360569', 'ASSUR733'),
(602, 602, 'Zurich', '0642444667', 'ASSUR566'),
(603, 603, 'Solothurn', '0689503389', 'ASSUR145'),
(604, 604, 'Lucerne', '0623841708', 'ASSUR214'),
(605, 605, 'Obwalden', '0637022117', 'ASSUR670'),
(606, 606, 'Schaffhausen', '0680731639', 'ASSUR333'),
(607, 607, 'Aargau', '0638408503', 'ASSUR748'),
(608, 608, 'Zug', '0638746718', 'ASSUR241'),
(609, 609, 'Geneva', '0699611132', 'ASSUR260'),
(610, 610, 'Schwyz', '0647551305', 'ASSUR389'),
(611, 611, 'Zurich', '0668290575', 'ASSUR537'),
(612, 612, 'Thurgau', '0632405025', 'ASSUR836'),
(613, 613, 'Zurich', '0694736187', 'ASSUR619'),
(614, 614, 'Zurich', '0630379710', 'ASSUR728'),
(615, 615, 'Vaud', '0610371327', 'ASSUR170'),
(616, 616, 'Fribourg', '0645270536', 'ASSUR493'),
(617, 617, 'Zurich', '0683561497', 'ASSUR202'),
(618, 618, 'Zurich', '0662360287', 'ASSUR340'),
(619, 619, 'Aargau', '0620778358', 'ASSUR534'),
(620, 620, 'Aargau', '0689027818', 'ASSUR399'),
(621, 621, 'Zurich', '0689920621', 'ASSUR765'),
(622, 622, 'Schaffhausen', '0620589176', 'ASSUR181'),
(623, 623, 'Bern', '0678338914', 'ASSUR949'),
(624, 624, 'Zurich', '0641665365', 'ASSUR415'),
(625, 625, 'Valais', '0625725956', 'ASSUR202'),
(626, 626, 'Valais', '0617507622', 'ASSUR948'),
(627, 627, 'Bern', '0623311104', 'ASSUR740'),
(628, 628, 'Zurich', '0682273527', 'ASSUR790'),
(629, 629, 'Zurich', '0636589929', 'ASSUR367'),
(630, 630, 'Lucerne', '0650490974', 'ASSUR781'),
(631, 631, 'Zurich', '0665580136', 'ASSUR429'),
(632, 632, 'Zurich', '0684770972', 'ASSUR845'),
(633, 633, 'Zurich', '0637242990', 'ASSUR643'),
(634, 634, 'Zurich', '0685459411', 'ASSUR942'),
(635, 635, 'Zurich', '0614467675', 'ASSUR468'),
(636, 636, 'Geneva', '0679503719', 'ASSUR876'),
(637, 637, 'Vaud', '0641357801', 'ASSUR973'),
(638, 638, 'Schwyz', '0670313496', 'ASSUR938'),
(639, 639, 'Geneva', '0616256532', 'ASSUR353'),
(640, 640, 'Geneva', '0679783762', 'ASSUR535'),
(641, 641, 'Ticino', '0616985140', 'ASSUR775'),
(642, 642, 'Nidwalden', '0693232530', 'ASSUR342'),
(643, 643, 'Zurich', '0659321075', 'ASSUR196'),
(644, 644, 'Vaud', '0682249691', 'ASSUR476'),
(645, 645, 'Zug', '0628987316', 'ASSUR789'),
(646, 646, 'Ticino', '0684796421', 'ASSUR310'),
(647, 647, 'Schwyz', '0695935147', 'ASSUR967'),
(648, 648, 'Vaud', '0676030324', 'ASSUR624'),
(649, 649, 'Zurich', '0664893511', 'ASSUR498'),
(650, 650, 'Basel-Landschaft', '0676808835', 'ASSUR406'),
(651, 651, 'Zurich', '0615619449', 'ASSUR565'),
(652, 652, 'Zurich', '0665543937', 'ASSUR366'),
(653, 653, 'Schwyz', '0613940339', 'ASSUR850'),
(654, 654, 'Zurich', '0692302450', 'ASSUR265'),
(655, 655, 'Ticino', '0664859372', 'ASSUR358'),
(656, 656, 'Thurgau', '0673872322', 'ASSUR175'),
(657, 657, 'Zug', '0640877922', 'ASSUR553'),
(658, 658, 'Zurich', '0627053908', 'ASSUR879'),
(659, 659, 'Zug', '0667300586', 'ASSUR287'),
(660, 660, 'Ticino', '0652325722', 'ASSUR509'),
(661, 661, 'Jura', '0638078750', 'ASSUR285'),
(662, 662, 'Zug', '0677481244', 'ASSUR676'),
(663, 663, 'Basel-Landschaft', '0691550256', 'ASSUR217'),
(664, 664, 'Appenzell Ausserrhoden', '0647892691', 'ASSUR380'),
(665, 665, 'Schwyz', '0643213028', 'ASSUR989'),
(666, 666, 'Fribourg', '0644629371', 'ASSUR471'),
(667, 667, 'Fribourg', '0670279695', 'ASSUR890'),
(668, 668, 'Geneva', '0690663918', 'ASSUR314'),
(669, 669, 'Aargau', '0645421374', 'ASSUR852'),
(670, 670, 'Geneva', '0616560961', 'ASSUR683'),
(671, 671, 'Ticino', '0671027565', 'ASSUR651'),
(672, 672, 'Zurich', '0699643855', 'ASSUR794'),
(673, 673, 'Zurich', '0689626207', 'ASSUR667'),
(674, 674, 'Zug', '0636475513', 'ASSUR772'),
(675, 675, 'Geneva', '0694544551', 'ASSUR337'),
(676, 676, 'Vaud', '0684140153', 'ASSUR397'),
(677, 677, 'Graubünden', '0696558104', 'ASSUR639'),
(678, 678, 'Thurgau', '0643836320', 'ASSUR463'),
(679, 679, 'Zurich', '0652036973', 'ASSUR189'),
(680, 680, 'Schwyz', '0619289465', 'ASSUR439'),
(681, 681, 'Zurich', '0695224218', 'ASSUR969'),
(682, 682, 'Zurich', '0666277241', 'ASSUR242'),
(683, 683, 'St. Gallen', '0699106903', 'ASSUR995'),
(684, 684, 'Aargau', '0630287179', 'ASSUR357'),
(685, 685, 'Zug', '0631359634', 'ASSUR148'),
(686, 686, 'Bern', '0641313143', 'ASSUR820'),
(687, 687, 'Vaud', '0646183554', 'ASSUR635'),
(688, 688, 'Zurich', '0654038749', 'ASSUR247'),
(689, 689, 'Zurich', '0683415350', 'ASSUR993'),
(690, 690, 'Zurich', '0691814332', 'ASSUR957'),
(691, 691, 'Thurgau', '0677182849', 'ASSUR446'),
(692, 692, 'Geneva', '0658570693', 'ASSUR545'),
(693, 693, 'Vaud', '0668276738', 'ASSUR808'),
(694, 694, 'Bern', '0635606418', 'ASSUR341'),
(695, 695, 'Uri', '0618144786', 'ASSUR291'),
(696, 696, 'Zurich', '0698255689', 'ASSUR448'),
(697, 697, 'Zurich', '0672219790', 'ASSUR444'),
(698, 698, 'Zug', '0615982622', 'ASSUR612'),
(699, 699, 'Vaud', '0663394902', 'ASSUR797'),
(700, 700, 'Zug', '0657837573', 'ASSUR862'),
(701, 701, 'Neuchâtel', '0657405770', 'ASSUR186'),
(702, 702, 'Zurich', '0684309816', 'ASSUR698'),
(703, 703, 'Schwyz', '0631104284', 'ASSUR312'),
(704, 704, 'St. Gallen', '0622180102', 'ASSUR355'),
(705, 705, 'Zurich', '0627664133', 'ASSUR775'),
(706, 706, 'Zurich', '0667467493', 'ASSUR559'),
(707, 707, 'Basel-Landschaft', '0632117577', 'ASSUR512'),
(708, 708, 'Zug', '0610017085', 'ASSUR872'),
(709, 709, 'Zurich', '0652641730', 'ASSUR506'),
(710, 710, 'Bern', '0669298832', 'ASSUR644'),
(711, 711, 'Geneva', '0668770320', 'ASSUR312'),
(712, 712, 'Vaud', '0675062218', 'ASSUR672'),
(713, 713, 'Schwyz', '0655651697', 'ASSUR411'),
(714, 714, 'Lucerne', '0679259442', 'ASSUR634'),
(715, 715, 'Zug', '0645918626', 'ASSUR626'),
(716, 716, 'Lucerne', '0688574957', 'ASSUR413'),
(717, 717, 'Ticino', '0646707291', 'ASSUR535'),
(718, 718, 'Zurich', '0642247960', 'ASSUR396'),
(719, 719, 'Zurich', '0659104759', 'ASSUR267'),
(720, 720, 'Schwyz', '0614337017', 'ASSUR500'),
(721, 721, 'Zurich', '0668109165', 'ASSUR713'),
(722, 722, 'St. Gallen', '0622526717', 'ASSUR758'),
(723, 723, 'Zurich', '0693383346', 'ASSUR997'),
(724, 724, 'Zurich', '0648626684', 'ASSUR761'),
(725, 725, 'Bern', '0656913448', 'ASSUR542'),
(726, 726, 'Zurich', '0655462268', 'ASSUR484'),
(727, 727, 'Zurich', '0656106292', 'ASSUR788'),
(728, 728, 'Ticino', '0662121531', 'ASSUR348'),
(729, 729, 'Lucerne', '0684891933', 'ASSUR746'),
(730, 730, 'Fribourg', '0624999359', 'ASSUR659'),
(731, 731, 'Zug', '0641106276', 'ASSUR928'),
(732, 732, 'Vaud', '0619574410', 'ASSUR708'),
(733, 733, 'Bern', '0639872650', 'ASSUR547'),
(734, 734, 'Zurich', '0613084680', 'ASSUR649'),
(735, 735, 'Obwalden', '0642482896', 'ASSUR546'),
(736, 736, 'Bern', '0663846660', 'ASSUR617'),
(737, 737, 'Zurich', '0634490394', 'ASSUR294'),
(738, 738, 'Basel-Stadt', '0617027954', 'ASSUR399'),
(739, 739, 'Zurich', '0616710572', 'ASSUR151'),
(740, 740, 'Thurgau', '0641899825', 'ASSUR784'),
(741, 741, 'Zug', '0671322078', 'ASSUR134'),
(742, 742, 'Thurgau', '0627600377', 'ASSUR707'),
(743, 743, 'Zug', '0663490780', 'ASSUR206'),
(744, 744, 'Zurich', '0637128564', 'ASSUR173'),
(745, 745, 'Aargau', '0630722498', 'ASSUR564'),
(746, 746, 'Basel-Stadt', '0658401206', 'ASSUR869'),
(747, 747, 'St. Gallen', '0697877257', 'ASSUR976'),
(748, 748, 'Thurgau', '0652742700', 'ASSUR548'),
(749, 749, 'Aargau', '0633186310', 'ASSUR923'),
(750, 750, 'Aargau', '0626170135', 'ASSUR599'),
(751, 751, 'Zurich', '0637541114', 'ASSUR790'),
(752, 752, 'Zurich', '0699755168', 'ASSUR874'),
(753, 753, 'Bern', '0658529110', 'ASSUR912'),
(754, 754, 'Zurich', '0611975790', 'ASSUR892'),
(755, 755, 'Ticino', '0692825540', 'ASSUR950'),
(756, 756, 'Zurich', '0670371334', 'ASSUR573'),
(757, 757, 'Appenzell Innerrhoden', '0641822259', 'ASSUR780'),
(758, 758, 'Zurich', '0648011572', 'ASSUR687'),
(759, 759, 'Zurich', '0644034526', 'ASSUR751'),
(760, 760, 'Lucerne', '0675544816', 'ASSUR254'),
(761, 761, 'Aargau', '0679283203', 'ASSUR114'),
(762, 762, 'Vaud', '0646083957', 'ASSUR188'),
(763, 763, 'Thurgau', '0616204545', 'ASSUR317'),
(764, 764, 'Geneva', '0622607736', 'ASSUR670'),
(765, 765, 'Aargau', '0648543442', 'ASSUR663'),
(766, 766, 'Thurgau', '0619272857', 'ASSUR692'),
(767, 767, 'Lucerne', '0630033113', 'ASSUR586'),
(768, 768, 'Zug', '0642075019', 'ASSUR373'),
(769, 769, 'Zurich', '0697742248', 'ASSUR375'),
(770, 770, 'Aargau', '0676850866', 'ASSUR385'),
(771, 771, 'Aargau', '0668196658', 'ASSUR115'),
(772, 772, 'Zug', '0687593622', 'ASSUR744'),
(773, 773, 'Obwalden', '0670647788', 'ASSUR615'),
(774, 774, 'Lucerne', '0626331800', 'ASSUR809'),
(775, 775, 'Thurgau', '0647192523', 'ASSUR625'),
(776, 776, 'Thurgau', '0699199244', 'ASSUR439'),
(777, 777, 'Zurich', '0653449179', 'ASSUR363'),
(778, 778, 'Geneva', '0640856239', 'ASSUR586'),
(779, 779, 'Geneva', '0656711237', 'ASSUR406'),
(780, 780, 'Bern', '0674973394', 'ASSUR475'),
(781, 781, 'Zurich', '0699858847', 'ASSUR837'),
(782, 782, 'Solothurn', '0615727709', 'ASSUR577'),
(783, 783, 'Zurich', '0684925273', 'ASSUR303'),
(784, 784, 'Aargau', '0671330052', 'ASSUR814'),
(785, 785, 'Zurich', '0660967128', 'ASSUR206'),
(786, 786, 'Appenzell Ausserrhoden', '0663388104', 'ASSUR796'),
(787, 787, 'Basel-Stadt', '0681100851', 'ASSUR721'),
(788, 788, 'St. Gallen', '0690235543', 'ASSUR727'),
(789, 789, 'St. Gallen', '0649175588', 'ASSUR144'),
(790, 790, 'Lucerne', '0641442119', 'ASSUR460'),
(791, 791, 'Bern', '0634857088', 'ASSUR689'),
(792, 792, 'Thurgau', '0651140686', 'ASSUR154'),
(793, 793, 'Glarus', '0687018079', 'ASSUR428'),
(794, 794, 'Ticino', '0693477413', 'ASSUR474'),
(795, 795, 'Glarus', '0630691364', 'ASSUR911'),
(796, 796, 'Vaud', '0663163575', 'ASSUR335'),
(797, 797, 'Jura', '0631406222', 'ASSUR858'),
(798, 798, 'Zurich', '0621502616', 'ASSUR635'),
(799, 799, 'Geneva', '0694507721', 'ASSUR554'),
(800, 800, 'Solothurn', '0629022974', 'ASSUR950'),
(801, 801, 'Lucerne', '0618916419', 'ASSUR667'),
(802, 802, 'Aargau', '0619009665', 'ASSUR905'),
(803, 803, 'Basel-Landschaft', '0624532026', 'ASSUR209'),
(804, 804, 'Lucerne', '0620508907', 'ASSUR833'),
(805, 805, 'Vaud', '0632145539', 'ASSUR797'),
(806, 806, 'Bern', '0656763574', 'ASSUR143'),
(807, 807, 'Basel-Landschaft', '0631165912', 'ASSUR368'),
(808, 808, 'Aargau', '0627653832', 'ASSUR430'),
(809, 809, 'Bern', '0683950102', 'ASSUR228'),
(810, 810, 'Fribourg', '0658898640', 'ASSUR692'),
(811, 811, 'Geneva', '0686797150', 'ASSUR516'),
(812, 812, 'Vaud', '0681097597', 'ASSUR373'),
(813, 813, 'Zurich', '0643949589', 'ASSUR995'),
(814, 814, 'Zug', '0664053382', 'ASSUR904'),
(815, 815, 'Nidwalden', '0668781954', 'ASSUR977'),
(816, 816, 'Zurich', '0695679129', 'ASSUR756'),
(817, 817, 'Bern', '0677192868', 'ASSUR577'),
(818, 818, 'Appenzell Ausserrhoden', '0671430249', 'ASSUR566'),
(819, 819, 'Aargau', '0672721264', 'ASSUR669'),
(820, 820, 'St. Gallen', '0628842735', 'ASSUR111'),
(821, 821, 'Vaud', '0695146614', 'ASSUR129'),
(822, 822, 'Lucerne', '0631334233', 'ASSUR393'),
(823, 823, 'Zurich', '0697641836', 'ASSUR823'),
(824, 824, 'Zurich', '0636794917', 'ASSUR550'),
(825, 825, 'Lucerne', '0687158038', 'ASSUR929'),
(826, 826, 'Basel-Stadt', '0636287856', 'ASSUR627'),
(827, 827, 'Lucerne', '0628586856', 'ASSUR546'),
(828, 828, 'Thurgau', '0617799063', 'ASSUR896'),
(829, 829, 'Zug', '0655505614', 'ASSUR539'),
(830, 830, 'Nidwalden', '0684407413', 'ASSUR880'),
(831, 831, 'St. Gallen', '0630896191', 'ASSUR472'),
(832, 832, 'Bern', '0627129882', 'ASSUR572'),
(833, 833, 'Appenzell Ausserrhoden', '0698863656', 'ASSUR919'),
(834, 834, 'Zurich', '0647580850', 'ASSUR198'),
(835, 835, 'Valais', '0644118870', 'ASSUR252'),
(836, 836, 'Appenzell Innerrhoden', '0613680836', 'ASSUR820'),
(837, 837, 'St. Gallen', '0695172196', 'ASSUR929'),
(838, 838, 'Basel-Stadt', '0665433493', 'ASSUR951'),
(839, 839, 'Zug', '0622845230', 'ASSUR600'),
(840, 840, 'Zurich', '0651333352', 'ASSUR940'),
(841, 841, 'Aargau', '0684234825', 'ASSUR264'),
(842, 842, 'Geneva', '0633368865', 'ASSUR985'),
(843, 843, 'Aargau', '0667237420', 'ASSUR917'),
(844, 844, 'Zurich', '0632173928', 'ASSUR640'),
(845, 845, 'Aargau', '0658694100', 'ASSUR408'),
(846, 846, 'St. Gallen', '0621428172', 'ASSUR922'),
(847, 847, 'Schwyz', '0680567283', 'ASSUR406'),
(848, 848, 'Zurich', '0620589649', 'ASSUR341'),
(849, 849, 'Appenzell Innerrhoden', '0649476225', 'ASSUR866'),
(850, 850, 'Appenzell Innerrhoden', '0612323578', 'ASSUR723'),
(851, 851, 'Zurich', '0632895179', 'ASSUR239'),
(852, 852, 'Zurich', '0690793864', 'ASSUR376'),
(853, 853, 'Thurgau', '0636565730', 'ASSUR645'),
(854, 854, 'Zurich', '0640373544', 'ASSUR233'),
(855, 855, 'Zug', '0672649028', 'ASSUR332'),
(856, 856, 'Solothurn', '0646145934', 'ASSUR384'),
(857, 857, 'Zurich', '0624029101', 'ASSUR476'),
(858, 858, 'Zurich', '0695558560', 'ASSUR904'),
(859, 859, 'Zurich', '0619259621', 'ASSUR100'),
(860, 860, 'Uri', '0640074714', 'ASSUR530'),
(861, 861, 'Lucerne', '0638859846', 'ASSUR496'),
(862, 862, 'Aargau', '0635967693', 'ASSUR760'),
(863, 863, 'Vaud', '0635085974', 'ASSUR730'),
(864, 864, 'Zurich', '0695477989', 'ASSUR425'),
(865, 865, 'Aargau', '0686279302', 'ASSUR980'),
(866, 866, 'Zurich', '0656781452', 'ASSUR815'),
(867, 867, 'Obwalden', '0697823369', 'ASSUR614'),
(868, 868, 'Bern', '0610428807', 'ASSUR406'),
(869, 869, 'Zurich', '0651559381', 'ASSUR386'),
(870, 870, 'Ticino', '0638871219', 'ASSUR326'),
(871, 871, 'Aargau', '0691720456', 'ASSUR812'),
(872, 872, 'Thurgau', '0614216640', 'ASSUR876'),
(873, 873, 'Lucerne', '0662643273', 'ASSUR877'),
(874, 874, 'Aargau', '0617799829', 'ASSUR848'),
(875, 875, 'Aargau', '0669060826', 'ASSUR255'),
(876, 876, 'Bern', '0629043077', 'ASSUR382'),
(877, 877, 'Basel-Stadt', '0647698050', 'ASSUR820'),
(878, 878, 'Zurich', '0674613793', 'ASSUR603'),
(879, 879, 'Thurgau', '0697482174', 'ASSUR310'),
(880, 880, 'Aargau', '0638020174', 'ASSUR832'),
(881, 881, 'Zurich', '0648681707', 'ASSUR129'),
(882, 882, 'Geneva', '0686143573', 'ASSUR858'),
(883, 883, 'Bern', '0612051388', 'ASSUR753'),
(884, 884, 'Geneva', '0694703427', 'ASSUR706'),
(885, 885, 'Neuchâtel', '0665656043', 'ASSUR671'),
(886, 886, 'Bern', '0649889867', 'ASSUR672'),
(887, 887, 'Ticino', '0682956751', 'ASSUR651'),
(888, 888, 'Zurich', '0618221860', 'ASSUR479'),
(889, 889, 'Schwyz', '0672144913', 'ASSUR474'),
(890, 890, 'Zug', '0669460020', 'ASSUR829'),
(891, 891, 'Ticino', '0670297137', 'ASSUR167'),
(892, 892, 'Vaud', '0693002800', 'ASSUR864'),
(893, 893, 'Thurgau', '0694812843', 'ASSUR988'),
(894, 894, 'Zug', '0641748679', 'ASSUR830'),
(895, 895, 'Lucerne', '0674468905', 'ASSUR884'),
(896, 896, 'Zurich', '0653496761', 'ASSUR300'),
(897, 897, 'Zurich', '0676905590', 'ASSUR466'),
(898, 898, 'Zurich', '0696941176', 'ASSUR179'),
(899, 899, 'Bern', '0683196697', 'ASSUR771'),
(900, 900, 'Vaud', '0674073438', 'ASSUR277'),
(901, 901, 'Valais', '0616421106', 'ASSUR474'),
(902, 902, 'Solothurn', '0614300803', 'ASSUR304'),
(903, 903, 'Zurich', '0693601914', 'ASSUR169'),
(904, 904, 'Schwyz', '0686199569', 'ASSUR739'),
(905, 905, 'Zug', '0618383475', 'ASSUR108'),
(906, 906, 'Basel-Landschaft', '0664750830', 'ASSUR680'),
(907, 907, 'Ticino', '0665282534', 'ASSUR957'),
(908, 908, 'Geneva', '0636304836', 'ASSUR675'),
(909, 909, 'Vaud', '0690649337', 'ASSUR652'),
(910, 910, 'St. Gallen', '0696338847', 'ASSUR506'),
(911, 911, 'Aargau', '0669701612', 'ASSUR259'),
(912, 912, 'Zurich', '0676075606', 'ASSUR930'),
(913, 913, 'Zurich', '0614301805', 'ASSUR484'),
(914, 914, 'Zurich', '0695059685', 'ASSUR251'),
(915, 915, 'Bern', '0660700976', 'ASSUR875'),
(916, 916, 'Zug', '0663971532', 'ASSUR690'),
(917, 917, 'Neuchâtel', '0616110022', 'ASSUR271'),
(918, 918, 'Zurich', '0698505014', 'ASSUR580'),
(919, 919, 'Graubünden', '0613682432', 'ASSUR320'),
(920, 920, 'Schwyz', '0611085643', 'ASSUR352'),
(921, 921, 'Zurich', '0670144557', 'ASSUR874'),
(922, 922, 'Zurich', '0676592855', 'ASSUR897'),
(923, 923, 'Zug', '0699984804', 'ASSUR661'),
(924, 924, 'Aargau', '0621300648', 'ASSUR782'),
(925, 925, 'Ticino', '0689431989', 'ASSUR796'),
(926, 926, 'Lucerne', '0659565821', 'ASSUR305'),
(927, 927, 'Nidwalden', '0623651562', 'ASSUR277'),
(928, 928, 'Valais', '0658721511', 'ASSUR216'),
(929, 929, 'Uri', '0656172165', 'ASSUR915'),
(930, 930, 'Bern', '0655831223', 'ASSUR497'),
(931, 931, 'Aargau', '0620598603', 'ASSUR561'),
(932, 932, 'Schaffhausen', '0693497466', 'ASSUR882'),
(933, 933, 'Basel-Landschaft', '0634850267', 'ASSUR425'),
(934, 934, 'Zurich', '0644096378', 'ASSUR925'),
(935, 935, 'St. Gallen', '0668842193', 'ASSUR219'),
(936, 936, 'Schwyz', '0696060221', 'ASSUR123'),
(937, 937, 'Zurich', '0612452241', 'ASSUR205'),
(938, 938, 'Zug', '0670057106', 'ASSUR631'),
(939, 939, 'Lucerne', '0649593911', 'ASSUR956'),
(940, 940, 'Graubünden', '0649719592', 'ASSUR949'),
(941, 941, 'Aargau', '0616363276', 'ASSUR160'),
(942, 942, 'Appenzell Ausserrhoden', '0688341934', 'ASSUR559'),
(943, 943, 'Vaud', '0666422963', 'ASSUR349'),
(944, 944, 'Zurich', '0678714113', 'ASSUR425'),
(945, 945, 'Zurich', '0693839009', 'ASSUR949'),
(946, 946, 'Zurich', '0680275803', 'ASSUR604'),
(947, 947, 'Schwyz', '0661549173', 'ASSUR158'),
(948, 948, 'Zurich', '0621596371', 'ASSUR799'),
(949, 949, 'Fribourg', '0667381563', 'ASSUR372'),
(950, 950, 'Lucerne', '0661537313', 'ASSUR953'),
(951, 951, 'Zurich', '0616703398', 'ASSUR517'),
(952, 952, 'Vaud', '0671268296', 'ASSUR374'),
(953, 953, 'Vaud', '0631784808', 'ASSUR974'),
(954, 954, 'Zurich', '0692161816', 'ASSUR385'),
(955, 955, 'Zurich', '0697055796', 'ASSUR301'),
(956, 956, 'Neuchâtel', '0666667709', 'ASSUR323'),
(957, 957, 'Valais', '0670522964', 'ASSUR282'),
(958, 958, 'Valais', '0677075566', 'ASSUR325'),
(959, 959, 'Zug', '0656985415', 'ASSUR208'),
(960, 960, 'Zug', '0698824120', 'ASSUR379'),
(961, 961, 'Lucerne', '0656434894', 'ASSUR888'),
(962, 962, 'Zurich', '0695888267', 'ASSUR688'),
(963, 963, 'Basel-Landschaft', '0647172331', 'ASSUR167'),
(964, 964, 'Aargau', '0691896664', 'ASSUR342'),
(965, 965, 'Zurich', '0675795725', 'ASSUR655'),
(966, 966, 'Bern', '0699841112', 'ASSUR145'),
(967, 967, 'Schaffhausen', '0674164911', 'ASSUR987'),
(968, 968, 'Graubünden', '0621701287', 'ASSUR529'),
(969, 969, 'Solothurn', '0610267952', 'ASSUR164'),
(970, 970, 'Solothurn', '0637190716', 'ASSUR116'),
(971, 971, 'Zurich', '0655308747', 'ASSUR337'),
(972, 972, 'Zurich', '0681181994', 'ASSUR581'),
(973, 973, 'Neuchâtel', '0685404173', 'ASSUR965'),
(974, 974, 'Schwyz', '0653427517', 'ASSUR885'),
(975, 975, 'Aargau', '0617612333', 'ASSUR800'),
(976, 976, 'Valais', '0683603832', 'ASSUR874'),
(977, 977, 'Zurich', '0654835237', 'ASSUR605'),
(978, 978, 'Lucerne', '0640645942', 'ASSUR140'),
(979, 979, 'Zurich', '0694851233', 'ASSUR778'),
(980, 980, 'Zurich', '0686081401', 'ASSUR120'),
(981, 981, 'Zurich', '0687342577', 'ASSUR796'),
(982, 982, 'Basel-Stadt', '0662331313', 'ASSUR451'),
(983, 983, 'Zurich', '0632838159', 'ASSUR400'),
(984, 984, 'Neuchâtel', '0639369260', 'ASSUR735'),
(985, 985, 'Zurich', '0625468291', 'ASSUR690'),
(986, 986, 'Zurich', '0615460413', 'ASSUR830'),
(987, 987, 'Zurich', '0663857592', 'ASSUR658'),
(988, 988, 'Solothurn', '0649711063', 'ASSUR883'),
(989, 989, 'Aargau', '0682130230', 'ASSUR170'),
(990, 990, 'Appenzell Ausserrhoden', '0625570156', 'ASSUR892'),
(991, 991, 'St. Gallen', '0693140205', 'ASSUR910'),
(992, 992, 'Zurich', '0677269709', 'ASSUR806'),
(993, 993, 'Nidwalden', '0694533132', 'ASSUR848'),
(994, 994, 'Thurgau', '0662922065', 'ASSUR194'),
(995, 995, 'Zug', '0656568298', 'ASSUR264'),
(996, 996, 'Zurich', '0620591472', 'ASSUR364'),
(997, 997, 'Basel-Landschaft', '0615016638', 'ASSUR138'),
(998, 998, 'Zurich', '0667579456', 'ASSUR338'),
(999, 999, 'Uri', '0611127408', 'ASSUR603'),
(1000, 1000, 'Zug', '0657948971', 'ASSUR398'),
(1001, 1001, 'Solothurn', '0640841830', 'ASSUR451'),
(1002, 1002, 'Zurich', '0663197645', 'ASSUR498'),
(1003, 1003, 'Bern', '0699958876', 'ASSUR326'),
(1004, 1004, 'Aargau', '0668781467', 'ASSUR502'),
(1005, 1005, 'Zurich', '0651717786', 'ASSUR290'),
(1006, 1006, 'Zurich', '0638493932', 'ASSUR158'),
(1007, 1007, 'Zurich', '0631657255', 'ASSUR730'),
(1008, 1008, 'Zurich', '0622864401', 'ASSUR498'),
(1009, 1009, 'Graubünden', '0652193067', 'ASSUR551'),
(1010, 1010, 'Fribourg', '0682443120', 'ASSUR755'),
(1011, 1011, 'Schwyz', '0626141065', 'ASSUR486'),
(1012, 1012, 'Zurich', '0680846645', 'ASSUR181'),
(1013, 1013, 'Lucerne', '0621802409', 'ASSUR872'),
(1014, 1014, 'St. Gallen', '0617617904', 'ASSUR181'),
(1015, 1015, 'Zurich', '0634192238', 'ASSUR780'),
(1016, 1016, 'Bern', '0635779659', 'ASSUR180'),
(1017, 1017, 'Thurgau', '0679616569', 'ASSUR506'),
(1018, 1018, 'Uri', '0670139213', 'ASSUR713'),
(1019, 1019, 'Zurich', '0657909279', 'ASSUR305'),
(1020, 1020, 'Thurgau', '0612728283', 'ASSUR404'),
(1021, 1021, 'Zug', '0691954716', 'ASSUR862'),
(1022, 1022, 'Zurich', '0693463975', 'ASSUR788'),
(1023, 1023, 'Valais', '0646110621', 'ASSUR658'),
(1024, 1024, 'Ticino', '0668745754', 'ASSUR301'),
(1025, 1025, 'Neuchâtel', '0659113985', 'ASSUR540'),
(1026, 1026, 'Zurich', '0641836705', 'ASSUR261'),
(1027, 1027, 'Vaud', '0638895219', 'ASSUR298'),
(1028, 1028, 'Basel-Stadt', '0649385308', 'ASSUR638'),
(1029, 1029, 'Valais', '0674086618', 'ASSUR919'),
(1030, 1030, 'Zurich', '0630301816', 'ASSUR380'),
(1031, 1031, 'Vaud', '0626313274', 'ASSUR976'),
(1032, 1032, 'Zurich', '0620698911', 'ASSUR979'),
(1033, 1033, 'St. Gallen', '0680518651', 'ASSUR951'),
(1034, 1034, 'Schwyz', '0622599097', 'ASSUR769'),
(1035, 1035, 'Valais', '0687783618', 'ASSUR544'),
(1036, 1036, 'Geneva', '0658968120', 'ASSUR252'),
(1037, 1037, 'Zurich', '0686293223', 'ASSUR893'),
(1038, 1038, 'Zurich', '0613227822', 'ASSUR321'),
(1039, 1039, 'Ticino', '0658181633', 'ASSUR704'),
(1040, 1040, 'Zurich', '0684368090', 'ASSUR680'),
(1041, 1041, 'Bern', '0644882770', 'ASSUR630'),
(1042, 1042, 'Aargau', '0654419957', 'ASSUR984'),
(1043, 1043, 'Geneva', '0614052888', 'ASSUR652'),
(1044, 1044, 'Zurich', '0632630351', 'ASSUR681'),
(1045, 1045, 'Zug', '0660328144', 'ASSUR637'),
(1046, 1046, 'Vaud', '0611060087', 'ASSUR593'),
(1047, 1047, 'Zurich', '0640732334', 'ASSUR145'),
(1048, 1048, 'Zurich', '0676332816', 'ASSUR291'),
(1049, 1049, 'Zug', '0667404797', 'ASSUR683'),
(1050, 1050, 'Zurich', '0681577583', 'ASSUR696'),
(1051, 1051, 'Lucerne', '0679348196', 'ASSUR179'),
(1052, 1052, 'Geneva', '0666180233', 'ASSUR886'),
(1053, 1053, 'Vaud', '0698216564', 'ASSUR538'),
(1054, 1054, 'Bern', '0642923165', 'ASSUR137'),
(1055, 1055, 'Vaud', '0653267141', 'ASSUR653'),
(1056, 1056, 'Zurich', '0626574038', 'ASSUR296'),
(1057, 1057, 'Zurich', '0670648807', 'ASSUR768'),
(1058, 1058, 'Schwyz', '0649398648', 'ASSUR971'),
(1059, 1059, 'Schwyz', '0691123968', 'ASSUR731'),
(1060, 1060, 'Zurich', '0684835584', 'ASSUR507'),
(1061, 1061, 'Basel-Stadt', '0695480162', 'ASSUR857'),
(1062, 1062, 'Aargau', '0612069403', 'ASSUR653'),
(1063, 1063, 'Appenzell Innerrhoden', '0652508938', 'ASSUR106'),
(1064, 1064, 'Zug', '0610328082', 'ASSUR880'),
(1065, 1065, 'Neuchâtel', '0671796741', 'ASSUR985'),
(1066, 1066, 'Zurich', '0631352194', 'ASSUR600'),
(1067, 1067, 'Aargau', '0639765034', 'ASSUR176'),
(1068, 1068, 'Bern', '0610116808', 'ASSUR125');
INSERT INTO `contact` (`id_contact`, `id_patient`, `adresse`, `telephone`, `num_assurance`) VALUES
(1069, 1069, 'Basel-Stadt', '0650511368', 'ASSUR268'),
(1070, 1070, 'Thurgau', '0625101566', 'ASSUR280'),
(1071, 1071, 'Zurich', '0668387661', 'ASSUR459'),
(1072, 1072, 'Solothurn', '0676052020', 'ASSUR242'),
(1073, 1073, 'Bern', '0618790056', 'ASSUR164'),
(1074, 1074, 'St. Gallen', '0654878172', 'ASSUR738'),
(1075, 1075, 'Thurgau', '0668495099', 'ASSUR541'),
(1076, 1076, 'Lucerne', '0611664140', 'ASSUR306'),
(1077, 1077, 'Aargau', '0643215231', 'ASSUR997'),
(1078, 1078, 'Appenzell Innerrhoden', '0644720766', 'ASSUR533'),
(1079, 1079, 'Vaud', '0656487427', 'ASSUR378'),
(1080, 1080, 'Vaud', '0621153848', 'ASSUR760'),
(1081, 1081, 'Zurich', '0630712178', 'ASSUR309'),
(1082, 1082, 'Zurich', '0634073120', 'ASSUR124'),
(1083, 1083, 'Zurich', '0614356119', 'ASSUR231'),
(1084, 1084, 'Zug', '0630399086', 'ASSUR231'),
(1085, 1085, 'Schwyz', '0632392902', 'ASSUR520'),
(1086, 1086, 'Thurgau', '0648118128', 'ASSUR811'),
(1087, 1087, 'St. Gallen', '0697835259', 'ASSUR435'),
(1088, 1088, 'Zurich', '0612933358', 'ASSUR640'),
(1089, 1089, 'Bern', '0668401370', 'ASSUR576'),
(1090, 1090, 'Appenzell Innerrhoden', '0653058908', 'ASSUR535'),
(1091, 1091, 'Zurich', '0630449823', 'ASSUR612'),
(1092, 1092, 'Zurich', '0682671577', 'ASSUR186'),
(1093, 1093, 'Ticino', '0617062543', 'ASSUR313'),
(1094, 1094, 'Fribourg', '0669748893', 'ASSUR431'),
(1095, 1095, 'Ticino', '0667383819', 'ASSUR127'),
(1096, 1096, 'Neuchâtel', '0698875376', 'ASSUR268'),
(1097, 1097, 'Basel-Stadt', '0673608592', 'ASSUR473'),
(1098, 1098, 'Zurich', '0629309246', 'ASSUR490'),
(1099, 1099, 'Vaud', '0679133088', 'ASSUR611'),
(1100, 1100, 'Zug', '0645247029', 'ASSUR859'),
(1101, 1101, 'Zurich', '0672792671', 'ASSUR131'),
(1102, 1102, 'Zurich', '0620682401', 'ASSUR487'),
(1103, 1103, 'Graubünden', '0655308165', 'ASSUR285'),
(1104, 1104, 'Valais', '0617943766', 'ASSUR687'),
(1105, 1105, 'Lucerne', '0691858472', 'ASSUR963');

-- --------------------------------------------------------

--
-- Table structure for table `facture`
--

INSERT INTO `équipement` (`id_équipement`, `nom`, `type`) VALUES
(1, 'Scanner', 'Imagerie'),
(2, 'Lit médical', 'Mobilier');


INSERT INTO `service` (`id_service`, `nom_service`, `id_equipement_origine`, `id_equipement_attribue`) VALUES
(1, 'Radiologie', 1, 2),
(2, 'Urgences', 2, 1);

-- --------------------------------------------------------



--

INSERT INTO `locaux` (`id_locaux`, `id_service`, `localisation`, `fonctions`) VALUES
(1, 1, 'Bâtiment A', 'Radiologie'),
(2, 2, 'Bâtiment B', 'Urgences');
--

INSERT INTO `stockage` (`id_locaux`, `description`) VALUES
(1, 'Stockage radiologie'),
(2, 'Stockage urgences');
-- --------------------------------------------------------


INSERT INTO `chambre` (`id_chambre`, `id_locaux`) VALUES
(1, 1),
(2, 2);
--
-- Dumping data for table `facture`
--




-- --------------------------------------------------------

--
-- Table structure for table `hospitalisation`


--
-- Dumping data for table `hospitalisation`
--

INSERT INTO `hospitalisation` (`id_hospitalisation`, `id_médecin`, `id_patient`, `motif`, `id_chambre`, `id_infirmier`) VALUES
(1, 6, 427, 'Observation post-opératoire', 1, 8),
(2, 1, 6, 'Traitement infection', 2, 7),
(3, 6, 739, 'Rééducation', 2, 8),
(4, 6, 278, 'Surveillance cardiaque', 2, 7),
(5, 5, 129, 'Chirurgie programmée', 1, 7),
(6, 1, 999, 'Soins palliatifs', 1, 7),
(7, 5, 421, 'Accident grave', 1, 8),
(8, 1, 1063, 'Complications diabète', 1, 2),
(9, 6, 1058, 'Transfusion sanguine', 1, 7),
(10, 4, 102, 'Soins intensifs', 2, 2),
(11, 6, 538, 'Observation post-opératoire', 2, 8),
(12, 1, 579, 'Traitement infection', 2, 2),
(13, 5, 565, 'Rééducation', 2, 8),
(14, 1, 662, 'Surveillance cardiaque', 2, 7),
(15, 1, 901, 'Chirurgie programmée', 1, 8),
(16, 1, 852, 'Soins palliatifs', 1, 8),
(17, 4, 443, 'Accident grave', 1, 8),
(18, 4, 823, 'Complications diabète', 2, 2),
(19, 1, 960, 'Transfusion sanguine', 1, 8),
(20, 5, 217, 'Soins intensifs', 2, 8),
(21, 1, 126, 'Observation post-opératoire', 1, 7),
(22, 6, 441, 'Traitement infection', 2, 8),
(23, 6, 388, 'Rééducation', 2, 2),
(24, 1, 1048, 'Surveillance cardiaque', 2, 8),
(25, 1, 619, 'Chirurgie programmée', 2, 7),
(26, 5, 771, 'Soins palliatifs', 1, 2),
(27, 6, 425, 'Accident grave', 2, 8),
(28, 1, 707, 'Complications diabète', 2, 2),
(29, 1, 809, 'Transfusion sanguine', 1, 8),
(30, 4, 515, 'Soins intensifs', 1, 8),
(31, 1, 3, 'Observation post-opératoire', 1, 8),
(32, 6, 403, 'Traitement infection', 2, 8),
(33, 6, 943, 'Rééducation', 2, 8),
(34, 6, 511, 'Surveillance cardiaque', 1, 8),
(35, 4, 239, 'Chirurgie programmée', 2, 2),
(36, 1, 1062, 'Soins palliatifs', 1, 8),
(37, 1, 170, 'Accident grave', 2, 2),
(38, 4, 325, 'Complications diabète', 1, 2),
(39, 1, 810, 'Transfusion sanguine', 2, 2),
(40, 5, 852, 'Soins intensifs', 2, 7),
(41, 6, 789, 'Observation post-opératoire', 1, 2),
(42, 4, 847, 'Traitement infection', 1, 2),
(43, 1, 103, 'Rééducation', 1, 7),
(44, 6, 507, 'Surveillance cardiaque', 1, 7),
(45, 4, 33, 'Chirurgie programmée', 2, 8),
(46, 6, 1062, 'Soins palliatifs', 2, 7),
(47, 6, 959, 'Accident grave', 1, 7),
(48, 6, 284, 'Complications diabète', 2, 8),
(49, 1, 90, 'Transfusion sanguine', 2, 8),
(50, 1, 861, 'Soins intensifs', 2, 7),
(51, 4, 189, 'Observation post-opératoire', 1, 2),
(52, 5, 1099, 'Traitement infection', 2, 7),
(53, 1, 557, 'Rééducation', 1, 2),
(54, 4, 902, 'Surveillance cardiaque', 2, 7),
(55, 5, 181, 'Chirurgie programmée', 2, 7),
(56, 4, 1012, 'Soins palliatifs', 2, 2),
(57, 1, 530, 'Accident grave', 2, 7),
(58, 4, 674, 'Complications diabète', 2, 7),
(59, 1, 844, 'Transfusion sanguine', 1, 7),
(60, 5, 993, 'Soins intensifs', 1, 8),
(61, 6, 405, 'Observation post-opératoire', 2, 2),
(62, 1, 323, 'Traitement infection', 2, 8),
(63, 5, 375, 'Rééducation', 2, 8),
(64, 1, 17, 'Surveillance cardiaque', 1, 2),
(65, 5, 29, 'Chirurgie programmée', 2, 2),
(66, 1, 1023, 'Soins palliatifs', 1, 8),
(67, 4, 485, 'Accident grave', 2, 7),
(68, 6, 150, 'Complications diabète', 2, 2),
(69, 4, 641, 'Transfusion sanguine', 2, 2),
(70, 1, 278, 'Soins intensifs', 2, 2),
(71, 5, 3, 'Observation post-opératoire', 2, 8),
(72, 5, 714, 'Traitement infection', 1, 8),
(73, 6, 986, 'Rééducation', 2, 8),
(74, 6, 456, 'Surveillance cardiaque', 1, 7),
(75, 4, 214, 'Chirurgie programmée', 1, 2),
(76, 1, 1001, 'Soins palliatifs', 2, 8),
(77, 5, 508, 'Accident grave', 2, 2),
(78, 5, 976, 'Complications diabète', 2, 8),
(79, 1, 365, 'Transfusion sanguine', 1, 8),
(80, 1, 280, 'Soins intensifs', 1, 2),
(81, 6, 410, 'Observation post-opératoire', 2, 2),
(82, 5, 97, 'Traitement infection', 1, 2),
(83, 4, 603, 'Rééducation', 1, 7),
(84, 6, 119, 'Surveillance cardiaque', 1, 7),
(85, 6, 893, 'Chirurgie programmée', 2, 8),
(86, 1, 374, 'Soins palliatifs', 2, 8),
(87, 4, 191, 'Accident grave', 1, 7),
(88, 6, 320, 'Complications diabète', 2, 7),
(89, 4, 285, 'Transfusion sanguine', 1, 8),
(90, 4, 515, 'Soins intensifs', 2, 7),
(91, 6, 403, 'Observation post-opératoire', 1, 8),
(92, 5, 209, 'Traitement infection', 2, 2),
(93, 5, 599, 'Rééducation', 1, 2),
(94, 5, 822, 'Surveillance cardiaque', 2, 8),
(95, 4, 808, 'Chirurgie programmée', 1, 2),
(96, 4, 530, 'Soins palliatifs', 1, 2),
(97, 1, 196, 'Accident grave', 1, 7),
(98, 5, 542, 'Complications diabète', 1, 7),
(99, 6, 551, 'Transfusion sanguine', 1, 2),
(100, 5, 559, 'Soins intensifs', 1, 7);

-- --------------------------------------------------------

--
-- Table structure for table `infirmier`



-- --------------------------------------------------------

--


--
-- Dumping data for table `locaux`
--


--
-- Dumping data for table `médecin`
--


-- --------------------------------------------------------


--
-- Dumping data for table `médicament`
--



-- --------------------------------------------------------



--
-- Dumping data for table `patient`
--



-- --------------------------------------------------------



--
-- Dumping data for table `personnel`
--


--
-- Dumping data for table `prescription`
--

-- --------------------------------------------------------



--
-- Dumping data for table `profil_médical`
--


-- --------------------------------------------------------


--
-- Dumping data for table `service`
--



-- --------------------------------------------------------


--
-- Dumping data for table `suivi`
--

INSERT INTO `suivi` (`id_hospitalisation`, `id_infirmier`) VALUES
(1, 2);

-- --------------------------------------------------------



--
-- Dumping data for table `urgence`
--

INSERT INTO `urgence` (`id_urgence`, `id_patient`, `id_médecin`, `date`, `description`) VALUES
(1, 614, 4, '2022-08-11 19:38:37', 'Douleur thoracique'),
(2, 237, 4, '2022-02-22 07:21:43', 'Fièvre élevée'),
(3, 627, 1, '2024-02-03 09:20:07', 'Blessure sportive'),
(4, 317, 6, '2022-12-13 18:50:36', 'Accident domestique'),
(5, 870, 5, '2020-04-07 15:38:56', 'Intoxication alimentaire'),
(6, 386, 4, '2024-01-31 01:01:46', 'Perte de connaissance'),
(7, 466, 1, '2021-03-27 01:27:23', 'Brûlure'),
(8, 719, 4, '2021-05-26 15:59:44', 'Fracture'),
(9, 200, 1, '2022-01-09 11:11:53', 'Malaise'),
(10, 1062, 4, '2023-09-12 07:37:31', 'Crise asthme'),
(11, 985, 4, '2021-12-04 17:50:00', 'Douleur thoracique'),
(12, 539, 1, '2022-02-22 10:25:37', 'Fièvre élevée'),
(13, 38, 5, '2022-12-15 04:52:18', 'Blessure sportive'),
(14, 297, 6, '2021-06-11 21:49:49', 'Accident domestique'),
(15, 269, 1, '2021-10-21 02:59:30', 'Intoxication alimentaire'),
(16, 730, 6, '2022-12-03 11:03:19', 'Perte de connaissance'),
(17, 916, 5, '2021-05-12 07:55:01', 'Brûlure'),
(18, 753, 5, '2024-09-07 04:22:59', 'Fracture'),
(19, 67, 6, '2024-02-09 03:41:25', 'Malaise'),
(20, 406, 4, '2021-10-24 13:19:26', 'Crise asthme'),
(21, 186, 1, '2024-07-22 21:33:31', 'Douleur thoracique'),
(22, 744, 6, '2023-06-28 05:36:44', 'Fièvre élevée'),
(23, 63, 6, '2023-09-09 21:49:20', 'Blessure sportive'),
(24, 63, 5, '2022-12-24 21:14:57', 'Accident domestique'),
(25, 901, 4, '2021-09-27 14:41:48', 'Intoxication alimentaire'),
(26, 969, 4, '2025-04-02 14:59:39', 'Perte de connaissance'),
(27, 89, 4, '2023-10-25 23:46:09', 'Brûlure'),
(28, 665, 5, '2021-07-12 12:18:32', 'Fracture'),
(29, 599, 5, '2023-12-12 18:07:44', 'Malaise'),
(30, 812, 5, '2022-03-12 10:22:07', 'Crise asthme'),
(31, 708, 6, '2023-12-22 01:01:10', 'Douleur thoracique'),
(32, 712, 4, '2024-08-09 07:42:23', 'Fièvre élevée'),
(33, 321, 1, '2022-06-12 18:53:36', 'Blessure sportive'),
(34, 1023, 4, '2021-02-23 20:03:38', 'Accident domestique'),
(35, 173, 6, '2024-07-03 22:48:52', 'Intoxication alimentaire'),
(36, 241, 4, '2020-03-02 18:05:35', 'Perte de connaissance'),
(37, 1087, 1, '2024-11-01 15:54:58', 'Brûlure'),
(38, 979, 6, '2025-04-16 06:33:18', 'Fracture'),
(39, 498, 1, '2024-01-08 22:40:57', 'Malaise'),
(40, 168, 5, '2023-03-30 21:57:58', 'Crise asthme'),
(41, 313, 6, '2022-03-15 07:30:31', 'Douleur thoracique'),
(42, 628, 5, '2024-05-30 11:24:50', 'Fièvre élevée'),
(43, 402, 1, '2022-01-15 02:11:41', 'Blessure sportive'),
(44, 656, 4, '2024-02-23 05:27:54', 'Accident domestique'),
(45, 254, 6, '2023-10-27 13:47:35', 'Intoxication alimentaire'),
(46, 900, 4, '2024-01-29 08:55:12', 'Perte de connaissance'),
(47, 505, 1, '2022-09-02 01:31:53', 'Brûlure'),
(48, 50, 5, '2021-11-15 21:12:40', 'Fracture'),
(49, 237, 4, '2024-02-25 15:30:27', 'Malaise'),
(50, 902, 1, '2023-01-06 13:33:48', 'Crise asthme'),
(51, 612, 5, '2020-08-07 12:38:19', 'Douleur thoracique'),
(52, 637, 6, '2025-02-26 07:04:01', 'Fièvre élevée'),
(53, 292, 4, '2023-08-30 17:25:30', 'Blessure sportive'),
(54, 750, 5, '2021-02-20 13:06:32', 'Accident domestique'),
(55, 146, 4, '2021-08-20 01:37:30', 'Intoxication alimentaire'),
(56, 510, 6, '2023-06-26 07:46:11', 'Perte de connaissance'),
(57, 348, 6, '2022-09-19 18:42:18', 'Brûlure'),
(58, 172, 4, '2021-01-09 10:40:10', 'Fracture'),
(59, 692, 6, '2022-04-14 07:04:44', 'Malaise'),
(60, 841, 5, '2022-07-30 04:48:30', 'Crise asthme'),
(61, 993, 5, '2023-09-12 14:40:44', 'Douleur thoracique'),
(62, 952, 4, '2021-08-24 08:47:39', 'Fièvre élevée'),
(63, 383, 1, '2022-09-19 17:16:57', 'Blessure sportive'),
(64, 736, 1, '2024-03-03 13:22:54', 'Accident domestique'),
(65, 982, 4, '2020-01-07 03:51:06', 'Intoxication alimentaire'),
(66, 42, 6, '2021-10-05 13:41:27', 'Perte de connaissance'),
(67, 1061, 4, '2021-02-25 11:23:39', 'Brûlure'),
(68, 689, 4, '2021-06-15 12:00:25', 'Fracture'),
(69, 882, 4, '2025-04-07 11:06:11', 'Malaise'),
(70, 435, 5, '2024-03-01 02:30:46', 'Crise asthme'),
(71, 17, 5, '2020-10-26 08:09:18', 'Douleur thoracique'),
(72, 226, 1, '2021-10-27 06:47:56', 'Fièvre élevée'),
(73, 799, 6, '2021-02-09 10:26:16', 'Blessure sportive'),
(74, 1046, 1, '2020-09-17 07:30:15', 'Accident domestique'),
(75, 496, 5, '2021-04-08 04:24:36', 'Intoxication alimentaire'),
(76, 937, 5, '2020-11-10 11:07:32', 'Perte de connaissance'),
(77, 979, 5, '2022-12-10 09:59:35', 'Brûlure'),
(78, 553, 1, '2022-07-19 09:14:08', 'Fracture'),
(79, 266, 5, '2023-08-18 00:36:43', 'Malaise'),
(80, 451, 5, '2020-06-13 15:33:17', 'Crise asthme'),
(81, 805, 4, '2024-09-06 12:15:23', 'Douleur thoracique'),
(82, 446, 5, '2024-06-07 20:55:11', 'Fièvre élevée'),
(83, 5, 5, '2023-03-25 09:46:41', 'Blessure sportive'),
(84, 303, 6, '2025-01-30 10:26:25', 'Accident domestique'),
(85, 78, 5, '2025-02-09 06:56:25', 'Intoxication alimentaire'),
(86, 985, 5, '2023-06-25 21:08:46', 'Perte de connaissance'),
(87, 59, 5, '2022-03-17 03:29:53', 'Brûlure'),
(88, 152, 6, '2021-12-12 15:56:40', 'Fracture'),
(89, 224, 5, '2021-01-17 12:04:10', 'Malaise'),
(90, 310, 5, '2024-05-17 06:40:37', 'Crise asthme'),
(91, 430, 6, '2021-02-07 11:46:03', 'Douleur thoracique'),
(92, 744, 4, '2020-09-20 11:22:45', 'Fièvre élevée'),
(93, 67, 4, '2020-07-18 04:28:13', 'Blessure sportive'),
(94, 106, 4, '2020-05-25 04:04:22', 'Accident domestique'),
(95, 393, 6, '2023-03-30 03:49:38', 'Intoxication alimentaire'),
(96, 419, 4, '2021-10-14 05:25:06', 'Perte de connaissance'),
(97, 305, 5, '2022-05-09 12:17:12', 'Brûlure'),
(98, 46, 1, '2020-02-22 22:26:52', 'Fracture'),
(99, 185, 4, '2021-08-12 07:05:46', 'Malaise'),
(100, 513, 5, '2022-06-07 02:22:00', 'Crise asthme');

-- --------------------------------------------------------


--
-- Dumping data for table `équipement`
--

--
-- Indexes for dumped tables
